# Blender v2.82 (sub 7) OBJ File: 'hidrant_1.blend'
# www.blender.org
mtllib hidrant_1.mtl
o Circle.001
v -0.075606 -1.512111 -0.784041
v -0.317888 -1.512111 -0.745668
v -0.536453 -1.512111 -0.634303
v -0.709908 -1.512111 -0.460848
v -0.821273 -1.512111 -0.242282
v -0.859647 -1.512111 -0.000000
v -0.821273 -1.512111 0.242282
v -0.709908 -1.512111 0.460847
v -0.536453 -1.512111 0.634302
v -0.317887 -1.512111 0.745667
v -0.075605 -1.512111 0.784041
v 0.166677 -1.512111 0.745667
v 0.385243 -1.512111 0.634302
v 0.558697 -1.512111 0.460847
v 0.670062 -1.512111 0.242281
v 0.708436 -1.512111 -0.000001
v 0.670062 -1.512111 -0.242283
v 0.558697 -1.512111 -0.460849
v 0.385241 -1.512111 -0.634304
v 0.166675 -1.512111 -0.745668
v -0.075606 -1.445956 -0.784041
v -0.317888 -1.445956 -0.745668
v -0.536453 -1.445956 -0.634303
v -0.709908 -1.445956 -0.460848
v -0.821273 -1.445956 -0.242282
v -0.859647 -1.445956 -0.000000
v -0.821273 -1.445956 0.242282
v -0.709908 -1.445956 0.460847
v -0.536453 -1.445956 0.634302
v -0.317887 -1.445956 0.745667
v -0.075605 -1.445956 0.784041
v 0.166677 -1.445956 0.745667
v 0.385243 -1.445956 0.634302
v 0.558697 -1.445956 0.460847
v 0.670062 -1.445956 0.242281
v 0.708436 -1.445956 -0.000001
v 0.670062 -1.445956 -0.242283
v 0.558697 -1.445956 -0.460849
v 0.385241 -1.445956 -0.634304
v 0.166675 -1.445956 -0.745668
v -0.075606 -1.445956 -0.671940
v -0.283246 -1.445956 -0.639053
v -0.470562 -1.445956 -0.543611
v -0.619216 -1.445956 -0.394956
v -0.714658 -1.445956 -0.207641
v -0.747545 -1.445956 -0.000000
v -0.714658 -1.445956 0.207640
v -0.619216 -1.445956 0.394956
v -0.470562 -1.445956 0.543610
v -0.283246 -1.445956 0.639052
v -0.075605 -1.445956 0.671939
v 0.132035 -1.445956 0.639052
v 0.319351 -1.445956 0.543610
v 0.468005 -1.445956 0.394955
v 0.563447 -1.445956 0.207640
v 0.596334 -1.445956 -0.000001
v 0.563447 -1.445956 -0.207642
v 0.468004 -1.445956 -0.394957
v 0.319350 -1.445956 -0.543611
v 0.132034 -1.445956 -0.639053
v -0.075606 -1.391264 -0.671940
v -0.283246 -1.391264 -0.639053
v -0.470562 -1.391264 -0.543611
v -0.619216 -1.391264 -0.394956
v -0.714658 -1.391264 -0.207641
v -0.747545 -1.391264 -0.000000
v -0.714658 -1.391264 0.207640
v -0.619216 -1.391264 0.394956
v -0.470562 -1.391264 0.543610
v -0.283246 -1.391264 0.639052
v -0.075605 -1.391264 0.671939
v 0.132035 -1.391264 0.639052
v 0.319351 -1.391264 0.543610
v 0.468005 -1.391264 0.394955
v 0.563447 -1.391264 0.207640
v 0.596334 -1.391264 -0.000001
v 0.563447 -1.391264 -0.207642
v 0.468004 -1.391264 -0.394957
v 0.319350 -1.391264 -0.543611
v 0.132034 -1.391264 -0.639053
v -0.075606 -1.391264 -0.671940
v -0.283246 -1.391264 -0.639053
v -0.470562 -1.391264 -0.543611
v -0.619216 -1.391264 -0.394956
v -0.714658 -1.391264 -0.207641
v -0.747545 -1.391264 -0.000000
v -0.714658 -1.391264 0.207640
v -0.619216 -1.391264 0.394956
v -0.470562 -1.391264 0.543610
v -0.283246 -1.391264 0.639052
v -0.075605 -1.391264 0.671939
v 0.132035 -1.391264 0.639052
v 0.319351 -1.391264 0.543610
v 0.468005 -1.391264 0.394955
v 0.563447 -1.391264 0.207640
v 0.596334 -1.391264 -0.000001
v 0.563447 -1.391264 -0.207642
v 0.468004 -1.391264 -0.394957
v 0.319350 -1.391264 -0.543611
v 0.132034 -1.391264 -0.639053
v -0.075606 -1.391264 -0.600654
v -0.261218 -1.391264 -0.571256
v -0.428661 -1.391264 -0.485939
v -0.561545 -1.391264 -0.353056
v -0.646861 -1.391264 -0.185612
v -0.676259 -1.391264 -0.000000
v -0.646861 -1.391264 0.185612
v -0.561545 -1.391264 0.353055
v -0.428661 -1.391264 0.485939
v -0.261218 -1.391264 0.571255
v -0.075605 -1.391264 0.600653
v 0.110007 -1.391264 0.571255
v 0.277450 -1.391264 0.485938
v 0.410334 -1.391264 0.353055
v 0.495650 -1.391264 0.185611
v 0.525048 -1.391264 -0.000001
v 0.495650 -1.391264 -0.185613
v 0.410333 -1.391264 -0.353056
v 0.277449 -1.391264 -0.485940
v 0.110006 -1.391264 -0.571256
v -0.075606 -0.838880 -0.600654
v -0.261218 -0.838880 -0.571256
v -0.428661 -0.838880 -0.485939
v -0.561545 -0.838880 -0.353056
v -0.646861 -0.838880 -0.185612
v -0.676259 -0.838880 -0.000000
v -0.646861 -0.838880 0.185612
v -0.561545 -0.838880 0.353055
v -0.428661 -0.838880 0.485939
v -0.261218 -0.838880 0.571255
v -0.075605 -0.838880 0.600653
v 0.110007 -0.838880 0.571255
v 0.277450 -0.838880 0.485938
v 0.410334 -0.838880 0.353055
v 0.495650 -0.838880 0.185611
v 0.525048 -0.838880 -0.000001
v 0.495650 -0.838880 -0.185613
v 0.410333 -0.838880 -0.353056
v 0.277449 -0.838880 -0.485940
v 0.110006 -0.838880 -0.571256
v -0.075606 -0.838880 -0.651325
v -0.276876 -0.838880 -0.619447
v -0.458445 -0.838880 -0.526933
v -0.602538 -0.838880 -0.382840
v -0.695052 -0.838880 -0.201271
v -0.726930 -0.838880 -0.000000
v -0.695052 -0.838880 0.201270
v -0.602538 -0.838880 0.382839
v -0.458445 -0.838880 0.526933
v -0.276876 -0.838880 0.619446
v -0.075605 -0.838880 0.651325
v 0.125665 -0.838880 0.619446
v 0.307234 -0.838880 0.526932
v 0.451328 -0.838880 0.382839
v 0.543841 -0.838880 0.201270
v 0.575719 -0.838880 -0.000001
v 0.543841 -0.838880 -0.201271
v 0.451327 -0.838880 -0.382840
v 0.307233 -0.838880 -0.526934
v 0.125664 -0.838880 -0.619447
v -0.075606 -0.778720 -0.651325
v -0.276876 -0.778720 -0.619447
v -0.458445 -0.778720 -0.526933
v -0.602538 -0.778720 -0.382840
v -0.695052 -0.778720 -0.201271
v -0.726930 -0.778720 -0.000000
v -0.695052 -0.778720 0.201270
v -0.602538 -0.778720 0.382839
v -0.458445 -0.778720 0.526933
v -0.276876 -0.778720 0.619446
v -0.075605 -0.778720 0.651325
v 0.125665 -0.778720 0.619446
v 0.307234 -0.778720 0.526932
v 0.451328 -0.778720 0.382839
v 0.543841 -0.778720 0.201270
v 0.575719 -0.778720 -0.000001
v 0.543841 -0.778720 -0.201271
v 0.451327 -0.778720 -0.382840
v 0.307233 -0.778720 -0.526934
v 0.125664 -0.778720 -0.619447
v -0.075606 -0.778720 -0.591220
v -0.258303 -0.778720 -0.562284
v -0.423116 -0.778720 -0.478307
v -0.553912 -0.778720 -0.347511
v -0.637889 -0.778720 -0.182697
v -0.666825 -0.778720 -0.000000
v -0.637889 -0.778720 0.182697
v -0.553912 -0.778720 0.347510
v -0.423116 -0.778720 0.478307
v -0.258302 -0.778720 0.562283
v -0.075605 -0.778720 0.591219
v 0.107092 -0.778720 0.562283
v 0.271905 -0.778720 0.478306
v 0.402702 -0.778720 0.347510
v 0.486678 -0.778720 0.182696
v 0.515614 -0.778720 -0.000001
v 0.486678 -0.778720 -0.182698
v 0.402701 -0.778720 -0.347511
v 0.271904 -0.778720 -0.478308
v 0.107091 -0.778720 -0.562284
v -0.075606 -0.778720 -0.591220
v -0.258303 -0.778720 -0.562284
v -0.423116 -0.778720 -0.478307
v -0.553912 -0.778720 -0.347511
v -0.637889 -0.778720 -0.182697
v -0.666825 -0.778720 -0.000000
v -0.637889 -0.778720 0.182697
v -0.553912 -0.778720 0.347510
v -0.423116 -0.778720 0.478307
v -0.258302 -0.778720 0.562283
v -0.075605 -0.778720 0.591219
v 0.107092 -0.778720 0.562283
v 0.271905 -0.778720 0.478306
v 0.402702 -0.778720 0.347510
v 0.486678 -0.778720 0.182696
v 0.515614 -0.778720 -0.000001
v 0.486678 -0.778720 -0.182698
v 0.402701 -0.778720 -0.347511
v 0.271904 -0.778720 -0.478308
v 0.107091 -0.778720 -0.562284
v -0.075606 1.021544 -0.591220
v -0.258303 1.021544 -0.562284
v -0.423116 1.021544 -0.478307
v -0.553912 1.021544 -0.347511
v -0.637889 1.021544 -0.182697
v -0.666825 1.021544 -0.000000
v -0.637889 1.021544 0.182697
v -0.553912 1.021544 0.347510
v -0.423116 1.021544 0.478307
v -0.258302 1.021544 0.562283
v -0.075605 1.021544 0.591219
v 0.107092 1.021544 0.562283
v 0.271905 1.021544 0.478306
v 0.402702 1.021544 0.347510
v 0.486678 1.021544 0.182696
v 0.515614 1.021544 -0.000001
v 0.486678 1.021544 -0.182698
v 0.402701 1.021544 -0.347511
v 0.271904 1.021544 -0.478308
v 0.107091 1.021544 -0.562284
v -0.075606 1.021544 -0.765307
v -0.312098 1.021544 -0.727850
v -0.525442 1.021544 -0.619147
v -0.694752 1.021544 -0.449836
v -0.803456 1.021544 -0.236493
v -0.840912 1.021544 -0.000000
v -0.803456 1.021544 0.236493
v -0.694752 1.021544 0.449836
v -0.525442 1.021544 0.619146
v -0.312098 1.021544 0.727850
v -0.075605 1.021544 0.765306
v 0.160888 1.021544 0.727850
v 0.374231 1.021544 0.619146
v 0.543541 1.021544 0.449835
v 0.652245 1.021544 0.236492
v 0.689701 1.021544 -0.000001
v 0.652244 1.021544 -0.236494
v 0.543540 1.021544 -0.449837
v 0.374230 1.021544 -0.619147
v 0.160886 1.021544 -0.727851
v -0.075606 1.085351 -0.765307
v -0.312098 1.085351 -0.727850
v -0.525442 1.085351 -0.619147
v -0.694752 1.085351 -0.449836
v -0.803456 1.085351 -0.236493
v -0.840912 1.085351 -0.000000
v -0.803456 1.085351 0.236493
v -0.694752 1.085351 0.449836
v -0.525442 1.085351 0.619146
v -0.312098 1.085351 0.727850
v -0.075605 1.085351 0.765306
v 0.160888 1.085351 0.727850
v 0.374231 1.085351 0.619146
v 0.543541 1.085351 0.449835
v 0.652245 1.085351 0.236492
v 0.689701 1.085351 -0.000001
v 0.652244 1.085351 -0.236494
v 0.543540 1.085351 -0.449837
v 0.374230 1.085351 -0.619147
v 0.160886 1.085351 -0.727851
v -0.075606 1.086556 -0.681563
v -0.286220 1.086556 -0.648205
v -0.476218 1.086556 -0.551396
v -0.627001 1.086556 -0.400613
v -0.723810 1.086556 -0.210615
v -0.757168 1.086556 -0.000000
v -0.723810 1.086556 0.210614
v -0.627001 1.086556 0.400612
v -0.476218 1.086556 0.551396
v -0.286220 1.086556 0.648204
v -0.075605 1.086556 0.681562
v 0.135009 1.086556 0.648204
v 0.325007 1.086556 0.551395
v 0.475791 1.086556 0.400612
v 0.572599 1.086556 0.210614
v 0.605957 1.086556 -0.000001
v 0.572599 1.086556 -0.210616
v 0.475790 1.086556 -0.400614
v 0.325006 1.086556 -0.551397
v 0.135008 1.086556 -0.648205
v -0.075606 1.112094 -0.681563
v -0.286220 1.112094 -0.648205
v -0.476218 1.112094 -0.551396
v -0.627001 1.112094 -0.400613
v -0.723810 1.112094 -0.210615
v -0.757168 1.112094 -0.000000
v -0.723810 1.112094 0.210614
v -0.627001 1.112094 0.400612
v -0.476218 1.112094 0.551396
v -0.286220 1.112094 0.648204
v -0.075605 1.112094 0.681562
v 0.135009 1.112094 0.648204
v 0.325007 1.112094 0.551395
v 0.475791 1.112094 0.400612
v 0.572599 1.112094 0.210614
v 0.605957 1.112094 -0.000001
v 0.572599 1.112094 -0.210616
v 0.475790 1.112094 -0.400614
v 0.325006 1.112094 -0.551397
v 0.135008 1.112094 -0.648205
v -0.075606 1.112094 -0.590831
v -0.258182 1.112094 -0.561913
v -0.422887 1.112094 -0.477992
v -0.553597 1.112094 -0.347282
v -0.637519 1.112094 -0.182577
v -0.666436 1.112094 -0.000000
v -0.637519 1.112094 0.182576
v -0.553597 1.112094 0.347281
v -0.422887 1.112094 0.477992
v -0.258182 1.112094 0.561913
v -0.075605 1.112094 0.590830
v 0.106971 1.112094 0.561913
v 0.271676 1.112094 0.477991
v 0.402387 1.112094 0.347281
v 0.486308 1.112094 0.182576
v 0.515225 1.112094 -0.000001
v 0.486307 1.112094 -0.182578
v 0.402386 1.112094 -0.347282
v 0.271675 1.112094 -0.477993
v 0.106970 1.112094 -0.561914
v -0.075606 1.149158 -0.576975
v -0.253900 1.149158 -0.548736
v -0.414743 1.149158 -0.466782
v -0.542388 1.149158 -0.339137
v -0.624341 1.149158 -0.178295
v -0.652580 1.149158 -0.000000
v -0.624341 1.149158 0.178295
v -0.542388 1.149158 0.339137
v -0.414743 1.149158 0.466782
v -0.253900 1.149158 0.548735
v -0.075605 1.149158 0.576974
v 0.102690 1.149158 0.548735
v 0.263532 1.149158 0.466781
v 0.391177 1.149158 0.339136
v 0.473130 1.149158 0.178294
v 0.501369 1.149158 -0.000001
v 0.473129 1.149158 -0.178296
v 0.391176 1.149158 -0.339138
v 0.263531 1.149158 -0.466783
v 0.102688 1.149158 -0.548736
v -0.075606 1.194734 -0.555493
v -0.247262 1.194734 -0.528305
v -0.402116 1.194734 -0.449403
v -0.525008 1.194734 -0.326511
v -0.603911 1.194734 -0.171657
v -0.631098 1.194734 -0.000000
v -0.603910 1.194734 0.171656
v -0.525008 1.194734 0.326510
v -0.402116 1.194734 0.449403
v -0.247262 1.194734 0.528304
v -0.075605 1.194734 0.555492
v 0.096051 1.194734 0.528304
v 0.250905 1.194734 0.449402
v 0.373798 1.194734 0.326510
v 0.452699 1.194734 0.171656
v 0.479887 1.194734 -0.000001
v 0.452699 1.194734 -0.171658
v 0.373797 1.194734 -0.326511
v 0.250904 1.194734 -0.449404
v 0.096050 1.194734 -0.528306
v -0.075606 1.231195 -0.539878
v -0.242437 1.231195 -0.513454
v -0.392938 1.231195 -0.436770
v -0.512375 1.231195 -0.317332
v -0.589060 1.231195 -0.166832
v -0.615483 1.231195 -0.000000
v -0.589059 1.231195 0.166831
v -0.512375 1.231195 0.317332
v -0.392937 1.231195 0.436770
v -0.242437 1.231195 0.513453
v -0.075605 1.231195 0.539877
v 0.091226 1.231195 0.513453
v 0.241727 1.231195 0.436769
v 0.361165 1.231195 0.317331
v 0.437848 1.231195 0.166830
v 0.464272 1.231195 -0.000001
v 0.437848 1.231195 -0.166832
v 0.361164 1.231195 -0.317333
v 0.241726 1.231195 -0.436771
v 0.091225 1.231195 -0.513455
v -0.075606 1.258541 -0.521589
v -0.236785 1.258541 -0.496060
v -0.382187 1.258541 -0.421974
v -0.497579 1.258541 -0.306582
v -0.571666 1.258541 -0.161180
v -0.597194 1.258541 -0.000000
v -0.571665 1.258541 0.161179
v -0.497579 1.258541 0.306581
v -0.382187 1.258541 0.421973
v -0.236785 1.258541 0.496059
v -0.075605 1.258541 0.521588
v 0.085574 1.258541 0.496059
v 0.230977 1.258541 0.421973
v 0.346368 1.258541 0.306581
v 0.420454 1.258541 0.161179
v 0.445983 1.258541 -0.000001
v 0.420454 1.258541 -0.161181
v 0.346368 1.258541 -0.306583
v 0.230976 1.258541 -0.421974
v 0.085573 1.258541 -0.496061
v -0.075606 1.285887 -0.510530
v -0.233368 1.285887 -0.485543
v -0.375688 1.285887 -0.413028
v -0.488633 1.285887 -0.300082
v -0.561148 1.285887 -0.157763
v -0.586136 1.285887 -0.000000
v -0.561148 1.285887 0.157762
v -0.488633 1.285887 0.300082
v -0.375688 1.285887 0.413027
v -0.233368 1.285887 0.485542
v -0.075605 1.285887 0.510529
v 0.082157 1.285887 0.485542
v 0.224477 1.285887 0.413027
v 0.337422 1.285887 0.300081
v 0.409937 1.285887 0.157762
v 0.434924 1.285887 -0.000001
v 0.409937 1.285887 -0.157763
v 0.337421 1.285887 -0.300083
v 0.224476 1.285887 -0.413028
v 0.082156 1.285887 -0.485543
v -0.075606 1.317790 -0.487148
v -0.226142 1.317790 -0.463305
v -0.361944 1.317790 -0.394111
v -0.469716 1.317790 -0.286339
v -0.538910 1.317790 -0.150537
v -0.562753 1.317790 -0.000000
v -0.538910 1.317790 0.150537
v -0.469716 1.317790 0.286338
v -0.361944 1.317790 0.394110
v -0.226142 1.317790 0.463304
v -0.075605 1.317790 0.487147
v 0.074931 1.317790 0.463304
v 0.210733 1.317790 0.394110
v 0.318505 1.317790 0.286337
v 0.387699 1.317790 0.150536
v 0.411542 1.317790 -0.000001
v 0.387699 1.317790 -0.150538
v 0.318505 1.317790 -0.286339
v 0.210732 1.317790 -0.394111
v 0.074931 1.317790 -0.463306
v -0.075606 1.345136 -0.472323
v -0.221561 1.345136 -0.449206
v -0.353230 1.345136 -0.382118
v -0.457723 1.345136 -0.277625
v -0.524811 1.345136 -0.145956
v -0.547928 1.345136 -0.000000
v -0.524811 1.345136 0.145955
v -0.457723 1.345136 0.277624
v -0.353230 1.345136 0.382117
v -0.221561 1.345136 0.449205
v -0.075605 1.345136 0.472322
v 0.070350 1.345136 0.449205
v 0.202019 1.345136 0.382117
v 0.306512 1.345136 0.277624
v 0.373600 1.345136 0.145955
v 0.396717 1.345136 -0.000001
v 0.373600 1.345136 -0.145957
v 0.306511 1.345136 -0.277625
v 0.202018 1.345136 -0.382118
v 0.070350 1.345136 -0.449206
v -0.075606 1.377039 -0.454474
v -0.216046 1.377039 -0.432230
v -0.342738 1.377039 -0.367677
v -0.443282 1.377039 -0.267133
v -0.507835 1.377039 -0.140440
v -0.530079 1.377039 -0.000000
v -0.507835 1.377039 0.140440
v -0.443282 1.377039 0.267132
v -0.342738 1.377039 0.367676
v -0.216045 1.377039 0.432229
v -0.075605 1.377039 0.454473
v 0.064835 1.377039 0.432229
v 0.191527 1.377039 0.367676
v 0.292071 1.377039 0.267132
v 0.356624 1.377039 0.140439
v 0.378868 1.377039 -0.000001
v 0.356624 1.377039 -0.140441
v 0.292071 1.377039 -0.267134
v 0.191527 1.377039 -0.367677
v 0.064834 1.377039 -0.432231
v -0.075606 1.399827 -0.444583
v -0.212989 1.399827 -0.422824
v -0.336925 1.399827 -0.359675
v -0.435281 1.399827 -0.261320
v -0.498429 1.399827 -0.137384
v -0.520188 1.399827 -0.000000
v -0.498429 1.399827 0.137383
v -0.435281 1.399827 0.261319
v -0.336925 1.399827 0.359675
v -0.212989 1.399827 0.422823
v -0.075605 1.399827 0.444582
v 0.061778 1.399827 0.422823
v 0.185714 1.399827 0.359674
v 0.284070 1.399827 0.261319
v 0.347218 1.399827 0.137383
v 0.368977 1.399827 -0.000001
v 0.347218 1.399827 -0.137384
v 0.284069 1.399827 -0.261320
v 0.185713 1.399827 -0.359676
v 0.061777 1.399827 -0.422824
v -0.075606 1.399827 -0.444583
v -0.212989 1.399827 -0.422824
v -0.336925 1.399827 -0.359675
v -0.435281 1.399827 -0.261320
v -0.498429 1.399827 -0.137384
v -0.520188 1.399827 -0.000000
v -0.498429 1.399827 0.137383
v -0.435281 1.399827 0.261319
v -0.336925 1.399827 0.359675
v -0.212989 1.399827 0.422823
v -0.075605 1.399827 0.444582
v 0.061778 1.399827 0.422823
v 0.185714 1.399827 0.359674
v 0.284070 1.399827 0.261319
v 0.347218 1.399827 0.137383
v 0.368977 1.399827 -0.000001
v 0.347218 1.399827 -0.137384
v 0.284069 1.399827 -0.261320
v 0.185713 1.399827 -0.359676
v 0.061777 1.399827 -0.422824
v -0.075606 1.425148 -0.432489
v -0.209252 1.425148 -0.411322
v -0.329816 1.425148 -0.349891
v -0.425496 1.425148 -0.254211
v -0.486927 1.425148 -0.133647
v -0.508094 1.425148 -0.000000
v -0.486927 1.425148 0.133646
v -0.425496 1.425148 0.254210
v -0.329816 1.425148 0.349890
v -0.209252 1.425148 0.411321
v -0.075605 1.425148 0.432488
v 0.058041 1.425148 0.411321
v 0.178605 1.425148 0.349890
v 0.274285 1.425148 0.254210
v 0.335716 1.425148 0.133646
v 0.356883 1.425148 -0.000001
v 0.335716 1.425148 -0.133647
v 0.274285 1.425148 -0.254211
v 0.178605 1.425148 -0.349891
v 0.058040 1.425148 -0.411322
v -0.075606 1.463128 -0.414981
v -0.203842 1.463128 -0.394670
v -0.319525 1.463128 -0.335727
v -0.411332 1.463128 -0.243920
v -0.470275 1.463128 -0.128236
v -0.490586 1.463128 -0.000000
v -0.470275 1.463128 0.128236
v -0.411332 1.463128 0.243919
v -0.319525 1.463128 0.335726
v -0.203841 1.463128 0.394669
v -0.075605 1.463128 0.414980
v 0.052631 1.463128 0.394669
v 0.168314 1.463128 0.335726
v 0.260121 1.463128 0.243919
v 0.319064 1.463128 0.128235
v 0.339375 1.463128 -0.000001
v 0.319064 1.463128 -0.128237
v 0.260120 1.463128 -0.243920
v 0.168313 1.463128 -0.335727
v 0.052630 1.463128 -0.394670
v -0.075606 1.501108 -0.397212
v -0.198351 1.501108 -0.377771
v -0.309081 1.501108 -0.321351
v -0.396957 1.501108 -0.233476
v -0.453376 1.501108 -0.122746
v -0.472817 1.501108 -0.000000
v -0.453376 1.501108 0.122745
v -0.396957 1.501108 0.233475
v -0.309081 1.501108 0.321351
v -0.198351 1.501108 0.377770
v -0.075605 1.501108 0.397211
v 0.047140 1.501108 0.377770
v 0.157870 1.501108 0.321350
v 0.245746 1.501108 0.233475
v 0.302165 1.501108 0.122744
v 0.321606 1.501108 -0.000001
v 0.302165 1.501108 -0.122746
v 0.245745 1.501108 -0.233476
v 0.157869 1.501108 -0.321352
v 0.047139 1.501108 -0.377771
v -0.075606 1.539088 -0.382097
v -0.193680 1.539088 -0.363396
v -0.300196 1.539088 -0.309123
v -0.384728 1.539088 -0.224591
v -0.439001 1.539088 -0.118075
v -0.457702 1.539088 -0.000000
v -0.439001 1.539088 0.118074
v -0.384728 1.539088 0.224590
v -0.300196 1.539088 0.309122
v -0.193680 1.539088 0.363395
v -0.075605 1.539088 0.382096
v 0.042469 1.539088 0.363395
v 0.148985 1.539088 0.309122
v 0.233517 1.539088 0.224590
v 0.287790 1.539088 0.118074
v 0.306491 1.539088 -0.000001
v 0.287790 1.539088 -0.118075
v 0.233517 1.539088 -0.224591
v 0.148985 1.539088 -0.309123
v 0.042468 1.539088 -0.363396
v -0.075606 1.570738 -0.372050
v -0.190575 1.570738 -0.353840
v -0.294291 1.570738 -0.300995
v -0.376600 1.570738 -0.218686
v -0.429446 1.570738 -0.114970
v -0.447655 1.570738 -0.000000
v -0.429446 1.570738 0.114969
v -0.376600 1.570738 0.218685
v -0.294291 1.570738 0.300994
v -0.190575 1.570738 0.353840
v -0.075605 1.570738 0.372049
v 0.039364 1.570738 0.353840
v 0.143080 1.570738 0.300994
v 0.225389 1.570738 0.218685
v 0.278235 1.570738 0.114969
v 0.296444 1.570738 -0.000001
v 0.278234 1.570738 -0.114970
v 0.225389 1.570738 -0.218686
v 0.143079 1.570738 -0.300995
v 0.039363 1.570738 -0.353841
v -0.075606 1.592893 -0.356213
v -0.185681 1.592893 -0.338779
v -0.284982 1.592893 -0.288182
v -0.363788 1.592893 -0.209377
v -0.414384 1.592893 -0.110076
v -0.431818 1.592893 -0.000000
v -0.414384 1.592893 0.110075
v -0.363788 1.592893 0.209376
v -0.284982 1.592893 0.288181
v -0.185681 1.592893 0.338778
v -0.075605 1.592893 0.356212
v 0.034470 1.592893 0.338778
v 0.133771 1.592893 0.288181
v 0.212576 1.592893 0.209376
v 0.263173 1.592893 0.110075
v 0.280607 1.592893 -0.000001
v 0.263172 1.592893 -0.110077
v 0.212576 1.592893 -0.209377
v 0.133770 1.592893 -0.288183
v 0.034470 1.592893 -0.338779
v -0.075606 1.618214 -0.335370
v -0.179240 1.618214 -0.318955
v -0.272731 1.618214 -0.271320
v -0.346925 1.618214 -0.197125
v -0.394561 1.618214 -0.103635
v -0.410975 1.618214 -0.000000
v -0.394561 1.618214 0.103634
v -0.346925 1.618214 0.197125
v -0.272731 1.618214 0.271319
v -0.179240 1.618214 0.318955
v -0.075605 1.618214 0.335369
v 0.028029 1.618214 0.318955
v 0.121520 1.618214 0.271319
v 0.195714 1.618214 0.197124
v 0.243350 1.618214 0.103634
v 0.259764 1.618214 -0.000001
v 0.243349 1.618214 -0.103636
v 0.195714 1.618214 -0.197126
v 0.121519 1.618214 -0.271320
v 0.028029 1.618214 -0.318956
v -0.075606 1.646699 -0.301300
v -0.168712 1.646699 -0.286554
v -0.252705 1.646699 -0.243757
v -0.319362 1.646699 -0.177100
v -0.362159 1.646699 -0.093107
v -0.376905 1.646699 -0.000000
v -0.362159 1.646699 0.093106
v -0.319362 1.646699 0.177099
v -0.252705 1.646699 0.243756
v -0.168712 1.646699 0.286553
v -0.075606 1.646699 0.301299
v 0.017501 1.646699 0.286553
v 0.101494 1.646699 0.243756
v 0.168151 1.646699 0.177099
v 0.210948 1.646699 0.093106
v 0.225694 1.646699 -0.000001
v 0.210947 1.646699 -0.093107
v 0.168151 1.646699 -0.177100
v 0.101494 1.646699 -0.243757
v 0.017501 1.646699 -0.286554
v -0.075606 1.646699 -0.301300
v -0.168712 1.646699 -0.286554
v -0.252705 1.646699 -0.243757
v -0.319362 1.646699 -0.177100
v -0.362159 1.646699 -0.093107
v -0.376905 1.646699 -0.000000
v -0.362159 1.646699 0.093106
v -0.319362 1.646699 0.177099
v -0.252705 1.646699 0.243756
v -0.168712 1.646699 0.286553
v -0.075606 1.646699 0.301299
v 0.017501 1.646699 0.286553
v 0.101494 1.646699 0.243756
v 0.168151 1.646699 0.177099
v 0.210948 1.646699 0.093106
v 0.225694 1.646699 -0.000001
v 0.210947 1.646699 -0.093107
v 0.168151 1.646699 -0.177100
v 0.101494 1.646699 -0.243757
v 0.017501 1.646699 -0.286554
v -0.075606 1.646699 -0.301300
v -0.168712 1.646699 -0.286554
v -0.252705 1.646699 -0.243757
v -0.319362 1.646699 -0.177100
v -0.362159 1.646699 -0.093107
v -0.376905 1.646699 -0.000000
v -0.362159 1.646699 0.093106
v -0.319362 1.646699 0.177099
v -0.252705 1.646699 0.243756
v -0.168712 1.646699 0.286553
v -0.075606 1.646699 0.301299
v 0.017501 1.646699 0.286553
v 0.101494 1.646699 0.243756
v 0.168151 1.646699 0.177099
v 0.210948 1.646699 0.093106
v 0.225694 1.646699 -0.000001
v 0.210947 1.646699 -0.093107
v 0.168151 1.646699 -0.177100
v 0.101494 1.646699 -0.243757
v 0.017501 1.646699 -0.286554
v -0.075606 1.675184 -0.270236
v -0.159113 1.675184 -0.257010
v -0.234446 1.675184 -0.218626
v -0.294231 1.675184 -0.158841
v -0.332615 1.675184 -0.083508
v -0.345841 1.675184 -0.000000
v -0.332615 1.675184 0.083507
v -0.294231 1.675184 0.158840
v -0.234446 1.675184 0.218625
v -0.159113 1.675184 0.257009
v -0.075606 1.675184 0.270235
v 0.007902 1.675184 0.257009
v 0.083235 1.675184 0.218625
v 0.143020 1.675184 0.158840
v 0.181404 1.675184 0.083507
v 0.194630 1.675184 -0.000001
v 0.181404 1.675184 -0.083508
v 0.143020 1.675184 -0.158841
v 0.083235 1.675184 -0.218626
v 0.007901 1.675184 -0.257010
v -0.075606 1.703669 -0.220994
v -0.143896 1.703669 -0.210178
v -0.205503 1.703669 -0.178788
v -0.254393 1.703669 -0.129897
v -0.285783 1.703669 -0.068291
v -0.296599 1.703669 -0.000000
v -0.285783 1.703669 0.068290
v -0.254393 1.703669 0.129896
v -0.205503 1.703669 0.178787
v -0.143896 1.703669 0.210177
v -0.075606 1.703669 0.220993
v -0.007315 1.703669 0.210177
v 0.054291 1.703669 0.178787
v 0.103182 1.703669 0.129896
v 0.134572 1.703669 0.068290
v 0.145388 1.703669 -0.000001
v 0.134572 1.703669 -0.068292
v 0.103182 1.703669 -0.129898
v 0.054291 1.703669 -0.178788
v -0.007315 1.703669 -0.210178
v -0.075606 1.738484 -0.220994
v -0.143896 1.738484 -0.210178
v -0.205503 1.738484 -0.178788
v -0.254393 1.738484 -0.129897
v -0.285783 1.738484 -0.068291
v -0.296599 1.738484 -0.000000
v -0.285783 1.738484 0.068290
v -0.254393 1.738484 0.129896
v -0.205503 1.738484 0.178787
v -0.143896 1.738484 0.210177
v -0.075606 1.738484 0.220993
v -0.007315 1.738484 0.210177
v 0.054291 1.738484 0.178787
v 0.103182 1.738484 0.129896
v 0.134572 1.738484 0.068290
v 0.145388 1.738484 -0.000001
v 0.134572 1.738484 -0.068292
v 0.103182 1.738484 -0.129898
v 0.054291 1.738484 -0.178788
v -0.007315 1.738484 -0.210178
v -0.075606 1.738484 -0.183753
v -0.132388 1.738484 -0.174759
v -0.183613 1.738484 -0.148659
v -0.224264 1.738484 -0.108007
v -0.250364 1.738484 -0.056783
v -0.259358 1.738484 -0.000000
v -0.250364 1.738484 0.056782
v -0.224264 1.738484 0.108006
v -0.183613 1.738484 0.148658
v -0.132388 1.738484 0.174758
v -0.075606 1.738484 0.183752
v -0.018823 1.738484 0.174758
v 0.032401 1.738484 0.148658
v 0.073053 1.738484 0.108006
v 0.099153 1.738484 0.056782
v 0.108147 1.738484 -0.000001
v 0.099153 1.738484 -0.056783
v 0.073053 1.738484 -0.108008
v 0.032401 1.738484 -0.148659
v -0.018823 1.738484 -0.174760
v -0.075606 1.770134 -0.183753
v -0.132388 1.770134 -0.174759
v -0.183613 1.770134 -0.148659
v -0.224264 1.770134 -0.108007
v -0.250364 1.770134 -0.056783
v -0.259358 1.770134 -0.000000
v -0.250364 1.770134 0.056782
v -0.224264 1.770134 0.108006
v -0.183613 1.770134 0.148658
v -0.132388 1.770134 0.174758
v -0.075606 1.770134 0.183752
v -0.018823 1.770134 0.174758
v 0.032401 1.770134 0.148658
v 0.073053 1.770134 0.108006
v 0.099153 1.770134 0.056782
v 0.108147 1.770134 -0.000001
v 0.099153 1.770134 -0.056783
v 0.073053 1.770134 -0.108008
v 0.032401 1.770134 -0.148659
v -0.018823 1.770134 -0.174760
v -0.075606 1.770134 -0.088038
v -0.102811 1.770134 -0.083729
v -0.127353 1.770134 -0.071225
v -0.146830 1.770134 -0.051748
v -0.159334 1.770134 -0.027206
v -0.163643 1.770134 -0.000001
v -0.159334 1.770134 0.027205
v -0.146830 1.770134 0.051747
v -0.127353 1.770134 0.071224
v -0.102811 1.770134 0.083728
v -0.075606 1.770134 0.088037
v -0.048400 1.770134 0.083728
v -0.023858 1.770134 0.071224
v -0.004382 1.770134 0.051747
v 0.008123 1.770134 0.027205
v 0.012432 1.770134 -0.000001
v 0.008123 1.770134 -0.027206
v -0.004382 1.770134 -0.051748
v -0.023858 1.770134 -0.071225
v -0.048401 1.770134 -0.083729
v -0.075606 1.975861 -0.088038
v -0.102811 1.975861 -0.083729
v -0.127353 1.975861 -0.071225
v -0.146830 1.975861 -0.051748
v -0.159334 1.975861 -0.027206
v -0.163643 1.975861 -0.000001
v -0.159334 1.975861 0.027205
v -0.146830 1.975861 0.051747
v -0.127353 1.975861 0.071224
v -0.102811 1.975861 0.083728
v -0.075606 1.975861 0.088037
v -0.048400 1.975861 0.083728
v -0.023858 1.975861 0.071224
v -0.004382 1.975861 0.051747
v 0.008123 1.975861 0.027205
v 0.012432 1.975861 -0.000001
v 0.008123 1.975861 -0.027206
v -0.004382 1.975861 -0.051748
v -0.023858 1.975861 -0.071225
v -0.048401 1.975861 -0.083729
vt 0.247515 0.703620
vt 0.255942 0.703620
vt 0.251952 0.677042
vt 0.243524 0.677042
vt 0.871459 0.397202
vt 0.879887 0.397202
vt 0.879887 0.364350
vt 0.871459 0.364350
vt 0.243524 0.774747
vt 0.251951 0.774747
vt 0.255942 0.748169
vt 0.247515 0.748169
vt 0.854685 0.333106
vt 0.863113 0.333106
vt 0.867104 0.306528
vt 0.858676 0.306528
vt 0.873557 0.428446
vt 0.881985 0.428446
vt 0.241426 0.805991
vt 0.249853 0.805991
vt 0.852587 0.364350
vt 0.861015 0.364350
vt 0.877548 0.455024
vt 0.885976 0.455024
vt 0.241426 0.838843
vt 0.249853 0.838843
vt 0.852587 0.397202
vt 0.861015 0.397202
vt 0.243524 0.581702
vt 0.251952 0.581702
vt 0.255942 0.555124
vt 0.247515 0.555124
vt 0.243524 0.870088
vt 0.251952 0.870088
vt 0.854685 0.428446
vt 0.863113 0.428446
vt 0.241426 0.612946
vt 0.249853 0.612946
vt 0.247515 0.896666
vt 0.255942 0.896666
vt 0.858676 0.455024
vt 0.867104 0.455024
vt 0.241426 0.645798
vt 0.249853 0.645798
vt 0.873557 0.333106
vt 0.881985 0.333106
vt 0.885976 0.306528
vt 0.877548 0.306528
vt 0.040169 0.182493
vt 0.053190 0.175678
vt 0.044721 0.148901
vt 0.030286 0.151249
vt 0.084837 0.041265
vt 0.091472 0.054642
vt 0.117538 0.045941
vt 0.115251 0.031113
vt 0.232196 0.151249
vt 0.217761 0.148901
vt 0.209292 0.175678
vt 0.222314 0.182493
vt 0.058966 0.209071
vt 0.069299 0.198455
vt 0.058965 0.060575
vt 0.069299 0.071191
vt 0.232196 0.118397
vt 0.217761 0.120746
vt 0.084837 0.228381
vt 0.091472 0.215004
vt 0.040168 0.087153
vt 0.053190 0.093969
vt 0.222314 0.087153
vt 0.209292 0.093969
vt 0.115251 0.238533
vt 0.117538 0.223705
vt 0.030286 0.118397
vt 0.044721 0.120746
vt 0.203517 0.060575
vt 0.193183 0.071191
vt 0.147231 0.238533
vt 0.144945 0.223705
vt 0.177645 0.041265
vt 0.171010 0.054642
vt 0.177645 0.228381
vt 0.171010 0.215004
vt 0.147231 0.031113
vt 0.144944 0.045941
vt 0.203517 0.209071
vt 0.193183 0.198455
vt 0.953140 0.219397
vt 0.960107 0.219397
vt 0.958309 0.192620
vt 0.951342 0.192620
vt 0.943108 0.352898
vt 0.950075 0.352898
vt 0.951873 0.326121
vt 0.944906 0.326121
vt 0.956560 0.242175
vt 0.963527 0.242175
vt 0.943108 0.381053
vt 0.950075 0.381053
vt 0.960748 0.326121
vt 0.967715 0.326121
vt 0.971135 0.303343
vt 0.964168 0.303343
vt 0.968981 0.137688
vt 0.975949 0.137688
vt 0.979369 0.114910
vt 0.972402 0.114910
vt 0.944906 0.407830
vt 0.951873 0.407830
vt 0.958950 0.352898
vt 0.965917 0.352898
vt 0.967183 0.164465
vt 0.974151 0.164465
vt 0.948326 0.430607
vt 0.955294 0.430607
vt 0.958950 0.381053
vt 0.965917 0.381053
vt 0.967183 0.192620
vt 0.974151 0.192620
vt 0.953140 0.137688
vt 0.960107 0.137688
vt 0.963527 0.114910
vt 0.956560 0.114910
vt 0.960748 0.407830
vt 0.967715 0.407830
vt 0.968981 0.219397
vt 0.975949 0.219397
vt 0.951342 0.164465
vt 0.958309 0.164465
vt 0.964168 0.430607
vt 0.971135 0.430607
vt 0.972402 0.242175
vt 0.979369 0.242175
vt 0.955294 0.303343
vt 0.948326 0.303343
vt 0.000000 0.000000
vt 0.000000 0.000000
vt 0.000000 0.000000
vt 0.000000 0.000000
vt 0.000000 0.000000
vt 0.000000 0.000000
vt 0.000000 0.000000
vt 0.000000 0.000000
vt 0.000000 0.000000
vt 0.000000 0.000000
vt 0.000000 0.000000
vt 0.000000 0.000000
vt 0.000000 0.000000
vt 0.000000 0.000000
vt 0.000000 0.000000
vt 0.000000 0.000000
vt 0.000000 0.000000
vt 0.000000 0.000000
vt 0.000000 0.000000
vt 0.000000 0.000000
vt 0.000000 0.000000
vt 0.000000 0.000000
vt 0.000000 0.000000
vt 0.000000 0.000000
vt 0.000000 0.000000
vt 0.000000 0.000000
vt 0.000000 0.000000
vt 0.000000 0.000000
vt 0.000000 0.000000
vt 0.000000 0.000000
vt 0.000000 0.000000
vt 0.000000 0.000000
vt 0.000000 0.000000
vt 0.000000 0.000000
vt 0.000000 0.000000
vt 0.000000 0.000000
vt 0.000000 0.000000
vt 0.000000 0.000000
vt 0.000000 0.000000
vt 0.000000 0.000000
vt 0.436900 0.676784
vt 0.430329 0.670033
vt 0.410508 0.684826
vt 0.414727 0.693333
vt 0.288438 0.627229
vt 0.297617 0.625735
vt 0.297617 0.600567
vt 0.288438 0.599074
vt 0.361255 0.524270
vt 0.362709 0.533699
vt 0.387208 0.533699
vt 0.388662 0.524270
vt 0.453010 0.654006
vt 0.444729 0.649671
vt 0.296907 0.654006
vt 0.305188 0.649671
vt 0.335189 0.532970
vt 0.339409 0.541476
vt 0.461479 0.627229
vt 0.452300 0.625735
vt 0.313017 0.676783
vt 0.319588 0.670033
vt 0.313017 0.549519
vt 0.319588 0.556270
vt 0.461479 0.599074
vt 0.452300 0.600567
vt 0.335189 0.693332
vt 0.339409 0.684826
vt 0.296907 0.572297
vt 0.305188 0.576631
vt 0.453010 0.572297
vt 0.444729 0.576631
vt 0.361255 0.702033
vt 0.362709 0.692603
vt 0.436900 0.549519
vt 0.430329 0.556270
vt 0.388662 0.702033
vt 0.387208 0.692603
vt 0.414727 0.532970
vt 0.410508 0.541476
vt 0.223328 0.697806
vt 0.152957 0.697806
vt 0.156014 0.718167
vt 0.226385 0.718167
vt 0.697865 0.017064
vt 0.627494 0.017064
vt 0.630552 0.037426
vt 0.700922 0.037426
vt 0.227993 0.594211
vt 0.157622 0.594211
vt 0.157622 0.619379
vt 0.227993 0.619379
vt 0.603376 0.110466
vt 0.533005 0.110466
vt 0.529948 0.130828
vt 0.600319 0.130828
vt 0.226385 0.570275
vt 0.156014 0.570275
vt 0.604983 0.086530
vt 0.534613 0.086530
vt 0.223328 0.549914
vt 0.152957 0.549914
vt 0.604983 0.061362
vt 0.534613 0.061362
vt 0.226385 0.791207
vt 0.156014 0.791207
vt 0.152957 0.811569
vt 0.223328 0.811569
vt 0.700922 0.110466
vt 0.630552 0.110466
vt 0.627494 0.130827
vt 0.697865 0.130827
vt 0.603376 0.037426
vt 0.533005 0.037426
vt 0.227993 0.767271
vt 0.157622 0.767271
vt 0.702530 0.086530
vt 0.632159 0.086530
vt 0.600319 0.017064
vt 0.529948 0.017064
vt 0.227993 0.742103
vt 0.157622 0.742103
vt 0.702530 0.061362
vt 0.632159 0.061362
vt 0.226385 0.643315
vt 0.156014 0.643315
vt 0.152957 0.663677
vt 0.223328 0.663677
vt 0.677023 0.387788
vt 0.683548 0.388850
vt 0.683548 0.361559
vt 0.677023 0.362620
vt 0.611932 0.295752
vt 0.612965 0.289050
vt 0.586399 0.289050
vt 0.587433 0.295752
vt 0.529912 0.411725
vt 0.524026 0.414805
vt 0.539641 0.436884
vt 0.544312 0.432086
vt 0.669453 0.411725
vt 0.675339 0.414805
vt 0.635232 0.303530
vt 0.638231 0.297483
vt 0.522341 0.387788
vt 0.515816 0.388850
vt 0.655052 0.432086
vt 0.659723 0.436884
vt 0.655053 0.318323
vt 0.659724 0.313524
vt 0.522341 0.362620
vt 0.515816 0.361559
vt 0.635232 0.446879
vt 0.638231 0.452926
vt 0.669453 0.338684
vt 0.675339 0.335603
vt 0.529912 0.338684
vt 0.524026 0.335603
vt 0.611932 0.454657
vt 0.612965 0.461359
vt 0.544312 0.318323
vt 0.539641 0.313524
vt 0.587432 0.454657
vt 0.586399 0.461359
vt 0.564132 0.303529
vt 0.561133 0.297483
vt 0.564132 0.446879
vt 0.561133 0.452926
vt 0.473742 0.848482
vt 0.481406 0.848482
vt 0.479663 0.822527
vt 0.471999 0.822527
vt 0.934883 0.162359
vt 0.942547 0.162359
vt 0.944290 0.136404
vt 0.936626 0.136404
vt 0.477057 0.870562
vt 0.484722 0.870562
vt 0.934883 0.189650
vt 0.942547 0.189650
vt 0.829099 0.850605
vt 0.836764 0.850605
vt 0.840079 0.828526
vt 0.832415 0.828526
vt 0.937629 0.404038
vt 0.929965 0.404038
vt 0.926649 0.426117
vt 0.934313 0.426117
vt 0.936626 0.215606
vt 0.944290 0.215606
vt 0.827356 0.876560
vt 0.835021 0.876560
vt 0.939372 0.378083
vt 0.931708 0.378083
vt 0.939941 0.237685
vt 0.947605 0.237685
vt 0.827356 0.903852
vt 0.835021 0.903852
vt 0.939372 0.350792
vt 0.931708 0.350792
vt 0.473742 0.769280
vt 0.481406 0.769280
vt 0.484722 0.747201
vt 0.477057 0.747201
vt 0.829099 0.929807
vt 0.836764 0.929807
vt 0.937629 0.324836
vt 0.929964 0.324836
vt 0.471999 0.795236
vt 0.479663 0.795236
vt 0.832415 0.951886
vt 0.840079 0.951886
vt 0.934313 0.302757
vt 0.926649 0.302757
vt 0.947605 0.114325
vt 0.939941 0.114325
vt 0.635009 0.687328
vt 0.631452 0.680155
vt 0.608518 0.687811
vt 0.609744 0.695761
vt 0.512595 0.595961
vt 0.520334 0.597220
vt 0.527786 0.573660
vt 0.520804 0.570005
vt 0.656502 0.547926
vt 0.650961 0.553618
vt 0.665135 0.573660
vt 0.672117 0.570005
vt 0.656502 0.671286
vt 0.650961 0.665594
vt 0.512595 0.623252
vt 0.520334 0.621993
vt 0.635009 0.531885
vt 0.631452 0.539057
vt 0.672117 0.649207
vt 0.665135 0.645553
vt 0.520804 0.649207
vt 0.527786 0.645553
vt 0.609743 0.523452
vt 0.608518 0.531402
vt 0.536419 0.671286
vt 0.541960 0.665595
vt 0.583177 0.523452
vt 0.584403 0.531402
vt 0.557912 0.687328
vt 0.561469 0.680156
vt 0.557912 0.531885
vt 0.561469 0.539057
vt 0.680326 0.623252
vt 0.672587 0.621993
vt 0.583178 0.695761
vt 0.584403 0.687811
vt 0.536419 0.547926
vt 0.541960 0.553618
vt 0.680326 0.595961
vt 0.672587 0.597220
vt 0.000000 0.000000
vt 0.000000 0.000000
vt 0.000000 0.000000
vt 0.000000 0.000000
vt 0.000000 0.000000
vt 0.000000 0.000000
vt 0.000000 0.000000
vt 0.000000 0.000000
vt 0.000000 0.000000
vt 0.000000 0.000000
vt 0.000000 0.000000
vt 0.000000 0.000000
vt 0.000000 0.000000
vt 0.000000 0.000000
vt 0.000000 0.000000
vt 0.000000 0.000000
vt 0.000000 0.000000
vt 0.000000 0.000000
vt 0.000000 0.000000
vt 0.000000 0.000000
vt 0.000000 0.000000
vt 0.000000 0.000000
vt 0.000000 0.000000
vt 0.000000 0.000000
vt 0.000000 0.000000
vt 0.000000 0.000000
vt 0.000000 0.000000
vt 0.000000 0.000000
vt 0.000000 0.000000
vt 0.000000 0.000000
vt 0.000000 0.000000
vt 0.000000 0.000000
vt 0.000000 0.000000
vt 0.000000 0.000000
vt 0.000000 0.000000
vt 0.000000 0.000000
vt 0.000000 0.000000
vt 0.000000 0.000000
vt 0.000000 0.000000
vt 0.000000 0.000000
vt 0.082908 0.568897
vt 0.082908 0.804501
vt 0.105842 0.806126
vt 0.105842 0.570523
vt 0.725058 0.215554
vt 0.725058 0.451158
vt 0.744567 0.448066
vt 0.744567 0.212462
vt 0.863538 0.538370
vt 0.863538 0.773974
vt 0.883047 0.770882
vt 0.883047 0.535278
vt 0.058794 0.568897
vt 0.058794 0.804501
vt 0.811329 0.535278
vt 0.811329 0.770882
vt 0.830838 0.773974
vt 0.830838 0.538370
vt 0.035859 0.570523
vt 0.035859 0.806126
vt 0.788394 0.533653
vt 0.788394 0.769257
vt 0.016350 0.573614
vt 0.016350 0.809218
vt 0.764280 0.533653
vt 0.764280 0.769257
vt 0.814550 0.212462
vt 0.814550 0.448066
vt 0.834059 0.451158
vt 0.834059 0.215554
vt 0.953030 0.535278
vt 0.953030 0.770882
vt 0.972539 0.773974
vt 0.972539 0.538370
vt 0.741345 0.535278
vt 0.741345 0.770882
vt 0.791616 0.210837
vt 0.791616 0.446441
vt 0.930096 0.533653
vt 0.930096 0.769257
vt 0.721836 0.538370
vt 0.721836 0.773974
vt 0.767501 0.210837
vt 0.767501 0.446441
vt 0.905981 0.533653
vt 0.905981 0.769257
vt 0.125351 0.809218
vt 0.125352 0.573614
vt 0.163097 0.471797
vt 0.173400 0.492570
vt 0.198654 0.473722
vt 0.182606 0.457236
vt 0.163097 0.330699
vt 0.173400 0.309925
vt 0.143713 0.300016
vt 0.140162 0.323043
vt 0.059430 0.365301
vt 0.039209 0.354716
vt 0.029563 0.385214
vt 0.051979 0.388861
vt 0.140162 0.479452
vt 0.143713 0.502480
vt 0.182606 0.345260
vt 0.198654 0.328774
vt 0.073605 0.345260
vt 0.057557 0.328774
vt 0.116048 0.479452
vt 0.112498 0.502480
vt 0.196780 0.365301
vt 0.217002 0.354717
vt 0.093114 0.330699
vt 0.082810 0.309925
vt 0.093114 0.471797
vt 0.082810 0.492570
vt 0.204232 0.388861
vt 0.226648 0.385214
vt 0.116048 0.323043
vt 0.112498 0.300016
vt 0.073604 0.457236
vt 0.057557 0.473722
vt 0.204232 0.413634
vt 0.226648 0.417281
vt 0.059430 0.437194
vt 0.039209 0.447779
vt 0.196780 0.437194
vt 0.217002 0.447779
vt 0.051979 0.413634
vt 0.029563 0.417281
vt 0.902288 0.425001
vt 0.894160 0.425001
vt 0.890264 0.450944
vt 0.898393 0.450944
vt 0.910606 0.425001
vt 0.918734 0.425001
vt 0.916686 0.394503
vt 0.908558 0.394503
vt 0.904336 0.394503
vt 0.896208 0.394503
vt 0.914501 0.450944
vt 0.922630 0.450944
vt 0.904336 0.362436
vt 0.896208 0.362436
vt 0.910522 0.236568
vt 0.902393 0.236568
vt 0.898498 0.262511
vt 0.906626 0.262511
vt 0.918840 0.143506
vt 0.926968 0.143506
vt 0.930864 0.117563
vt 0.922735 0.117563
vt 0.902288 0.331938
vt 0.894159 0.331938
vt 0.912570 0.206071
vt 0.904441 0.206071
vt 0.916791 0.174003
vt 0.924920 0.174003
vt 0.898393 0.305996
vt 0.890264 0.305996
vt 0.912570 0.174003
vt 0.904441 0.174003
vt 0.916792 0.206071
vt 0.924920 0.206071
vt 0.910606 0.331938
vt 0.918734 0.331938
vt 0.922630 0.305996
vt 0.914501 0.305996
vt 0.910522 0.143506
vt 0.902393 0.143506
vt 0.918840 0.236568
vt 0.926968 0.236568
vt 0.908558 0.362436
vt 0.916686 0.362436
vt 0.906626 0.117563
vt 0.898498 0.117563
vt 0.922735 0.262511
vt 0.930864 0.262511
vt 0.435882 0.222924
vt 0.430926 0.212931
vt 0.404487 0.221756
vt 0.406195 0.232833
vt 0.301691 0.178133
vt 0.311418 0.173041
vt 0.302828 0.145881
vt 0.292045 0.147635
vt 0.406195 0.030370
vt 0.404487 0.041447
vt 0.430926 0.050272
vt 0.435882 0.040279
vt 0.461136 0.204076
vt 0.453416 0.196145
vt 0.320039 0.204076
vt 0.327759 0.196145
vt 0.374980 0.030370
vt 0.376688 0.041447
vt 0.479484 0.178133
vt 0.469756 0.173041
vt 0.345292 0.222924
vt 0.350249 0.212931
vt 0.345292 0.040279
vt 0.350249 0.050272
vt 0.489130 0.147635
vt 0.478347 0.145881
vt 0.320039 0.059127
vt 0.327758 0.067058
vt 0.489130 0.115568
vt 0.478347 0.117322
vt 0.301691 0.085070
vt 0.311418 0.090162
vt 0.479484 0.085070
vt 0.469756 0.090162
vt 0.374980 0.232833
vt 0.376688 0.221756
vt 0.292045 0.115568
vt 0.302828 0.117323
vt 0.461136 0.059127
vt 0.453416 0.067058
vt 0.979538 0.432704
vt 0.982792 0.432704
vt 0.979323 0.409599
vt 0.976069 0.409599
vt 0.982479 0.194006
vt 0.985732 0.194006
vt 0.985732 0.165448
vt 0.982479 0.165448
vt 0.991995 0.540072
vt 0.995249 0.540072
vt 0.998718 0.516968
vt 0.995465 0.516968
vt 0.992078 0.409599
vt 0.988825 0.409599
vt 0.985356 0.432703
vt 0.988609 0.432703
vt 0.984303 0.221167
vt 0.987556 0.221167
vt 0.990171 0.567233
vt 0.993425 0.567233
vt 0.993902 0.382439
vt 0.990649 0.382439
vt 0.987772 0.244271
vt 0.991025 0.244271
vt 0.990171 0.595791
vt 0.993425 0.595791
vt 0.993902 0.353881
vt 0.990649 0.353881
vt 0.976069 0.326720
vt 0.979323 0.326720
vt 0.982792 0.303616
vt 0.979538 0.303616
vt 0.991995 0.622951
vt 0.995249 0.622951
vt 0.992078 0.326720
vt 0.988825 0.326720
vt 0.974245 0.353881
vt 0.977499 0.353881
vt 0.995465 0.646055
vt 0.998718 0.646055
vt 0.988609 0.303616
vt 0.985356 0.303616
vt 0.974245 0.382439
vt 0.977499 0.382439
vt 0.984303 0.138288
vt 0.987556 0.138288
vt 0.991025 0.115184
vt 0.987772 0.115184
vt 0.313741 0.315861
vt 0.322105 0.324453
vt 0.341601 0.309901
vt 0.336231 0.299074
vt 0.464329 0.366125
vt 0.452646 0.368026
vt 0.452646 0.392782
vt 0.464329 0.394683
vt 0.390469 0.470559
vt 0.388619 0.458557
vt 0.364520 0.458557
vt 0.362670 0.470559
vt 0.297400 0.338965
vt 0.307940 0.344481
vt 0.455738 0.338965
vt 0.445199 0.344481
vt 0.288810 0.366125
vt 0.300493 0.368026
vt 0.439398 0.315861
vt 0.431034 0.324453
vt 0.288810 0.394683
vt 0.300493 0.392782
vt 0.416908 0.299074
vt 0.411538 0.309901
vt 0.416908 0.461734
vt 0.411538 0.450907
vt 0.297401 0.421844
vt 0.307940 0.416327
vt 0.390469 0.290249
vt 0.388619 0.302251
vt 0.439398 0.444948
vt 0.431034 0.436355
vt 0.313741 0.444948
vt 0.322105 0.436355
vt 0.362670 0.290249
vt 0.364520 0.302251
vt 0.455738 0.421844
vt 0.445199 0.416327
vt 0.336231 0.461734
vt 0.341601 0.450907
vt 0.721982 0.108660
vt 0.727046 0.107817
vt 0.725502 0.084825
vt 0.720401 0.085115
vt 0.494051 0.781966
vt 0.499151 0.782256
vt 0.500695 0.759264
vt 0.495632 0.758421
vt 0.551389 0.781966
vt 0.556490 0.782256
vt 0.558034 0.759264
vt 0.552970 0.758421
vt 0.724990 0.128688
vt 0.729983 0.127376
vt 0.494051 0.806722
vt 0.499151 0.806432
vt 0.551389 0.806723
vt 0.556490 0.806432
vt 0.779321 0.036814
vt 0.784384 0.037656
vt 0.787321 0.018098
vt 0.782328 0.016785
vt 0.495632 0.830267
vt 0.500695 0.829425
vt 0.552970 0.830267
vt 0.558034 0.829425
vt 0.777740 0.060358
vt 0.782840 0.060649
vt 0.498639 0.850296
vt 0.503632 0.848983
vt 0.555978 0.850296
vt 0.560971 0.848983
vt 0.777740 0.085115
vt 0.782840 0.084825
vt 0.721982 0.036814
vt 0.727046 0.037656
vt 0.729983 0.018098
vt 0.724990 0.016785
vt 0.779321 0.108660
vt 0.784384 0.107817
vt 0.720401 0.060358
vt 0.725502 0.060649
vt 0.782328 0.128688
vt 0.787321 0.127376
vt 0.503632 0.739705
vt 0.498639 0.738393
vt 0.560971 0.739705
vt 0.555978 0.738393
vt 0.733382 0.038962
vt 0.736209 0.020132
vt 0.790720 0.106511
vt 0.789234 0.084375
vt 0.731895 0.061099
vt 0.793548 0.125341
vt 0.731895 0.084375
vt 0.507031 0.760570
vt 0.509859 0.741740
vt 0.564370 0.760570
vt 0.567197 0.741739
vt 0.733382 0.106511
vt 0.505545 0.782706
vt 0.562883 0.782706
vt 0.736209 0.125341
vt 0.505545 0.805982
vt 0.562883 0.805982
vt 0.790720 0.038962
vt 0.793548 0.020132
vt 0.507031 0.828119
vt 0.564370 0.828119
vt 0.789234 0.061099
vt 0.509859 0.846949
vt 0.567197 0.846949
vt 0.510617 0.805655
vt 0.510617 0.783034
vt 0.567955 0.805655
vt 0.567955 0.783034
vt 0.795750 0.039912
vt 0.798498 0.021611
vt 0.512061 0.827169
vt 0.569400 0.827169
vt 0.794306 0.061426
vt 0.514809 0.845470
vt 0.572148 0.845470
vt 0.794306 0.084047
vt 0.738412 0.039912
vt 0.741160 0.021611
vt 0.795750 0.105562
vt 0.736967 0.061426
vt 0.798498 0.123863
vt 0.736967 0.084047
vt 0.512061 0.761519
vt 0.514809 0.743218
vt 0.569400 0.761519
vt 0.572148 0.743218
vt 0.738412 0.105562
vt 0.741160 0.123863
vt 0.802340 0.122131
vt 0.799685 0.104450
vt 0.740951 0.083664
vt 0.740951 0.061809
vt 0.515996 0.762631
vt 0.518651 0.744950
vt 0.573335 0.762631
vt 0.575989 0.744950
vt 0.742346 0.104450
vt 0.514600 0.783417
vt 0.571939 0.783417
vt 0.745001 0.122131
vt 0.514600 0.805272
vt 0.571939 0.805272
vt 0.799685 0.041024
vt 0.802340 0.023343
vt 0.515996 0.826057
vt 0.573335 0.826057
vt 0.798289 0.061809
vt 0.518651 0.843738
vt 0.575989 0.843738
vt 0.798289 0.083664
vt 0.742346 0.041024
vt 0.745001 0.023343
vt 0.577091 0.825385
vt 0.575725 0.805040
vt 0.802075 0.062041
vt 0.803441 0.041696
vt 0.522351 0.842691
vt 0.519753 0.825385
vt 0.579690 0.842691
vt 0.802075 0.083433
vt 0.746103 0.041696
vt 0.748702 0.024390
vt 0.803441 0.103777
vt 0.744737 0.062041
vt 0.806040 0.121084
vt 0.744737 0.083433
vt 0.519753 0.763304
vt 0.522351 0.745997
vt 0.577091 0.763304
vt 0.579690 0.745997
vt 0.746103 0.103777
vt 0.518386 0.783648
vt 0.575725 0.783648
vt 0.748702 0.121084
vt 0.518386 0.805040
vt 0.806040 0.024390
vt 0.581732 0.764725
vt 0.584212 0.748212
vt 0.750744 0.102356
vt 0.749440 0.082943
vt 0.523090 0.784138
vt 0.524393 0.764725
vt 0.580428 0.784138
vt 0.753224 0.118869
vt 0.523090 0.804550
vt 0.580428 0.804550
vt 0.808082 0.043118
vt 0.810562 0.026604
vt 0.524393 0.823963
vt 0.581732 0.823963
vt 0.806779 0.062531
vt 0.526873 0.840477
vt 0.584212 0.840477
vt 0.806779 0.082943
vt 0.750744 0.043118
vt 0.753223 0.026604
vt 0.808082 0.102356
vt 0.749440 0.062531
vt 0.810562 0.118869
vt 0.526873 0.748212
vt 0.810668 0.082632
vt 0.810668 0.062841
vt 0.754593 0.044019
vt 0.756997 0.028008
vt 0.811932 0.101454
vt 0.753329 0.062841
vt 0.814336 0.117465
vt 0.753329 0.082632
vt 0.528243 0.765627
vt 0.530647 0.749616
vt 0.585581 0.765627
vt 0.587985 0.749616
vt 0.754593 0.101454
vt 0.526979 0.784449
vt 0.584317 0.784449
vt 0.756997 0.117465
vt 0.526979 0.804240
vt 0.584317 0.804240
vt 0.811932 0.044019
vt 0.814336 0.028008
vt 0.528243 0.823062
vt 0.585581 0.823062
vt 0.530647 0.839073
vt 0.587985 0.839073
vt 0.761411 0.115775
vt 0.759098 0.100369
vt 0.531531 0.803866
vt 0.531531 0.784823
vt 0.588870 0.803866
vt 0.588870 0.784823
vt 0.816436 0.045104
vt 0.818750 0.029698
vt 0.532747 0.821977
vt 0.590086 0.821977
vt 0.815220 0.063215
vt 0.535061 0.837383
vt 0.592399 0.837383
vt 0.815220 0.082258
vt 0.759098 0.045104
vt 0.761411 0.029698
vt 0.816436 0.100369
vt 0.757882 0.063215
vt 0.818750 0.115775
vt 0.757882 0.082258
vt 0.532747 0.766712
vt 0.535061 0.751306
vt 0.590086 0.766712
vt 0.592399 0.751306
vt 0.761055 0.063422
vt 0.762245 0.045706
vt 0.821846 0.114838
vt 0.819583 0.099768
vt 0.761055 0.082051
vt 0.535894 0.767313
vt 0.538157 0.752243
vt 0.593233 0.767313
vt 0.595496 0.752243
vt 0.762245 0.099768
vt 0.534705 0.785030
vt 0.592043 0.785030
vt 0.764508 0.114838
vt 0.534705 0.803659
vt 0.592043 0.803659
vt 0.819583 0.045706
vt 0.821846 0.030635
vt 0.535894 0.821375
vt 0.593233 0.821375
vt 0.818394 0.063422
vt 0.538157 0.836446
vt 0.595496 0.836446
vt 0.818394 0.082051
vt 0.764508 0.030635
vt 0.000000 0.000000
vt 0.000000 0.000000
vt 0.000000 0.000000
vt 0.000000 0.000000
vt 0.000000 0.000000
vt 0.000000 0.000000
vt 0.000000 0.000000
vt 0.000000 0.000000
vt 0.000000 0.000000
vt 0.000000 0.000000
vt 0.000000 0.000000
vt 0.000000 0.000000
vt 0.000000 0.000000
vt 0.000000 0.000000
vt 0.000000 0.000000
vt 0.000000 0.000000
vt 0.000000 0.000000
vt 0.000000 0.000000
vt 0.000000 0.000000
vt 0.000000 0.000000
vt 0.000000 0.000000
vt 0.000000 0.000000
vt 0.000000 0.000000
vt 0.000000 0.000000
vt 0.000000 0.000000
vt 0.000000 0.000000
vt 0.000000 0.000000
vt 0.000000 0.000000
vt 0.000000 0.000000
vt 0.000000 0.000000
vt 0.000000 0.000000
vt 0.000000 0.000000
vt 0.000000 0.000000
vt 0.000000 0.000000
vt 0.000000 0.000000
vt 0.000000 0.000000
vt 0.000000 0.000000
vt 0.000000 0.000000
vt 0.000000 0.000000
vt 0.000000 0.000000
vt 0.785965 0.837723
vt 0.789489 0.838458
vt 0.791691 0.823798
vt 0.788228 0.822652
vt 0.856904 0.202490
vt 0.860428 0.203225
vt 0.862630 0.188565
vt 0.859167 0.187419
vt 0.430608 0.810461
vt 0.434132 0.809725
vt 0.432975 0.792490
vt 0.429418 0.792744
vt 0.784776 0.855440
vt 0.788332 0.855693
vt 0.855715 0.220207
vt 0.859271 0.220460
vt 0.432871 0.825531
vt 0.436333 0.824386
vt 0.784776 0.874068
vt 0.788332 0.873815
vt 0.855715 0.238835
vt 0.859271 0.238582
vt 0.834957 0.027701
vt 0.838481 0.028437
vt 0.840682 0.013776
vt 0.837220 0.012631
vt 0.785966 0.891785
vt 0.789489 0.891050
vt 0.856904 0.256552
vt 0.860428 0.255817
vt 0.833767 0.045418
vt 0.837324 0.045671
vt 0.788229 0.906856
vt 0.791691 0.905710
vt 0.859167 0.271623
vt 0.862630 0.270478
vt 0.833767 0.064046
vt 0.837324 0.063793
vt 0.430608 0.756399
vt 0.434132 0.757134
vt 0.436334 0.742473
vt 0.432871 0.741328
vt 0.834957 0.081763
vt 0.838481 0.081028
vt 0.429418 0.774115
vt 0.432975 0.774369
vt 0.837220 0.096834
vt 0.840682 0.095689
vt 0.842641 0.063426
vt 0.842641 0.046038
vt 0.439402 0.758198
vt 0.441515 0.744131
vt 0.843751 0.079963
vt 0.438292 0.774736
vt 0.845864 0.094031
vt 0.438292 0.792124
vt 0.794760 0.839523
vt 0.796872 0.825456
vt 0.865699 0.204290
vt 0.867811 0.190223
vt 0.439402 0.808661
vt 0.793649 0.856060
vt 0.864588 0.220827
vt 0.441515 0.822728
vt 0.793649 0.873448
vt 0.864588 0.238215
vt 0.843751 0.029501
vt 0.845863 0.015434
vt 0.794760 0.889985
vt 0.865699 0.254752
vt 0.796872 0.904052
vt 0.867811 0.268819
vt 0.446701 0.821045
vt 0.444679 0.807580
vt 0.798973 0.873076
vt 0.798973 0.856432
vt 0.869912 0.237843
vt 0.869912 0.221199
vt 0.849028 0.030581
vt 0.851050 0.017117
vt 0.800036 0.888905
vt 0.870975 0.253672
vt 0.847965 0.046410
vt 0.802058 0.902370
vt 0.872997 0.267137
vt 0.847965 0.063054
vt 0.444679 0.759279
vt 0.446701 0.745814
vt 0.849028 0.078883
vt 0.443616 0.775108
vt 0.851050 0.092348
vt 0.443616 0.791751
vt 0.800036 0.840603
vt 0.802058 0.827138
vt 0.870975 0.205370
vt 0.872997 0.191905
vt 0.448868 0.775424
vt 0.449890 0.760198
vt 0.856184 0.090916
vt 0.854239 0.077964
vt 0.448868 0.791435
vt 0.805248 0.841522
vt 0.807192 0.828570
vt 0.876186 0.206289
vt 0.878131 0.193337
vt 0.449890 0.806661
vt 0.804225 0.856749
vt 0.875164 0.221516
vt 0.451835 0.819614
vt 0.804225 0.872759
vt 0.875164 0.237526
vt 0.854239 0.031500
vt 0.856184 0.018548
vt 0.805248 0.887986
vt 0.876186 0.252753
vt 0.853217 0.046727
vt 0.807193 0.900938
vt 0.878131 0.265705
vt 0.853217 0.062737
vt 0.451835 0.747245
vt 0.809527 0.887375
vt 0.808532 0.872549
vt 0.880466 0.252142
vt 0.879471 0.237316
vt 0.857523 0.046938
vt 0.858519 0.032111
vt 0.811421 0.899987
vt 0.882360 0.264754
vt 0.857523 0.062527
vt 0.454170 0.760809
vt 0.456064 0.748197
vt 0.858519 0.077353
vt 0.453174 0.775635
vt 0.860413 0.089965
vt 0.453174 0.791224
vt 0.809527 0.842133
vt 0.811421 0.829521
vt 0.880466 0.206900
vt 0.882360 0.194288
vt 0.454170 0.806050
vt 0.808532 0.856959
vt 0.879471 0.221727
vt 0.456064 0.818662
vt 0.860413 0.019499
vt 0.812740 0.843096
vt 0.814554 0.831021
vt 0.883679 0.207863
vt 0.885493 0.195788
vt 0.457383 0.805088
vt 0.456430 0.790892
vt 0.811787 0.857291
vt 0.882726 0.222058
vt 0.459196 0.817163
vt 0.811787 0.872217
vt 0.882726 0.236984
vt 0.861732 0.033074
vt 0.863545 0.020999
vt 0.812740 0.886412
vt 0.883679 0.251179
vt 0.860779 0.047269
vt 0.814554 0.898487
vt 0.885493 0.263254
vt 0.860779 0.062195
vt 0.457383 0.761772
vt 0.459196 0.749696
vt 0.861732 0.076390
vt 0.456430 0.775967
vt 0.863545 0.088465
vt 0.889126 0.261280
vt 0.887419 0.249912
vt 0.864574 0.061758
vt 0.864574 0.047706
vt 0.461123 0.763039
vt 0.462830 0.751670
vt 0.865472 0.075123
vt 0.460225 0.776403
vt 0.867179 0.086491
vt 0.460225 0.790456
vt 0.816480 0.844363
vt 0.818187 0.832995
vt 0.887419 0.209130
vt 0.889126 0.197762
vt 0.461123 0.803820
vt 0.815583 0.857728
vt 0.886522 0.222495
vt 0.462830 0.815189
vt 0.815583 0.871780
vt 0.886522 0.236547
vt 0.865472 0.034341
vt 0.867179 0.022973
vt 0.816480 0.885145
vt 0.818187 0.896513
vt 0.947067 0.060720
vt 0.950660 0.058038
vt 0.945081 0.046789
vt 0.940857 0.048199
vt 0.882489 0.128805
vt 0.886930 0.128805
vt 0.888853 0.116336
vt 0.884628 0.114926
vt 0.820143 0.871066
vt 0.820143 0.858442
vt 0.891082 0.235834
vt 0.891082 0.223209
vt 0.884628 0.142684
vt 0.888853 0.141274
vt 0.120076 0.931215
vt 0.124300 0.932624
vt 0.129879 0.921376
vt 0.126286 0.918694
vt 0.243179 0.939381
vt 0.247404 0.940791
vt 0.252983 0.929542
vt 0.249390 0.926860
vt 0.890839 0.155205
vt 0.894432 0.152523
vt 0.117936 0.945094
vt 0.122378 0.945094
vt 0.241040 0.953260
vt 0.245481 0.953260
vt 0.869135 0.061045
vt 0.869135 0.048420
vt 0.120076 0.958973
vt 0.124300 0.957563
vt 0.940857 0.020441
vt 0.945081 0.021851
vt 0.950660 0.010602
vt 0.947067 0.007920
vt 0.126286 0.971494
vt 0.129879 0.968812
vt 0.938717 0.034320
vt 0.943159 0.034320
vt 0.464786 0.789742
vt 0.464786 0.777117
vt 0.243179 0.967139
vt 0.247404 0.965729
vt 0.894432 0.105087
vt 0.890839 0.102405
vt 0.249390 0.979660
vt 0.252983 0.976978
vt 0.000000 0.000000
vt 0.000000 0.000000
vt 0.000000 0.000000
vt 0.000000 0.000000
vt 0.000000 0.000000
vt 0.000000 0.000000
vt 0.000000 0.000000
vt 0.000000 0.000000
vt 0.000000 0.000000
vt 0.000000 0.000000
vt 0.000000 0.000000
vt 0.000000 0.000000
vt 0.000000 0.000000
vt 0.000000 0.000000
vt 0.000000 0.000000
vt 0.000000 0.000000
vt 0.000000 0.000000
vt 0.000000 0.000000
vt 0.000000 0.000000
vt 0.000000 0.000000
vt 0.000000 0.000000
vt 0.000000 0.000000
vt 0.000000 0.000000
vt 0.000000 0.000000
vt 0.000000 0.000000
vt 0.000000 0.000000
vt 0.000000 0.000000
vt 0.000000 0.000000
vt 0.000000 0.000000
vt 0.000000 0.000000
vt 0.000000 0.000000
vt 0.000000 0.000000
vt 0.000000 0.000000
vt 0.000000 0.000000
vt 0.000000 0.000000
vt 0.000000 0.000000
vt 0.000000 0.000000
vt 0.000000 0.000000
vt 0.000000 0.000000
vt 0.000000 0.000000
vt 0.000000 0.000000
vt 0.000000 0.000000
vt 0.000000 0.000000
vt 0.000000 0.000000
vt 0.000000 0.000000
vt 0.000000 0.000000
vt 0.000000 0.000000
vt 0.000000 0.000000
vt 0.000000 0.000000
vt 0.000000 0.000000
vt 0.000000 0.000000
vt 0.000000 0.000000
vt 0.000000 0.000000
vt 0.000000 0.000000
vt 0.000000 0.000000
vt 0.000000 0.000000
vt 0.000000 0.000000
vt 0.000000 0.000000
vt 0.000000 0.000000
vt 0.000000 0.000000
vt 0.132451 0.875393
vt 0.136929 0.874743
vt 0.136929 0.863419
vt 0.132451 0.862769
vt 0.546358 0.230585
vt 0.548196 0.226878
vt 0.539279 0.220223
vt 0.536415 0.223165
vt 0.529192 0.176312
vt 0.532800 0.178201
vt 0.539279 0.169040
vt 0.536415 0.166099
vt 0.133257 0.887400
vt 0.137652 0.885512
vt 0.418132 0.829221
vt 0.422610 0.829872
vt 0.423333 0.819103
vt 0.418938 0.817214
vt 0.337316 0.829221
vt 0.341794 0.829872
vt 0.342518 0.819103
vt 0.338123 0.817214
vt 0.591965 0.166099
vt 0.589102 0.169040
vt 0.595580 0.178201
vt 0.599189 0.176312
vt 0.418132 0.841846
vt 0.422610 0.841195
vt 0.337316 0.841846
vt 0.341794 0.841195
vt 0.582023 0.158678
vt 0.580184 0.162385
vt 0.418938 0.853853
vt 0.423333 0.851964
vt 0.338123 0.853853
vt 0.342518 0.851964
vt 0.230263 0.846136
vt 0.234741 0.846787
vt 0.235464 0.836018
vt 0.231069 0.834129
vt 0.591965 0.223165
vt 0.589102 0.220223
vt 0.580184 0.226878
vt 0.582023 0.230585
vt 0.532800 0.211062
vt 0.529192 0.212951
vt 0.230263 0.858761
vt 0.234741 0.858110
vt 0.599189 0.212951
vt 0.595580 0.211062
vt 0.231069 0.870767
vt 0.235464 0.868879
vt 0.137652 0.852651
vt 0.133257 0.850762
vt 0.548196 0.162385
vt 0.546358 0.158678
vt 0.584562 0.215560
vt 0.577270 0.221002
vt 0.543818 0.215560
vt 0.538520 0.208068
vt 0.558679 0.158886
vt 0.559683 0.165399
vt 0.568697 0.165399
vt 0.569701 0.158886
vt 0.589860 0.208068
vt 0.551111 0.168261
vt 0.598986 0.200293
vt 0.592646 0.199262
vt 0.543818 0.173704
vt 0.598986 0.188970
vt 0.592646 0.190002
vt 0.551111 0.221002
vt 0.538520 0.181195
vt 0.589860 0.181195
vt 0.558679 0.230377
vt 0.559683 0.223864
vt 0.529394 0.188970
vt 0.535735 0.190002
vt 0.584562 0.173704
vt 0.569701 0.230377
vt 0.568697 0.223864
vt 0.529394 0.200293
vt 0.535735 0.199262
vt 0.577270 0.168261
vt 0.700273 0.242948
vt 0.704708 0.242948
vt 0.704117 0.234141
vt 0.699681 0.234141
vt 0.692696 0.762251
vt 0.697132 0.762251
vt 0.696540 0.753444
vt 0.692105 0.753444
vt 0.699681 0.170468
vt 0.704117 0.170468
vt 0.704708 0.161662
vt 0.700273 0.161662
vt 0.701398 0.250439
vt 0.705833 0.250439
vt 0.693821 0.769742
vt 0.698256 0.769742
vt 0.699681 0.179728
vt 0.704117 0.179728
vt 0.699003 0.823792
vt 0.703438 0.823792
vt 0.704563 0.816300
vt 0.700128 0.816300
vt 0.700273 0.188535
vt 0.704708 0.188535
vt 0.698412 0.832598
vt 0.702847 0.832598
vt 0.701398 0.196026
vt 0.705833 0.196026
vt 0.698412 0.841858
vt 0.702847 0.841858
vt 0.700273 0.216075
vt 0.704708 0.216075
vt 0.705833 0.208583
vt 0.701398 0.208583
vt 0.692696 0.735377
vt 0.697132 0.735377
vt 0.698256 0.727886
vt 0.693821 0.727886
vt 0.699003 0.850665
vt 0.703438 0.850665
vt 0.699681 0.224881
vt 0.704117 0.224881
vt 0.692105 0.744184
vt 0.696540 0.744184
vt 0.700128 0.858156
vt 0.704563 0.858156
vt 0.705833 0.154170
vt 0.701398 0.154170
vt 0.762850 0.827096
vt 0.759417 0.830622
vt 0.763823 0.836851
vt 0.768149 0.834587
vt 0.762850 0.868952
vt 0.759417 0.865425
vt 0.753354 0.869951
vt 0.755558 0.874395
vt 0.714023 0.852654
vt 0.718818 0.851873
vt 0.718818 0.844174
vt 0.714023 0.843394
vt 0.755558 0.821653
vt 0.753354 0.826097
vt 0.768149 0.861460
vt 0.763823 0.859196
vt 0.716808 0.861460
vt 0.721134 0.859196
vt 0.746985 0.818792
vt 0.746226 0.823718
vt 0.770934 0.852654
vt 0.766139 0.851873
vt 0.722106 0.868952
vt 0.725539 0.865425
vt 0.737971 0.818792
vt 0.738731 0.823718
vt 0.770934 0.843394
vt 0.766139 0.844174
vt 0.729399 0.874395
vt 0.731603 0.869951
vt 0.729399 0.821653
vt 0.731603 0.826097
vt 0.737971 0.877256
vt 0.738731 0.872330
vt 0.722106 0.827096
vt 0.725540 0.830622
vt 0.746985 0.877256
vt 0.746226 0.872330
vt 0.716808 0.834587
vt 0.721134 0.836851
vt 0.699735 0.904457
vt 0.703767 0.904457
vt 0.702832 0.898228
vt 0.698800 0.898228
vt 0.905008 0.878421
vt 0.909040 0.878421
vt 0.909040 0.870722
vt 0.905008 0.870722
vt 0.655657 0.887754
vt 0.659689 0.887754
vt 0.660625 0.881525
vt 0.656592 0.881525
vt 0.905500 0.885744
vt 0.909532 0.885744
vt 0.655165 0.895077
vt 0.659198 0.895077
vt 0.906435 0.891973
vt 0.910467 0.891973
vt 0.655165 0.902776
vt 0.659198 0.902776
vt 0.418327 0.870798
vt 0.422359 0.870798
vt 0.423294 0.864569
vt 0.419262 0.864569
vt 0.698800 0.875884
vt 0.702832 0.875884
vt 0.703767 0.869655
vt 0.699735 0.869655
vt 0.655657 0.910099
vt 0.659689 0.910099
vt 0.417835 0.878121
vt 0.421867 0.878121
vt 0.698308 0.883206
vt 0.702340 0.883206
vt 0.656593 0.916328
vt 0.660625 0.916328
vt 0.417835 0.885820
vt 0.421867 0.885820
vt 0.698308 0.890906
vt 0.702340 0.890906
vt 0.905500 0.863399
vt 0.909532 0.863399
vt 0.910467 0.857170
vt 0.906435 0.857170
vt 0.418327 0.893143
vt 0.422359 0.893143
vt 0.419262 0.899372
vt 0.423294 0.899372
vt 0.611526 0.855879
vt 0.622644 0.850060
vt 0.621534 0.846551
vt 0.609210 0.848557
vt 0.636618 0.820401
vt 0.634666 0.833062
vt 0.638081 0.834202
vt 0.643746 0.822780
vt 0.649809 0.862108
vt 0.640986 0.853044
vt 0.638081 0.855212
vt 0.643746 0.866634
vt 0.615931 0.862108
vt 0.624755 0.853044
vt 0.621995 0.866634
vt 0.627660 0.855212
vt 0.629123 0.820401
vt 0.631075 0.833062
vt 0.654214 0.855879
vt 0.643096 0.850060
vt 0.629123 0.869013
vt 0.631075 0.856352
vt 0.621995 0.822780
vt 0.627660 0.834202
vt 0.656530 0.848557
vt 0.644206 0.846551
vt 0.615931 0.827306
vt 0.624755 0.836370
vt 0.656530 0.840857
vt 0.644206 0.842863
vt 0.611526 0.833535
vt 0.622644 0.839354
vt 0.654215 0.833535
vt 0.643096 0.839354
vt 0.609210 0.840857
vt 0.621534 0.842863
vt 0.649809 0.827306
vt 0.640986 0.836370
vt 0.636618 0.869013
vt 0.634666 0.856352
vt 0.173610 0.953189
vt 0.173610 0.980112
vt 0.176515 0.979652
vt 0.176515 0.952728
vt 0.201031 0.952486
vt 0.201031 0.979410
vt 0.204621 0.979410
vt 0.204621 0.952486
vt 0.590976 0.871467
vt 0.590976 0.898391
vt 0.593881 0.898851
vt 0.593881 0.871927
vt 0.229137 0.952728
vt 0.229137 0.979652
vt 0.232042 0.980112
vt 0.232042 0.953189
vt 0.197615 0.952728
vt 0.197615 0.979652
vt 0.587561 0.871225
vt 0.587561 0.898149
vt 0.225722 0.952486
vt 0.225722 0.979410
vt 0.194710 0.953189
vt 0.194710 0.980112
vt 0.583970 0.871225
vt 0.583970 0.898149
vt 0.222131 0.952486
vt 0.222131 0.979410
vt 0.186936 0.952728
vt 0.186936 0.979652
vt 0.189841 0.980112
vt 0.189841 0.953189
vt 0.580555 0.871467
vt 0.580555 0.898391
vt 0.218716 0.952728
vt 0.218716 0.979652
vt 0.183521 0.952486
vt 0.183521 0.979410
vt 0.577650 0.871927
vt 0.577650 0.898851
vt 0.215811 0.953189
vt 0.215811 0.980112
vt 0.179930 0.952486
vt 0.179930 0.979410
vt 0.208037 0.952728
vt 0.208037 0.979652
vt 0.210942 0.980112
vt 0.210942 0.953189
vt 0.148323 0.971818
vt 0.151228 0.973987
vt 0.154643 0.975127
vt 0.158234 0.975127
vt 0.161649 0.973987
vt 0.164554 0.971818
vt 0.166665 0.968834
vt 0.167774 0.965326
vt 0.167774 0.961637
vt 0.166665 0.958128
vt 0.164554 0.955144
vt 0.161649 0.952976
vt 0.158234 0.951836
vt 0.154643 0.951836
vt 0.151228 0.952976
vt 0.148323 0.955144
vt 0.146212 0.958128
vt 0.145102 0.961637
vt 0.145102 0.965326
vt 0.146212 0.968834
vn 0.7391 -0.6735 0.0000
vn 0.7391 0.6735 0.0000
vn 0.7030 0.6735 0.2284
vn 0.7030 -0.6735 0.2284
vn -0.4345 -0.6735 0.5980
vn -0.4345 0.6735 0.5980
vn -0.5980 0.6735 0.4345
vn -0.5980 -0.6735 0.4345
vn -0.2284 -0.6735 -0.7030
vn -0.2284 0.6735 -0.7030
vn 0.0000 0.6735 -0.7391
vn 0.0000 -0.6735 -0.7391
vn 0.7030 -0.6735 -0.2284
vn 0.7030 0.6735 -0.2284
vn -0.2284 -0.6735 0.7030
vn -0.2284 0.6735 0.7030
vn -0.4345 -0.6735 -0.5980
vn -0.4345 0.6735 -0.5980
vn 0.5980 -0.6735 -0.4345
vn 0.5980 0.6735 -0.4345
vn 0.0000 -0.6735 0.7391
vn 0.0000 0.6735 0.7391
vn -0.5980 -0.6735 -0.4345
vn -0.5980 0.6735 -0.4345
vn 0.4345 -0.6735 -0.5980
vn 0.4345 0.6735 -0.5980
vn 0.2284 -0.6735 0.7030
vn 0.2284 0.6735 0.7030
vn -0.7030 -0.6735 -0.2284
vn -0.7030 0.6735 -0.2284
vn 0.2284 -0.6735 -0.7030
vn 0.2284 0.6735 -0.7030
vn 0.4345 -0.6735 0.5980
vn 0.4345 0.6735 0.5980
vn -0.7391 -0.6735 0.0000
vn -0.7391 0.6735 0.0000
vn 0.5980 -0.6735 0.4345
vn 0.5980 0.6735 0.4345
vn -0.7030 -0.6735 0.2284
vn -0.7030 0.6735 0.2284
vn -0.3927 0.7440 -0.5405
vn -0.2064 0.7440 -0.6354
vn 0.5405 0.7440 -0.3927
vn 0.6354 0.7440 -0.2064
vn 0.0000 0.7440 0.6681
vn -0.2064 0.7440 0.6354
vn -0.5405 0.7440 -0.3927
vn 0.3927 0.7440 -0.5405
vn 0.2064 0.7440 0.6354
vn -0.6354 0.7440 -0.2064
vn 0.2064 0.7440 -0.6354
vn 0.3927 0.7440 0.5405
vn -0.6681 0.7440 0.0000
vn 0.0000 0.7440 -0.6681
vn 0.5405 0.7440 0.3927
vn -0.6354 0.7440 0.2064
vn 0.6354 0.7440 0.2064
vn -0.5405 0.7440 0.3927
vn 0.6681 0.7440 0.0000
vn -0.3927 0.7440 0.5405
vn 0.5841 0.0000 0.8116
vn 0.4512 0.0000 0.8924
vn -0.4512 0.0000 0.8924
vn -0.5841 0.0000 0.8116
vn 0.7027 0.0000 0.7114
vn -0.3071 0.0000 0.9517
vn -0.9808 0.0000 0.1949
vn 0.0000 0.0000 1.0000
vn 0.8039 0.0000 0.5947
vn -0.1555 0.0000 0.9878
vn -0.9450 0.0000 0.3271
vn 0.8854 0.0000 0.4648
vn -0.8854 0.0000 0.4648
vn 0.9450 0.0000 0.3271
vn 0.1555 0.0000 0.9878
vn -0.8039 0.0000 0.5947
vn 0.9808 0.0000 0.1949
vn 0.3071 0.0000 0.9517
vn -0.7027 0.0000 0.7114
vn 0.0000 0.6689 0.7433
vn -0.6681 -0.7440 0.0000
vn -0.6354 -0.7440 -0.2064
vn 0.0000 -0.7440 -0.6681
vn 0.2064 -0.7440 -0.6354
vn 0.5405 -0.7440 0.3927
vn 0.3927 -0.7440 0.5405
vn -0.6354 -0.7440 0.2064
vn 0.6354 -0.7440 0.2064
vn -0.5405 -0.7440 0.3927
vn 0.6681 -0.7440 0.0000
vn -0.3927 -0.7440 0.5405
vn -0.2064 -0.7440 -0.6354
vn 0.6354 -0.7440 -0.2064
vn -0.2064 -0.7440 0.6354
vn -0.3927 -0.7440 -0.5405
vn 0.5405 -0.7440 -0.3927
vn 0.0000 -0.7440 0.6681
vn -0.5405 -0.7440 -0.3927
vn 0.3927 -0.7440 -0.5405
vn 0.2064 -0.7440 0.6354
vn 0.0000 0.7399 0.6727
vn -0.7071 0.6687 0.2297
vn -0.7435 0.6687 0.0000
vn 0.7071 0.6687 0.2297
vn 0.6015 0.6687 0.4370
vn -0.6015 0.6687 0.4370
vn 0.7435 0.6687 0.0000
vn -0.4370 0.6687 0.6015
vn -0.2297 0.6687 -0.7071
vn 0.0000 0.6687 -0.7435
vn 0.7071 0.6687 -0.2297
vn -0.2297 0.6687 0.7071
vn -0.4370 0.6687 -0.6015
vn 0.6015 0.6687 -0.4370
vn 0.0000 0.6687 0.7435
vn -0.6015 0.6687 -0.4370
vn 0.4370 0.6687 -0.6015
vn 0.2297 0.6687 0.7071
vn -0.7071 0.6687 -0.2297
vn 0.2297 0.6687 -0.7071
vn 0.4370 0.6687 0.6015
vn -0.5453 0.7387 -0.3962
vn -0.3962 0.7387 -0.5453
vn 0.3962 0.7387 -0.5453
vn 0.5453 0.7387 -0.3962
vn 0.2083 0.7387 0.6410
vn 0.0000 0.7387 0.6740
vn -0.6410 0.7387 -0.2083
vn 0.2083 0.7387 -0.6410
vn 0.3962 0.7387 0.5453
vn -0.6740 0.7387 0.0000
vn 0.0000 0.7387 -0.6740
vn 0.5453 0.7387 0.3962
vn -0.6410 0.7387 0.2083
vn 0.6410 0.7387 0.2083
vn -0.5453 0.7387 0.3962
vn 0.6740 0.7387 0.0000
vn -0.3962 0.7387 0.5453
vn -0.2083 0.7387 -0.6410
vn 0.6410 0.7387 -0.2083
vn -0.2083 0.7387 0.6410
vn 0.3110 0.8486 0.4280
vn 0.1635 0.8486 0.5032
vn -0.5290 0.8486 0.0000
vn -0.5032 0.8486 -0.1635
vn 0.0000 0.8486 -0.5290
vn 0.1635 0.8486 -0.5032
vn 0.4280 0.8486 0.3110
vn -0.5032 0.8486 0.1635
vn 0.5032 0.8486 0.1635
vn -0.4280 0.8486 0.3110
vn 0.5290 0.8486 0.0000
vn -0.3110 0.8486 0.4280
vn -0.1635 0.8486 -0.5032
vn 0.5031 0.8486 -0.1635
vn -0.1635 0.8486 0.5031
vn -0.3110 0.8486 -0.4280
vn 0.4280 0.8486 -0.3110
vn 0.0000 0.8486 0.5290
vn -0.4280 0.8486 -0.3110
vn 0.3110 0.8486 -0.4280
vn -0.2849 0.3871 0.8769
vn -0.5419 0.3871 0.7459
vn -0.5419 0.3871 -0.7459
vn -0.2849 0.3871 -0.8769
vn 0.7459 0.3871 -0.5419
vn 0.8769 0.3871 -0.2849
vn 0.0000 0.3871 0.9220
vn -0.7459 0.3871 -0.5419
vn 0.5419 0.3871 -0.7459
vn 0.2849 0.3871 0.8769
vn -0.8769 0.3871 -0.2849
vn 0.2849 0.3871 -0.8769
vn 0.5419 0.3871 0.7459
vn -0.9220 0.3871 0.0000
vn 0.0000 0.3871 -0.9220
vn 0.7459 0.3871 0.5419
vn -0.8769 0.3871 0.2849
vn 0.8769 0.3871 0.2849
vn -0.7459 0.3871 0.5419
vn 0.9220 0.3871 0.0000
vn -0.8671 0.4107 0.2817
vn -0.9117 0.4107 0.0000
vn 0.8671 0.4107 0.2817
vn 0.7376 0.4107 0.5359
vn -0.7376 0.4107 0.5359
vn 0.9117 0.4107 0.0000
vn -0.5359 0.4107 0.7376
vn -0.2817 0.4107 -0.8671
vn 0.0000 0.4107 -0.9117
vn 0.8671 0.4107 -0.2817
vn -0.2817 0.4107 0.8671
vn -0.5359 0.4107 -0.7376
vn 0.7376 0.4107 -0.5359
vn 0.0000 0.4107 0.9117
vn -0.7376 0.4107 -0.5359
vn 0.5359 0.4107 -0.7376
vn 0.2817 0.4107 0.8671
vn -0.8671 0.4107 -0.2817
vn 0.2817 0.4107 -0.8671
vn 0.5359 0.4107 0.7376
vn -0.7128 0.4730 -0.5178
vn -0.5178 0.4730 -0.7128
vn 0.5178 0.4730 -0.7128
vn 0.7128 0.4730 -0.5178
vn 0.2723 0.4730 0.8379
vn 0.0000 0.4730 0.8810
vn -0.8379 0.4730 -0.2723
vn 0.2723 0.4730 -0.8379
vn 0.5178 0.4730 0.7128
vn -0.8810 0.4730 0.0000
vn 0.0000 0.4730 -0.8810
vn 0.7128 0.4730 0.5178
vn -0.8379 0.4730 0.2723
vn 0.8379 0.4730 0.2723
vn -0.7128 0.4730 0.5178
vn 0.8810 0.4730 0.0000
vn -0.5178 0.4730 0.7128
vn -0.2723 0.4730 -0.8379
vn 0.8379 0.4730 -0.2723
vn -0.2723 0.4730 0.8379
vn 0.8815 0.4721 0.0000
vn 0.8384 0.4721 0.2724
vn -0.5181 0.4721 0.7132
vn -0.7132 0.4721 0.5181
vn -0.2724 0.4721 -0.8384
vn 0.0000 0.4721 -0.8815
vn 0.8384 0.4721 -0.2724
vn -0.2724 0.4721 0.8384
vn -0.5181 0.4721 -0.7132
vn 0.7132 0.4721 -0.5181
vn 0.0000 0.4721 0.8815
vn -0.7132 0.4721 -0.5181
vn 0.5181 0.4721 -0.7132
vn 0.2724 0.4721 0.8384
vn -0.8384 0.4721 -0.2724
vn 0.2724 0.4721 -0.8384
vn 0.5181 0.4721 0.7132
vn -0.8815 0.4721 0.0000
vn 0.7132 0.4721 0.5181
vn -0.8384 0.4721 0.2724
vn 0.2708 0.4816 -0.8335
vn 0.5151 0.4816 -0.7090
vn 0.5151 0.4816 0.7090
vn 0.2708 0.4816 0.8335
vn -0.8764 0.4816 0.0000
vn -0.8335 0.4816 -0.2708
vn 0.0000 0.4816 -0.8764
vn 0.7090 0.4816 0.5151
vn -0.8335 0.4816 0.2708
vn 0.8335 0.4816 0.2708
vn -0.7090 0.4816 0.5151
vn 0.8764 0.4816 0.0000
vn -0.5151 0.4816 0.7090
vn -0.2708 0.4816 -0.8335
vn 0.8335 0.4816 -0.2708
vn -0.2708 0.4816 0.8335
vn -0.5151 0.4816 -0.7090
vn 0.7090 0.4816 -0.5151
vn 0.0000 0.4816 0.8764
vn -0.7090 0.4816 -0.5151
vn 0.8016 0.5382 -0.2604
vn 0.8428 0.5382 0.0000
vn -0.2604 0.5382 0.8016
vn -0.4954 0.5382 0.6818
vn -0.4954 0.5382 -0.6818
vn -0.2604 0.5382 -0.8016
vn 0.6818 0.5382 -0.4954
vn 0.0000 0.5382 0.8428
vn -0.6818 0.5382 -0.4954
vn 0.4954 0.5382 -0.6818
vn 0.2604 0.5382 0.8016
vn -0.8016 0.5382 -0.2604
vn 0.2604 0.5382 -0.8016
vn 0.4954 0.5382 0.6818
vn -0.8428 0.5382 0.0000
vn 0.0000 0.5382 -0.8428
vn 0.6818 0.5382 0.4954
vn -0.8016 0.5382 0.2604
vn 0.8016 0.5382 0.2604
vn -0.6818 0.5382 0.4954
vn 0.7088 0.4821 0.5149
vn 0.5149 0.4821 0.7088
vn -0.8332 0.4821 0.2707
vn -0.8761 0.4821 0.0000
vn 0.8332 0.4821 0.2707
vn -0.7088 0.4821 0.5149
vn 0.8761 0.4821 0.0000
vn -0.5149 0.4821 0.7088
vn -0.2707 0.4821 -0.8332
vn 0.0000 0.4821 -0.8761
vn 0.8332 0.4821 -0.2707
vn -0.2707 0.4821 0.8332
vn -0.5149 0.4821 -0.7088
vn 0.7088 0.4821 -0.5149
vn 0.0000 0.4821 0.8761
vn -0.7088 0.4821 -0.5149
vn 0.5149 0.4821 -0.7088
vn 0.2707 0.4821 0.8332
vn -0.8332 0.4821 -0.2707
vn 0.2707 0.4821 -0.8332
vn 0.0000 0.4458 0.8951
vn -0.2766 0.4458 0.8513
vn -0.7242 0.4458 -0.5261
vn -0.5261 0.4458 -0.7242
vn 0.5261 0.4458 -0.7242
vn 0.7242 0.4458 -0.5261
vn 0.2766 0.4458 0.8513
vn -0.8513 0.4458 -0.2766
vn 0.2766 0.4458 -0.8513
vn 0.5261 0.4458 0.7242
vn -0.8951 0.4458 0.0000
vn 0.0000 0.4458 -0.8951
vn 0.7242 0.4458 0.5261
vn -0.8513 0.4458 0.2766
vn 0.8513 0.4458 0.2766
vn -0.7242 0.4458 0.5261
vn 0.8951 0.4458 0.0000
vn -0.5261 0.4458 0.7242
vn -0.2766 0.4458 -0.8513
vn 0.8513 0.4458 -0.2766
vn -0.4290 0.2301 0.8735
vn -0.5522 0.2520 0.7947
vn 0.6578 0.2855 0.6970
vn 0.5522 0.2520 0.7947
vn -0.2929 0.2163 0.9313
vn -0.5683 0.7982 0.1995
vn 0.0000 0.9907 0.1359
vn 0.7390 0.3372 0.5832
vn -0.1486 0.2087 0.9666
vn -0.7609 0.5619 0.3243
vn 0.7838 0.4205 0.4570
vn 0.0000 0.2062 0.9785
vn -0.7838 0.4205 0.4570
vn 0.7609 0.5619 0.3243
vn 0.1486 0.2087 0.9666
vn -0.7390 0.3372 0.5832
vn 0.5683 0.7982 0.1995
vn 0.2929 0.2163 0.9313
vn -0.6578 0.2855 0.6970
vn 0.4290 0.2301 0.8735
vn -0.6948 0.3489 0.6288
vn -0.7320 0.4322 0.5266
vn 0.5070 0.7837 0.3588
vn 0.7006 0.5694 0.4300
vn 0.2774 0.2254 0.9339
vn 0.1407 0.2175 0.9658
vn -0.6206 0.2964 0.7259
vn 0.0000 0.9423 0.3348
vn 0.4060 0.2397 0.8819
vn -0.5220 0.2622 0.8116
vn 0.5220 0.2622 0.8116
vn -0.4060 0.2397 0.8819
vn 0.6206 0.2964 0.7259
vn -0.2774 0.2254 0.9339
vn -0.5070 0.7837 0.3588
vn 0.6948 0.3489 0.6288
vn -0.1407 0.2175 0.9658
vn -0.7006 0.5694 0.4300
vn 0.7320 0.4322 0.5266
vn 0.0000 0.2150 0.9766
vn -0.2797 0.4251 -0.8608
vn 0.0000 0.4251 -0.9051
vn 0.8608 0.4251 -0.2797
vn 0.9051 0.4251 0.0000
vn -0.2797 0.4251 0.8608
vn -0.5320 0.4251 0.7323
vn -0.5320 0.4251 -0.7323
vn 0.7323 0.4251 -0.5320
vn 0.0000 0.4251 0.9051
vn -0.7323 0.4251 -0.5320
vn 0.5320 0.4251 -0.7323
vn 0.2797 0.4251 0.8608
vn -0.8608 0.4251 -0.2797
vn 0.2797 0.4251 -0.8608
vn 0.5320 0.4251 0.7323
vn -0.9051 0.4251 0.0000
vn 0.7323 0.4251 0.5320
vn -0.8608 0.4251 0.2797
vn 0.8608 0.4251 0.2797
vn -0.7323 0.4251 0.5320
vn 0.7338 0.4211 0.5331
vn 0.5331 0.4211 0.7338
vn -0.8626 0.4211 0.2803
vn -0.9070 0.4211 0.0000
vn 0.8626 0.4211 0.2803
vn -0.7338 0.4211 0.5331
vn 0.9070 0.4211 0.0000
vn -0.5331 0.4211 0.7338
vn -0.2803 0.4211 -0.8626
vn 0.0000 0.4211 -0.9070
vn 0.8626 0.4211 -0.2803
vn -0.2803 0.4211 0.8626
vn -0.5331 0.4211 -0.7338
vn 0.7338 0.4211 -0.5331
vn 0.0000 0.4211 0.9070
vn -0.7338 0.4211 -0.5331
vn 0.5331 0.4211 -0.7338
vn 0.2803 0.4211 0.8626
vn -0.8626 0.4211 -0.2803
vn 0.2803 0.4211 -0.8626
vn 0.0000 0.3980 0.9174
vn -0.2835 0.3980 0.8725
vn -0.7421 0.3980 -0.5392
vn -0.5392 0.3980 -0.7421
vn 0.5392 0.3980 -0.7421
vn 0.7421 0.3980 -0.5392
vn 0.2835 0.3980 0.8725
vn -0.8725 0.3980 -0.2835
vn 0.2835 0.3980 -0.8725
vn 0.5392 0.3980 0.7421
vn -0.9174 0.3980 0.0000
vn 0.0000 0.3980 -0.9174
vn 0.7421 0.3980 0.5392
vn -0.8725 0.3980 0.2835
vn 0.8725 0.3980 0.2835
vn -0.7421 0.3980 0.5392
vn 0.9174 0.3980 0.0000
vn -0.5392 0.3980 0.7421
vn -0.2835 0.3980 -0.8725
vn 0.8725 0.3980 -0.2835
vn -0.7615 0.3375 0.5533
vn -0.8952 0.3375 0.2909
vn 0.9413 0.3375 0.0000
vn 0.8952 0.3375 0.2909
vn -0.5533 0.3375 0.7615
vn -0.2909 0.3375 -0.8952
vn 0.0000 0.3375 -0.9413
vn 0.8952 0.3375 -0.2909
vn -0.2909 0.3375 0.8952
vn -0.5533 0.3375 -0.7615
vn 0.7615 0.3375 -0.5533
vn 0.0000 0.3375 0.9413
vn -0.7615 0.3375 -0.5533
vn 0.5533 0.3375 -0.7615
vn 0.2909 0.3375 0.8952
vn -0.8952 0.3375 -0.2909
vn 0.2909 0.3375 -0.8952
vn 0.5533 0.3375 0.7615
vn -0.9413 0.3375 0.0000
vn 0.7615 0.3375 0.5533
vn -0.8534 0.4414 -0.2773
vn -0.7259 0.4414 -0.5274
vn 0.2773 0.4414 -0.8534
vn 0.5274 0.4414 -0.7259
vn 0.5274 0.4414 0.7259
vn 0.2773 0.4414 0.8534
vn -0.8973 0.4414 0.0000
vn 0.0000 0.4414 -0.8973
vn 0.7259 0.4414 0.5274
vn -0.8534 0.4414 0.2773
vn 0.8534 0.4414 0.2773
vn -0.7259 0.4414 0.5274
vn 0.8973 0.4414 0.0000
vn -0.5274 0.4414 0.7259
vn -0.2773 0.4414 -0.8534
vn 0.8534 0.4414 -0.2773
vn -0.2773 0.4414 0.8534
vn -0.5274 0.4414 -0.7259
vn 0.7259 0.4414 -0.5274
vn 0.0000 0.4414 0.8973
vn -0.2455 0.6072 -0.7556
vn 0.0000 0.6072 -0.7945
vn 0.7556 0.6072 -0.2455
vn 0.7945 0.6072 0.0000
vn -0.2455 0.6072 0.7556
vn -0.4670 0.6072 0.6428
vn -0.4670 0.6072 -0.6428
vn 0.6428 0.6072 -0.4670
vn 0.0000 0.6072 0.7945
vn -0.6428 0.6072 -0.4670
vn 0.4670 0.6072 -0.6428
vn 0.2455 0.6072 0.7556
vn -0.7556 0.6072 -0.2455
vn 0.2455 0.6072 -0.7556
vn 0.4670 0.6073 0.6428
vn -0.7945 0.6072 0.0000
vn 0.6428 0.6072 0.4670
vn -0.7556 0.6072 0.2455
vn 0.7556 0.6072 0.2455
vn -0.6428 0.6072 0.4670
vn 0.0000 0.6998 -0.7143
vn 0.2207 0.6998 -0.6794
vn 0.5779 0.6998 0.4199
vn 0.4199 0.6998 0.5779
vn -0.6794 0.6998 0.2207
vn -0.7143 0.6998 0.0000
vn 0.6794 0.6998 0.2207
vn -0.5779 0.6998 0.4199
vn 0.7143 0.6998 0.0000
vn -0.4199 0.6998 0.5779
vn -0.2207 0.6998 -0.6794
vn 0.6794 0.6998 -0.2207
vn -0.2207 0.6998 0.6794
vn -0.4199 0.6998 -0.5779
vn 0.5779 0.6998 -0.4199
vn 0.0000 0.6998 0.7143
vn -0.5779 0.6998 -0.4199
vn 0.4199 0.6998 -0.5779
vn 0.2207 0.6998 0.6794
vn -0.6794 0.6998 -0.2207
vn 0.4802 0.7100 0.5151
vn 0.4978 0.6261 0.6001
vn 0.0000 0.4379 0.8990
vn -0.1142 0.4421 0.8896
vn -0.4802 0.7100 0.5151
vn -0.3968 0.8075 0.4365
vn 0.3968 0.8075 0.4365
vn 0.1142 0.4421 0.8896
vn -0.4978 0.6261 0.6001
vn 0.2316 0.8963 0.3781
vn 0.2237 0.4552 0.8618
vn -0.4688 0.5607 0.6824
vn 0.0000 0.9345 0.3559
vn 0.3233 0.4780 0.8166
vn -0.4074 0.5124 0.7559
vn 0.4074 0.5124 0.7559
vn -0.3233 0.4780 0.8166
vn 0.4688 0.5607 0.6824
vn -0.2237 0.4552 0.8618
vn -0.2316 0.8963 0.3781
vn 0.1104 0.3898 0.9142
vn 0.0000 0.3860 0.9225
vn -0.4894 0.5611 0.6675
vn -0.4766 0.6425 0.6000
vn 0.2360 0.8330 0.5004
vn 0.3990 0.7402 0.5411
vn 0.2165 0.4017 0.8898
vn -0.4579 0.4993 0.7355
vn 0.0000 0.8740 0.4859
vn 0.3135 0.4227 0.8503
vn -0.3962 0.4543 0.7979
vn 0.3962 0.4543 0.7979
vn -0.3135 0.4227 0.8503
vn 0.4579 0.4993 0.7355
vn -0.2165 0.4017 0.8898
vn -0.2360 0.8330 0.5004
vn 0.4894 0.5611 0.6675
vn -0.1104 0.3898 0.9142
vn -0.3990 0.7402 0.5411
vn 0.4766 0.6425 0.6000
vn -0.3519 0.8009 0.4844
vn -0.4844 0.8009 0.3519
vn -0.1850 0.8009 -0.5694
vn 0.0000 0.8009 -0.5987
vn 0.5694 0.8009 -0.1850
vn 0.5987 0.8009 0.0000
vn -0.1850 0.8009 0.5694
vn -0.3519 0.8009 -0.4844
vn 0.4844 0.8009 -0.3519
vn 0.0000 0.8009 0.5987
vn -0.4844 0.8009 -0.3519
vn 0.3519 0.8009 -0.4844
vn 0.1850 0.8009 0.5694
vn -0.5694 0.8009 -0.1850
vn 0.1850 0.8009 -0.5694
vn 0.3519 0.8009 0.4844
vn -0.5987 0.8009 0.0000
vn 0.4844 0.8009 0.3519
vn -0.5694 0.8009 0.1850
vn 0.5694 0.8009 0.1850
vn -0.8527 0.5224 0.0000
vn -0.8109 0.5224 -0.2635
vn 0.0000 0.5224 -0.8527
vn 0.2635 0.5224 -0.8109
vn 0.6898 0.5224 0.5012
vn 0.5012 0.5224 0.6898
vn -0.8109 0.5224 0.2635
vn 0.8109 0.5224 0.2635
vn -0.6898 0.5224 0.5012
vn 0.8527 0.5224 0.0000
vn -0.5012 0.5224 0.6898
vn -0.2635 0.5224 -0.8109
vn 0.8109 0.5224 -0.2635
vn -0.2635 0.5224 0.8109
vn -0.5012 0.5224 -0.6898
vn 0.6898 0.5224 -0.5012
vn 0.0000 0.5224 0.8527
vn -0.6898 0.5224 -0.5012
vn 0.5012 0.5224 -0.6898
vn 0.2635 0.5224 0.8109
vn -0.2064 0.7441 -0.6354
vn 0.0000 0.7441 -0.6681
vn 0.6354 0.7441 -0.2064
vn 0.6681 0.7441 0.0000
vn -0.2064 0.7441 0.6354
vn -0.3927 0.7441 0.5405
vn -0.3927 0.7441 -0.5405
vn 0.5405 0.7441 -0.3927
vn 0.0000 0.7441 0.6681
vn -0.5405 0.7441 -0.3927
vn 0.3927 0.7441 -0.5405
vn 0.2064 0.7441 0.6354
vn -0.6354 0.7441 -0.2064
vn 0.2064 0.7441 -0.6354
vn 0.3927 0.7441 0.5405
vn -0.6681 0.7441 0.0000
vn 0.5405 0.7441 0.3927
vn -0.6354 0.7441 0.2064
vn 0.6354 0.7441 0.2064
vn -0.5405 0.7441 0.3927
usemtl 1
s 1
f 16/1/1 36/2/2 35/3/3 15/4/4
f 9/5/5 29/6/6 28/7/7 8/8/8
f 2/9/9 22/10/10 21/11/11 1/12/12
f 17/13/13 37/14/14 36/15/2 16/16/1
f 10/17/15 30/18/16 29/6/6 9/5/5
f 3/19/17 23/20/18 22/10/10 2/9/9
f 18/21/19 38/22/20 37/14/14 17/13/13
f 11/23/21 31/24/22 30/18/16 10/17/15
f 4/25/23 24/26/24 23/20/18 3/19/17
f 19/27/25 39/28/26 38/22/20 18/21/19
f 12/29/27 32/30/28 31/31/22 11/32/21
f 5/33/29 25/34/30 24/26/24 4/25/23
f 20/35/31 40/36/32 39/28/26 19/27/25
f 13/37/33 33/38/34 32/30/28 12/29/27
f 6/39/35 26/40/36 25/34/30 5/33/29
f 1/41/12 21/42/11 40/36/32 20/35/31
f 14/43/37 34/44/38 33/38/34 13/37/33
f 7/45/39 27/46/40 26/47/36 6/48/35
f 15/4/4 35/3/3 34/44/38 14/43/37
f 8/8/8 28/7/7 27/46/40 7/45/39
f 23/49/18 43/50/41 42/51/42 22/52/10
f 38/53/20 58/54/43 57/55/44 37/56/14
f 31/57/22 51/58/45 50/59/46 30/60/16
f 24/61/24 44/62/47 43/50/41 23/49/18
f 39/63/26 59/64/48 58/54/43 38/53/20
f 32/65/28 52/66/49 51/58/45 31/57/22
f 25/67/30 45/68/50 44/62/47 24/61/24
f 40/69/32 60/70/51 59/64/48 39/63/26
f 33/71/34 53/72/52 52/66/49 32/65/28
f 26/73/36 46/74/53 45/68/50 25/67/30
f 21/75/11 41/76/54 60/70/51 40/69/32
f 34/77/38 54/78/55 53/72/52 33/71/34
f 27/79/40 47/80/56 46/74/53 26/73/36
f 35/81/3 55/82/57 54/78/55 34/77/38
f 28/83/7 48/84/58 47/80/56 27/79/40
f 36/85/2 56/86/59 55/82/57 35/81/3
f 29/87/6 49/88/60 48/84/58 28/83/7
f 22/52/10 42/51/42 41/76/54 21/75/11
f 37/56/14 57/55/44 56/86/59 36/85/2
f 30/60/16 50/59/46 49/88/60 29/87/6
f 55/89/57 75/90/61 74/91/62 54/92/55
f 48/93/58 68/94/63 67/95/64 47/96/56
f 56/97/59 76/98/65 75/90/61 55/89/57
f 49/99/60 69/100/66 68/94/63 48/93/58
f 42/101/42 62/102/67 61/103/68 41/104/54
f 57/105/44 77/106/69 76/107/65 56/108/59
f 50/109/46 70/110/70 69/100/66 49/99/60
f 43/111/41 63/112/71 62/102/67 42/101/42
f 58/113/43 78/114/72 77/106/69 57/105/44
f 51/115/45 71/116/68 70/110/70 50/109/46
f 44/117/47 64/118/73 63/112/71 43/111/41
f 59/119/48 79/120/74 78/114/72 58/113/43
f 52/121/49 72/122/75 71/123/68 51/124/45
f 45/125/50 65/126/76 64/118/73 44/117/47
f 60/127/51 80/128/77 79/120/74 59/119/48
f 53/129/52 73/130/78 72/122/75 52/121/49
f 46/131/53 66/132/79 65/126/76 45/125/50
f 41/133/54 61/134/68 80/128/77 60/127/51
f 54/92/55 74/91/62 73/130/78 53/129/52
f 47/96/56 67/95/64 66/135/79 46/136/53
f 72/137/75 92/138/80 91/139/80 71/140/68
f 65/141/76 85/142/80 84/143/80 64/144/73
f 80/145/77 100/146/80 99/147/80 79/148/74
f 73/149/78 93/150/80 92/138/80 72/137/75
f 66/151/79 86/152/80 85/142/80 65/141/76
f 61/153/68 81/154/80 100/146/80 80/145/77
f 74/155/62 94/156/80 93/150/80 73/149/78
f 67/157/64 87/158/80 86/152/80 66/151/79
f 75/159/61 95/160/80 94/156/80 74/155/62
f 68/161/63 88/162/80 87/158/80 67/157/64
f 76/163/65 96/164/80 95/160/80 75/159/61
f 69/165/66 89/166/80 88/162/80 68/161/63
f 62/167/67 82/168/80 81/154/80 61/153/68
f 77/169/69 97/170/80 96/164/80 76/163/65
f 70/171/70 90/172/80 89/166/80 69/165/66
f 63/173/71 83/174/80 82/168/80 62/167/67
f 78/175/72 98/176/80 97/170/80 77/169/69
f 71/140/68 91/139/80 90/172/80 70/171/70
f 64/144/73 84/143/80 83/174/80 63/173/71
f 79/148/74 99/147/80 98/176/80 78/175/72
f 89/177/80 109/178/60 108/179/58 88/180/80
f 82/181/80 102/182/42 101/183/54 81/184/80
f 97/185/80 117/186/44 116/187/59 96/188/80
f 90/189/80 110/190/46 109/178/60 89/177/80
f 83/191/80 103/192/41 102/182/42 82/181/80
f 98/193/80 118/194/43 117/186/44 97/185/80
f 91/195/80 111/196/45 110/190/46 90/189/80
f 84/197/80 104/198/47 103/192/41 83/191/80
f 99/199/80 119/200/48 118/194/43 98/193/80
f 92/201/80 112/202/49 111/196/45 91/195/80
f 85/203/80 105/204/50 104/198/47 84/197/80
f 100/205/80 120/206/51 119/200/48 99/199/80
f 93/207/80 113/208/52 112/202/49 92/201/80
f 86/209/80 106/210/53 105/204/50 85/203/80
f 81/184/80 101/183/54 120/206/51 100/205/80
f 94/211/80 114/212/55 113/208/52 93/207/80
f 87/213/80 107/214/56 106/210/53 86/209/80
f 95/215/80 115/216/57 114/212/55 94/211/80
f 88/180/80 108/179/58 107/214/56 87/213/80
f 96/188/80 116/187/59 115/216/57 95/215/80
f 106/217/53 126/218/81 125/219/82 105/220/50
f 101/221/54 121/222/83 140/223/84 120/224/51
f 114/225/55 134/226/85 133/227/86 113/228/52
f 107/229/56 127/230/87 126/231/81 106/232/53
f 115/233/57 135/234/88 134/226/85 114/225/55
f 108/235/58 128/236/89 127/230/87 107/229/56
f 116/237/59 136/238/90 135/234/88 115/233/57
f 109/239/60 129/240/91 128/236/89 108/235/58
f 102/241/42 122/242/92 121/243/83 101/244/54
f 117/245/44 137/246/93 136/247/90 116/248/59
f 110/249/46 130/250/94 129/240/91 109/239/60
f 103/251/41 123/252/95 122/242/92 102/241/42
f 118/253/43 138/254/96 137/246/93 117/245/44
f 111/255/45 131/256/97 130/250/94 110/249/46
f 104/257/47 124/258/98 123/252/95 103/251/41
f 119/259/48 139/260/99 138/254/96 118/253/43
f 112/261/49 132/262/100 131/263/97 111/264/45
f 105/220/50 125/219/82 124/258/98 104/257/47
f 120/224/51 140/223/84 139/260/99 119/259/48
f 113/228/52 133/227/86 132/262/100 112/261/49
f 123/265/95 143/266/17 142/267/9 122/268/92
f 138/269/96 158/270/19 157/271/13 137/272/93
f 131/273/97 151/274/21 150/275/15 130/276/94
f 124/277/98 144/278/23 143/266/17 123/265/95
f 139/279/99 159/280/25 158/270/19 138/269/96
f 132/281/100 152/282/27 151/274/21 131/273/97
f 125/283/82 145/284/29 144/278/23 124/277/98
f 140/285/84 160/286/31 159/280/25 139/279/99
f 133/287/86 153/288/33 152/282/27 132/281/100
f 126/289/81 146/290/35 145/284/29 125/283/82
f 121/291/83 141/292/12 160/286/31 140/285/84
f 134/293/85 154/294/37 153/288/33 133/287/86
f 127/295/87 147/296/39 146/290/35 126/289/81
f 135/297/88 155/298/4 154/294/37 134/293/85
f 128/299/89 148/300/8 147/296/39 127/295/87
f 136/301/90 156/302/1 155/298/4 135/297/88
f 129/303/91 149/304/5 148/300/8 128/299/89
f 122/268/92 142/267/9 141/292/12 121/291/83
f 137/272/93 157/271/13 156/302/1 136/301/90
f 130/276/94 150/275/15 149/304/5 129/303/91
f 155/305/4 175/306/3 174/307/38 154/308/37
f 148/309/8 168/310/7 167/311/40 147/312/39
f 156/313/1 176/314/2 175/306/3 155/305/4
f 149/315/5 169/316/6 168/310/7 148/309/8
f 142/317/9 162/318/10 161/319/11 141/320/12
f 157/321/13 177/322/14 176/323/2 156/324/1
f 150/325/15 170/326/16 169/316/6 149/315/5
f 143/327/17 163/328/18 162/318/10 142/317/9
f 158/329/19 178/330/20 177/322/14 157/321/13
f 151/331/21 171/332/22 170/326/16 150/325/15
f 144/333/23 164/334/24 163/328/18 143/327/17
f 159/335/25 179/336/26 178/330/20 158/329/19
f 152/337/27 172/338/28 171/339/22 151/340/21
f 145/341/29 165/342/30 164/334/24 144/333/23
f 160/343/31 180/344/32 179/336/26 159/335/25
f 153/345/33 173/346/34 172/338/28 152/337/27
f 146/347/35 166/348/36 165/342/30 145/341/29
f 141/349/12 161/350/11 180/344/32 160/343/31
f 154/308/37 174/307/38 173/346/34 153/345/33
f 147/312/39 167/311/40 166/351/36 146/352/35
f 179/353/26 199/354/101 198/355/101 178/356/20
f 172/357/28 192/358/101 191/359/101 171/360/22
f 165/361/30 185/362/101 184/363/101 164/364/24
f 180/365/32 200/366/101 199/354/101 179/353/26
f 173/367/34 193/368/101 192/358/101 172/357/28
f 166/369/36 186/370/101 185/362/101 165/361/30
f 161/371/11 181/372/101 200/366/101 180/365/32
f 174/373/38 194/374/101 193/368/101 173/367/34
f 167/375/40 187/376/101 186/370/101 166/369/36
f 175/377/3 195/378/101 194/374/101 174/373/38
f 168/379/7 188/380/101 187/376/101 167/375/40
f 176/381/2 196/382/101 195/378/101 175/377/3
f 169/383/6 189/384/101 188/380/101 168/379/7
f 162/385/10 182/386/101 181/372/101 161/371/11
f 177/387/14 197/388/101 196/382/101 176/381/2
f 170/389/16 190/390/101 189/384/101 169/383/6
f 163/391/18 183/392/101 182/386/101 162/385/10
f 178/356/20 198/355/101 197/388/101 177/387/14
f 171/360/22 191/359/101 190/390/101 170/389/16
f 164/364/24 184/363/101 183/392/101 163/391/18
f 196/393/101 216/394/65 215/395/61 195/396/101
f 189/397/101 209/398/66 208/399/63 188/400/101
f 182/401/101 202/402/67 201/403/68 181/404/101
f 197/405/101 217/406/69 216/394/65 196/393/101
f 190/407/101 210/408/70 209/398/66 189/397/101
f 183/409/101 203/410/71 202/402/67 182/401/101
f 198/411/101 218/412/72 217/406/69 197/405/101
f 191/413/101 211/414/68 210/408/70 190/407/101
f 184/415/101 204/416/73 203/410/71 183/409/101
f 199/417/101 219/418/74 218/412/72 198/411/101
f 192/419/101 212/420/75 211/414/68 191/413/101
f 185/421/101 205/422/76 204/416/73 184/415/101
f 200/423/101 220/424/77 219/418/74 199/417/101
f 193/425/101 213/426/78 212/420/75 192/419/101
f 186/427/101 206/428/79 205/422/76 185/421/101
f 181/404/101 201/403/68 220/424/77 200/423/101
f 194/429/101 214/430/62 213/426/78 193/425/101
f 187/431/101 207/432/64 206/428/79 186/427/101
f 195/396/101 215/395/61 214/430/62 194/429/101
f 188/400/101 208/399/63 207/432/64 187/431/101
f 213/433/78 233/434/86 232/435/100 212/436/75
f 206/437/79 226/438/81 225/439/82 205/440/76
f 201/441/68 221/442/83 240/443/84 220/444/77
f 214/445/62 234/446/85 233/434/86 213/433/78
f 207/447/64 227/448/87 226/449/81 206/450/79
f 215/451/61 235/452/88 234/446/85 214/445/62
f 208/453/63 228/454/89 227/448/87 207/447/64
f 216/455/65 236/456/90 235/452/88 215/451/61
f 209/457/66 229/458/91 228/454/89 208/453/63
f 202/459/67 222/460/92 221/461/83 201/462/68
f 217/463/69 237/464/93 236/465/90 216/466/65
f 210/467/70 230/468/94 229/458/91 209/457/66
f 203/469/71 223/470/95 222/460/92 202/459/67
f 218/471/72 238/472/96 237/464/93 217/463/69
f 211/473/68 231/474/97 230/468/94 210/467/70
f 204/475/73 224/476/98 223/470/95 203/469/71
f 219/477/74 239/478/99 238/472/96 218/471/72
f 212/436/75 232/435/100 231/479/97 211/480/68
f 205/440/76 225/439/82 224/476/98 204/475/73
f 220/444/77 240/443/84 239/478/99 219/477/74
f 230/481/94 250/482/15 249/483/5 229/484/91
f 223/485/95 243/486/17 242/487/9 222/488/92
f 238/489/96 258/490/19 257/491/13 237/492/93
f 231/493/97 251/494/21 250/482/15 230/481/94
f 224/495/98 244/496/23 243/486/17 223/485/95
f 239/497/99 259/498/25 258/490/19 238/489/96
f 232/499/100 252/500/27 251/494/21 231/493/97
f 225/501/82 245/502/29 244/496/23 224/495/98
f 240/503/84 260/504/31 259/498/25 239/497/99
f 233/505/86 253/506/33 252/500/27 232/499/100
f 226/507/81 246/508/35 245/502/29 225/501/82
f 221/509/83 241/510/12 260/504/31 240/503/84
f 234/511/85 254/512/37 253/506/33 233/505/86
f 227/513/87 247/514/39 246/508/35 226/507/81
f 235/515/88 255/516/4 254/512/37 234/511/85
f 228/517/89 248/518/8 247/514/39 227/513/87
f 236/519/90 256/520/1 255/516/4 235/515/88
f 229/484/91 249/483/5 248/518/8 228/517/89
f 222/488/92 242/487/9 241/510/12 221/509/83
f 237/492/93 257/491/13 256/520/1 236/519/90
f 247/521/39 267/522/102 266/523/103 246/524/35
f 255/525/4 275/526/104 274/527/105 254/528/37
f 248/529/8 268/530/106 267/522/102 247/521/39
f 256/531/1 276/532/107 275/526/104 255/525/4
f 249/533/5 269/534/108 268/530/106 248/529/8
f 242/535/9 262/536/109 261/537/110 241/538/12
f 257/539/13 277/540/111 276/541/107 256/542/1
f 250/543/15 270/544/112 269/534/108 249/533/5
f 243/545/17 263/546/113 262/536/109 242/535/9
f 258/547/19 278/548/114 277/540/111 257/539/13
f 251/549/21 271/550/115 270/544/112 250/543/15
f 244/551/23 264/552/116 263/546/113 243/545/17
f 259/553/25 279/554/117 278/548/114 258/547/19
f 252/555/27 272/556/118 271/557/115 251/558/21
f 245/559/29 265/560/119 264/552/116 244/551/23
f 260/561/31 280/562/120 279/554/117 259/553/25
f 253/563/33 273/564/121 272/556/118 252/555/27
f 246/565/35 266/566/103 265/560/119 245/559/29
f 241/567/12 261/568/110 280/562/120 260/561/31
f 254/528/37 274/527/105 273/564/121 253/563/33
f 264/569/116 284/570/122 283/571/123 263/572/113
f 279/573/117 299/574/124 298/575/125 278/576/114
f 272/577/118 292/578/126 291/579/127 271/580/115
f 265/581/119 285/582/128 284/570/122 264/569/116
f 280/583/120 300/584/129 299/574/124 279/573/117
f 273/585/121 293/586/130 292/578/126 272/577/118
f 266/587/103 286/588/131 285/582/128 265/581/119
f 261/589/110 281/590/132 300/584/129 280/583/120
f 274/591/105 294/592/133 293/586/130 273/585/121
f 267/593/102 287/594/134 286/588/131 266/587/103
f 275/595/104 295/596/135 294/592/133 274/591/105
f 268/597/106 288/598/136 287/594/134 267/593/102
f 276/599/107 296/600/137 295/596/135 275/595/104
f 269/601/108 289/602/138 288/598/136 268/597/106
f 262/603/109 282/604/139 281/590/132 261/589/110
f 277/605/111 297/606/140 296/600/137 276/599/107
f 270/607/112 290/608/141 289/602/138 269/601/108
f 263/572/113 283/571/123 282/604/139 262/603/109
f 278/576/114 298/575/125 297/606/140 277/605/111
f 271/580/115 291/579/127 290/608/141 270/607/112
f 296/609/137 316/610/2 315/611/3 295/612/135
f 289/613/138 309/614/6 308/615/7 288/616/136
f 282/617/139 302/618/10 301/619/11 281/620/132
f 297/621/140 317/622/14 316/623/2 296/624/137
f 290/625/141 310/626/16 309/614/6 289/613/138
f 283/627/123 303/628/18 302/618/10 282/617/139
f 298/629/125 318/630/20 317/622/14 297/621/140
f 291/631/127 311/632/22 310/626/16 290/625/141
f 284/633/122 304/634/24 303/628/18 283/627/123
f 299/635/124 319/636/26 318/630/20 298/629/125
f 292/637/126 312/638/28 311/639/22 291/640/127
f 285/641/128 305/642/30 304/634/24 284/633/122
f 300/643/129 320/644/32 319/636/26 299/635/124
f 293/645/130 313/646/34 312/638/28 292/637/126
f 286/647/131 306/648/36 305/642/30 285/641/128
f 281/649/132 301/650/11 320/644/32 300/643/129
f 294/651/133 314/652/38 313/646/34 293/645/130
f 287/653/134 307/654/40 306/655/36 286/656/131
f 295/612/135 315/611/3 314/652/38 294/651/133
f 288/616/136 308/615/7 307/654/40 287/653/134
f 313/657/34 333/658/142 332/659/143 312/660/28
f 306/661/36 326/662/144 325/663/145 305/664/30
f 301/665/11 321/666/146 340/667/147 320/668/32
f 314/669/38 334/670/148 333/658/142 313/657/34
f 307/671/40 327/672/149 326/662/144 306/661/36
f 315/673/3 335/674/150 334/670/148 314/669/38
f 308/675/7 328/676/151 327/672/149 307/671/40
f 316/677/2 336/678/152 335/674/150 315/673/3
f 309/679/6 329/680/153 328/676/151 308/675/7
f 302/681/10 322/682/154 321/666/146 301/665/11
f 317/683/14 337/684/155 336/678/152 316/677/2
f 310/685/16 330/686/156 329/680/153 309/679/6
f 303/687/18 323/688/157 322/682/154 302/681/10
f 318/689/20 338/690/158 337/684/155 317/683/14
f 311/691/22 331/692/159 330/686/156 310/685/16
f 304/693/24 324/694/160 323/688/157 303/687/18
f 319/695/26 339/696/161 338/690/158 318/689/20
f 312/660/28 332/659/143 331/692/159 311/691/22
f 305/664/30 325/663/145 324/694/160 304/693/24
f 320/668/32 340/667/147 339/696/161 319/695/26
f 330/697/156 350/698/162 349/699/163 329/700/153
f 323/701/157 343/702/164 342/703/165 322/704/154
f 338/705/158 358/706/166 357/707/167 337/708/155
f 331/709/159 351/710/168 350/698/162 330/697/156
f 324/711/160 344/712/169 343/702/164 323/701/157
f 339/713/161 359/714/170 358/706/166 338/705/158
f 332/715/143 352/716/171 351/717/168 331/718/159
f 325/719/145 345/720/172 344/712/169 324/711/160
f 340/721/147 360/722/173 359/714/170 339/713/161
f 333/723/142 353/724/174 352/716/171 332/715/143
f 326/725/144 346/726/175 345/720/172 325/719/145
f 321/727/146 341/728/176 360/722/173 340/721/147
f 334/729/148 354/730/177 353/724/174 333/723/142
f 327/731/149 347/732/178 346/733/175 326/734/144
f 335/735/150 355/736/179 354/730/177 334/729/148
f 328/737/151 348/738/180 347/732/178 327/731/149
f 336/739/152 356/740/181 355/736/179 335/735/150
f 329/700/153 349/699/163 348/738/180 328/737/151
f 322/704/154 342/703/165 341/741/176 321/742/146
f 337/708/155 357/707/167 356/743/181 336/744/152
f 347/732/178 367/745/182 366/746/183 346/733/175
f 355/736/179 375/747/184 374/748/185 354/730/177
f 348/738/180 368/749/186 367/745/182 347/732/178
f 356/740/181 376/750/187 375/747/184 355/736/179
f 349/699/163 369/751/188 368/749/186 348/738/180
f 342/703/165 362/752/189 361/753/190 341/741/176
f 357/707/167 377/754/191 376/755/187 356/743/181
f 350/698/162 370/756/192 369/751/188 349/699/163
f 343/702/164 363/757/193 362/752/189 342/703/165
f 358/706/166 378/758/194 377/754/191 357/707/167
f 351/710/168 371/759/195 370/756/192 350/698/162
f 344/712/169 364/760/196 363/757/193 343/702/164
f 359/714/170 379/761/197 378/758/194 358/706/166
f 352/716/171 372/762/198 371/763/195 351/717/168
f 345/720/172 365/764/199 364/760/196 344/712/169
f 360/722/173 380/765/200 379/761/197 359/714/170
f 353/724/174 373/766/201 372/762/198 352/716/171
f 346/726/175 366/767/183 365/764/199 345/720/172
f 341/728/176 361/768/190 380/765/200 360/722/173
f 354/730/177 374/748/185 373/766/201 353/724/174
f 364/760/196 384/769/202 383/770/203 363/757/193
f 379/761/197 399/771/204 398/772/205 378/758/194
f 372/762/198 392/773/206 391/774/207 371/763/195
f 365/764/199 385/775/208 384/769/202 364/760/196
f 380/765/200 400/776/209 399/771/204 379/761/197
f 373/766/201 393/777/210 392/773/206 372/762/198
f 366/767/183 386/778/211 385/775/208 365/764/199
f 361/768/190 381/779/212 400/776/209 380/765/200
f 374/748/185 394/780/213 393/777/210 373/766/201
f 367/745/182 387/781/214 386/782/211 366/746/183
f 375/747/184 395/783/215 394/780/213 374/748/185
f 368/749/186 388/784/216 387/781/214 367/745/182
f 376/750/187 396/785/217 395/783/215 375/747/184
f 369/751/188 389/786/218 388/784/216 368/749/186
f 362/752/189 382/787/219 381/788/212 361/753/190
f 377/754/191 397/789/220 396/790/217 376/755/187
f 370/756/192 390/791/221 389/786/218 369/751/188
f 363/757/193 383/770/203 382/787/219 362/752/189
f 378/758/194 398/772/205 397/789/220 377/754/191
f 371/759/195 391/792/207 390/791/221 370/756/192
f 396/785/217 416/793/222 415/794/223 395/783/215
f 389/786/218 409/795/224 408/796/225 388/784/216
f 382/787/219 402/797/226 401/798/227 381/788/212
f 397/789/220 417/799/228 416/800/222 396/790/217
f 390/791/221 410/801/229 409/795/224 389/786/218
f 383/770/203 403/802/230 402/797/226 382/787/219
f 398/772/205 418/803/231 417/799/228 397/789/220
f 391/792/207 411/804/232 410/801/229 390/791/221
f 384/769/202 404/805/233 403/802/230 383/770/203
f 399/771/204 419/806/234 418/803/231 398/772/205
f 392/773/206 412/807/235 411/808/232 391/774/207
f 385/775/208 405/809/236 404/805/233 384/769/202
f 400/776/209 420/810/237 419/806/234 399/771/204
f 393/777/210 413/811/238 412/807/235 392/773/206
f 386/778/211 406/812/239 405/809/236 385/775/208
f 381/779/212 401/813/227 420/810/237 400/776/209
f 394/780/213 414/814/240 413/811/238 393/777/210
f 387/781/214 407/815/241 406/816/239 386/782/211
f 395/783/215 415/794/223 414/814/240 394/780/213
f 388/784/216 408/796/225 407/815/241 387/781/214
f 420/810/237 440/817/242 439/818/243 419/806/234
f 413/811/238 433/819/244 432/820/245 412/807/235
f 406/812/239 426/821/246 425/822/247 405/809/236
f 401/813/227 421/823/248 440/817/242 420/810/237
f 414/814/240 434/824/249 433/819/244 413/811/238
f 407/815/241 427/825/250 426/826/246 406/816/239
f 415/794/223 435/827/251 434/824/249 414/814/240
f 408/796/225 428/828/252 427/825/250 407/815/241
f 416/793/222 436/829/253 435/827/251 415/794/223
f 409/795/224 429/830/254 428/828/252 408/796/225
f 402/797/226 422/831/255 421/832/248 401/798/227
f 417/799/228 437/833/256 436/834/253 416/800/222
f 410/801/229 430/835/257 429/830/254 409/795/224
f 403/802/230 423/836/258 422/831/255 402/797/226
f 418/803/231 438/837/259 437/833/256 417/799/228
f 411/804/232 431/838/260 430/835/257 410/801/229
f 404/805/233 424/839/261 423/836/258 403/802/230
f 419/806/234 439/818/243 438/837/259 418/803/231
f 412/807/235 432/820/245 431/840/260 411/808/232
f 405/809/236 425/822/247 424/839/261 404/805/233
f 437/833/256 457/841/262 456/842/263 436/834/253
f 430/835/257 450/843/264 449/844/265 429/830/254
f 423/836/258 443/845/266 442/846/267 422/831/255
f 438/837/259 458/847/268 457/841/262 437/833/256
f 431/838/260 451/848/269 450/843/264 430/835/257
f 424/839/261 444/849/270 443/845/266 423/836/258
f 439/818/243 459/850/271 458/847/268 438/837/259
f 432/820/245 452/851/272 451/852/269 431/840/260
f 425/822/247 445/853/273 444/849/270 424/839/261
f 440/817/242 460/854/274 459/850/271 439/818/243
f 433/819/244 453/855/275 452/851/272 432/820/245
f 426/821/246 446/856/276 445/853/273 425/822/247
f 421/823/248 441/857/277 460/854/274 440/817/242
f 434/824/249 454/858/278 453/855/275 433/819/244
f 427/825/250 447/859/279 446/860/276 426/826/246
f 435/827/251 455/861/280 454/858/278 434/824/249
f 428/828/252 448/862/281 447/859/279 427/825/250
f 436/829/253 456/863/263 455/861/280 435/827/251
f 429/830/254 449/844/265 448/862/281 428/828/252
f 422/831/255 442/846/267 441/864/277 421/832/248
f 454/858/278 474/865/282 473/866/283 453/855/275
f 447/859/279 467/867/284 466/868/285 446/860/276
f 455/861/280 475/869/286 474/865/282 454/858/278
f 448/862/281 468/870/287 467/867/284 447/859/279
f 456/863/263 476/871/288 475/869/286 455/861/280
f 449/844/265 469/872/289 468/870/287 448/862/281
f 442/846/267 462/873/290 461/874/291 441/864/277
f 457/841/262 477/875/292 476/876/288 456/842/263
f 450/843/264 470/877/293 469/872/289 449/844/265
f 443/845/266 463/878/294 462/873/290 442/846/267
f 458/847/268 478/879/295 477/875/292 457/841/262
f 451/848/269 471/880/296 470/877/293 450/843/264
f 444/849/270 464/881/297 463/878/294 443/845/266
f 459/850/271 479/882/298 478/879/295 458/847/268
f 452/851/272 472/883/299 471/884/296 451/852/269
f 445/853/273 465/885/300 464/881/297 444/849/270
f 460/854/274 480/886/301 479/882/298 459/850/271
f 453/855/275 473/866/283 472/883/299 452/851/272
f 446/856/276 466/887/285 465/885/300 445/853/273
f 441/857/277 461/888/291 480/886/301 460/854/274
f 471/880/296 491/889/302 490/890/303 470/877/293
f 464/881/297 484/891/304 483/892/305 463/878/294
f 479/882/298 499/893/306 498/894/307 478/879/295
f 472/883/299 492/895/308 491/896/302 471/884/296
f 465/885/300 485/897/309 484/891/304 464/881/297
f 480/886/301 500/898/310 499/893/306 479/882/298
f 473/866/283 493/899/311 492/895/308 472/883/299
f 466/887/285 486/900/312 485/897/309 465/885/300
f 461/888/291 481/901/313 500/898/310 480/886/301
f 474/865/282 494/902/314 493/899/311 473/866/283
f 467/867/284 487/903/315 486/904/312 466/868/285
f 475/869/286 495/905/316 494/902/314 474/865/282
f 468/870/287 488/906/317 487/903/315 467/867/284
f 476/871/288 496/907/318 495/905/316 475/869/286
f 469/872/289 489/908/319 488/906/317 468/870/287
f 462/873/290 482/909/320 481/910/313 461/874/291
f 477/875/292 497/911/321 496/912/318 476/876/288
f 470/877/293 490/890/303 489/908/319 469/872/289
f 463/878/294 483/892/305 482/909/320 462/873/290
f 478/879/295 498/894/307 497/911/321 477/875/292
f 488/906/317 508/913/322 507/914/323 487/903/315
f 496/907/318 516/915/324 515/916/325 495/905/316
f 489/908/319 509/917/326 508/913/322 488/906/317
f 482/909/320 502/918/327 501/919/328 481/910/313
f 497/911/321 517/920/329 516/921/324 496/912/318
f 490/890/303 510/922/330 509/917/326 489/908/319
f 483/892/305 503/923/331 502/918/327 482/909/320
f 498/894/307 518/924/332 517/920/329 497/911/321
f 491/889/302 511/925/333 510/922/330 490/890/303
f 484/891/304 504/926/334 503/923/331 483/892/305
f 499/893/306 519/927/335 518/924/332 498/894/307
f 492/895/308 512/928/336 511/929/333 491/896/302
f 485/897/309 505/930/337 504/926/334 484/891/304
f 500/898/310 520/931/338 519/927/335 499/893/306
f 493/899/311 513/932/339 512/928/336 492/895/308
f 486/900/312 506/933/340 505/930/337 485/897/309
f 481/901/313 501/934/328 520/931/338 500/898/310
f 494/902/314 514/935/341 513/932/339 493/899/311
f 487/903/315 507/914/323 506/936/340 486/904/312
f 495/905/316 515/916/325 514/935/341 494/902/314
f 505/937/337 525/938/342 524/939/343 504/940/334
f 520/941/338 540/942/344 539/943/345 519/944/335
f 513/945/339 533/946/346 532/947/347 512/948/336
f 506/949/340 526/950/348 525/938/342 505/937/337
f 501/951/328 521/952/349 540/942/344 520/941/338
f 514/953/341 534/954/350 533/946/346 513/945/339
f 507/955/323 527/956/351 526/950/348 506/949/340
f 515/957/325 535/958/352 534/954/350 514/953/341
f 508/959/322 528/960/353 527/956/351 507/955/323
f 516/961/324 536/962/354 535/958/352 515/957/325
f 509/963/326 529/964/355 528/960/353 508/959/322
f 502/965/327 522/966/356 521/952/349 501/951/328
f 517/967/329 537/968/357 536/962/354 516/961/324
f 510/969/330 530/970/358 529/964/355 509/963/326
f 503/971/331 523/972/359 522/966/356 502/965/327
f 518/973/332 538/974/360 537/968/357 517/967/329
f 511/975/333 531/976/361 530/970/358 510/969/330
f 504/940/334 524/939/343 523/972/359 503/971/331
f 519/944/335 539/943/345 538/974/360 518/973/332
f 512/948/336 532/947/347 531/976/361 511/975/333
f 522/977/356 542/978/362 541/979/363 521/980/349
f 537/981/357 557/982/364 556/983/365 536/984/354
f 530/985/358 550/986/366 549/987/367 529/988/355
f 523/989/359 543/990/368 542/978/362 522/977/356
f 538/991/360 558/992/369 557/982/364 537/981/357
f 531/993/361 551/994/370 550/986/366 530/985/358
f 524/995/343 544/996/371 543/990/368 523/989/359
f 539/997/345 559/998/372 558/992/369 538/991/360
f 532/999/347 552/1000/373 551/1001/370 531/1002/361
f 525/1003/342 545/1004/374 544/996/371 524/995/343
f 540/1005/344 560/1006/375 559/998/372 539/997/345
f 533/1007/346 553/1008/376 552/1000/373 532/999/347
f 526/1009/348 546/1010/377 545/1004/374 525/1003/342
f 521/1011/349 541/1012/363 560/1006/375 540/1005/344
f 534/1013/350 554/1014/378 553/1008/376 533/1007/346
f 527/1015/351 547/1016/379 546/1017/377 526/1018/348
f 535/1019/352 555/1020/380 554/1014/378 534/1013/350
f 528/1021/353 548/1022/381 547/1016/379 527/1015/351
f 536/1023/354 556/1024/365 555/1020/380 535/1019/352
f 529/988/355 549/987/367 548/1022/381 528/1021/353
f 554/1014/378 574/1025/382 573/1026/383 553/1008/376
f 547/1016/379 567/1027/384 566/1028/385 546/1017/377
f 555/1020/380 575/1029/386 574/1025/382 554/1014/378
f 548/1022/381 568/1030/387 567/1027/384 547/1016/379
f 556/1024/365 576/1031/388 575/1029/386 555/1020/380
f 549/987/367 569/1032/389 568/1030/387 548/1022/381
f 542/978/362 562/1033/390 561/1034/391 541/979/363
f 557/982/364 577/1035/392 576/1036/388 556/983/365
f 550/986/366 570/1037/393 569/1032/389 549/987/367
f 543/990/368 563/1038/394 562/1033/390 542/978/362
f 558/992/369 578/1039/395 577/1035/392 557/982/364
f 551/994/370 571/1040/396 570/1037/393 550/986/366
f 544/996/371 564/1041/397 563/1038/394 543/990/368
f 559/998/372 579/1042/398 578/1039/395 558/992/369
f 552/1000/373 572/1043/399 571/1044/396 551/1001/370
f 545/1004/374 565/1045/400 564/1041/397 544/996/371
f 560/1006/375 580/1046/401 579/1042/398 559/998/372
f 553/1008/376 573/1026/383 572/1043/399 552/1000/373
f 546/1010/377 566/1047/385 565/1045/400 545/1004/374
f 541/1012/363 561/1048/391 580/1046/401 560/1006/375
f 571/1040/396 591/1049/402 590/1050/403 570/1037/393
f 564/1041/397 584/1051/404 583/1052/405 563/1038/394
f 579/1042/398 599/1053/406 598/1054/407 578/1039/395
f 572/1043/399 592/1055/408 591/1056/402 571/1044/396
f 565/1045/400 585/1057/409 584/1051/404 564/1041/397
f 580/1046/401 600/1058/410 599/1053/406 579/1042/398
f 573/1026/383 593/1059/411 592/1055/408 572/1043/399
f 566/1047/385 586/1060/412 585/1057/409 565/1045/400
f 561/1048/391 581/1061/413 600/1058/410 580/1046/401
f 574/1025/382 594/1062/414 593/1059/411 573/1026/383
f 567/1027/384 587/1063/415 586/1064/412 566/1028/385
f 575/1029/386 595/1065/416 594/1062/414 574/1025/382
f 568/1030/387 588/1066/417 587/1063/415 567/1027/384
f 576/1031/388 596/1067/418 595/1065/416 575/1029/386
f 569/1032/389 589/1068/419 588/1066/417 568/1030/387
f 562/1033/390 582/1069/420 581/1070/413 561/1034/391
f 577/1035/392 597/1071/421 596/1072/418 576/1036/388
f 570/1037/393 590/1050/403 589/1068/419 569/1032/389
f 563/1038/394 583/1052/405 582/1069/420 562/1033/390
f 578/1039/395 598/1054/407 597/1071/421 577/1035/392
f 588/1066/417 608/1073/422 607/1074/423 587/1063/415
f 596/1067/418 616/1075/424 615/1076/425 595/1065/416
f 589/1068/419 609/1077/426 608/1073/422 588/1066/417
f 582/1069/420 602/1078/427 601/1079/428 581/1070/413
f 597/1071/421 617/1080/429 616/1081/424 596/1072/418
f 590/1050/403 610/1082/430 609/1077/426 589/1068/419
f 583/1052/405 603/1083/431 602/1078/427 582/1069/420
f 598/1054/407 618/1084/432 617/1080/429 597/1071/421
f 591/1049/402 611/1085/433 610/1082/430 590/1050/403
f 584/1051/404 604/1086/434 603/1083/431 583/1052/405
f 599/1053/406 619/1087/435 618/1084/432 598/1054/407
f 592/1055/408 612/1088/436 611/1089/433 591/1056/402
f 585/1057/409 605/1090/437 604/1086/434 584/1051/404
f 600/1058/410 620/1091/438 619/1087/435 599/1053/406
f 593/1059/411 613/1092/439 612/1088/436 592/1055/408
f 586/1060/412 606/1093/440 605/1090/437 585/1057/409
f 581/1061/413 601/1094/428 620/1091/438 600/1058/410
f 594/1062/414 614/1095/441 613/1092/439 593/1059/411
f 587/1063/415 607/1074/423 606/1096/440 586/1064/412
f 595/1065/416 615/1076/425 614/1095/441 594/1062/414
f 605/1090/437 625/1097/442 624/1098/443 604/1086/434
f 620/1091/438 640/1099/444 639/1100/445 619/1087/435
f 613/1092/439 633/1101/446 632/1102/447 612/1088/436
f 606/1093/440 626/1103/448 625/1097/442 605/1090/437
f 601/1094/428 621/1104/449 640/1099/444 620/1091/438
f 614/1095/441 634/1105/450 633/1101/446 613/1092/439
f 607/1074/423 627/1106/451 626/1107/448 606/1096/440
f 615/1076/425 635/1108/452 634/1105/450 614/1095/441
f 608/1073/422 628/1109/453 627/1106/451 607/1074/423
f 616/1075/424 636/1110/454 635/1108/452 615/1076/425
f 609/1077/426 629/1111/455 628/1109/453 608/1073/422
f 602/1078/427 622/1112/456 621/1113/449 601/1079/428
f 617/1080/429 637/1114/457 636/1115/454 616/1081/424
f 610/1082/430 630/1116/458 629/1111/455 609/1077/426
f 603/1083/431 623/1117/459 622/1112/456 602/1078/427
f 618/1084/432 638/1118/460 637/1114/457 617/1080/429
f 611/1085/433 631/1119/461 630/1116/458 610/1082/430
f 604/1086/434 624/1098/443 623/1117/459 603/1083/431
f 619/1087/435 639/1100/445 638/1118/460 618/1084/432
f 612/1088/436 632/1102/447 631/1120/461 611/1089/433
f 622/1112/456 642/1121/462 641/1122/463 621/1113/449
f 637/1114/457 657/1123/464 656/1124/465 636/1115/454
f 630/1116/458 650/1125/466 649/1126/467 629/1111/455
f 623/1117/459 643/1127/468 642/1121/462 622/1112/456
f 638/1118/460 658/1128/469 657/1123/464 637/1114/457
f 631/1119/461 651/1129/470 650/1125/466 630/1116/458
f 624/1098/443 644/1130/471 643/1127/468 623/1117/459
f 639/1100/445 659/1131/472 658/1128/469 638/1118/460
f 632/1102/447 652/1132/473 651/1133/470 631/1120/461
f 625/1097/442 645/1134/474 644/1130/471 624/1098/443
f 640/1099/444 660/1135/475 659/1131/472 639/1100/445
f 633/1101/446 653/1136/476 652/1132/473 632/1102/447
f 626/1103/448 646/1137/477 645/1134/474 625/1097/442
f 621/1104/449 641/1138/463 660/1135/475 640/1099/444
f 634/1105/450 654/1139/478 653/1136/476 633/1101/446
f 627/1106/451 647/1140/479 646/1141/477 626/1107/448
f 635/1108/452 655/1142/480 654/1139/478 634/1105/450
f 628/1109/453 648/1143/481 647/1140/479 627/1106/451
f 636/1110/454 656/1144/465 655/1142/480 635/1108/452
f 629/1111/455 649/1126/467 648/1143/481 628/1109/453
f 641/1138/463 661/1145/482 680/1146/483 660/1135/475
f 654/1139/478 674/1147/484 673/1148/485 653/1136/476
f 647/1140/479 667/1149/486 666/1150/487 646/1141/477
f 655/1142/480 675/1151/488 674/1147/484 654/1139/478
f 648/1143/481 668/1152/489 667/1149/486 647/1140/479
f 656/1144/465 676/1153/490 675/1151/488 655/1142/480
f 649/1126/467 669/1154/491 668/1152/489 648/1143/481
f 642/1121/462 662/1155/492 661/1156/482 641/1122/463
f 657/1123/464 677/1157/493 676/1158/490 656/1124/465
f 650/1125/466 670/1159/494 669/1154/491 649/1126/467
f 643/1127/468 663/1160/495 662/1155/492 642/1121/462
f 658/1128/469 678/1161/496 677/1157/493 657/1123/464
f 651/1129/470 671/1162/497 670/1159/494 650/1125/466
f 644/1130/471 664/1163/498 663/1160/495 643/1127/468
f 659/1131/472 679/1164/499 678/1161/496 658/1128/469
f 652/1132/473 672/1165/500 671/1166/497 651/1133/470
f 645/1134/474 665/1167/501 664/1163/498 644/1130/471
f 660/1135/475 680/1146/483 679/1164/499 659/1131/472
f 653/1136/476 673/1148/485 672/1165/500 652/1132/473
f 646/1137/477 666/1168/487 665/1167/501 645/1134/474
f 678/1169/496 698/1170/502 697/1171/503 677/1172/493
f 671/1173/497 691/1174/504 690/1175/505 670/1176/494
f 664/1163/498 684/1177/506 683/1178/507 663/1160/495
f 679/1164/499 699/1179/508 698/1180/502 678/1161/496
f 672/1181/500 692/1182/509 691/1174/504 671/1173/497
f 665/1183/501 685/1184/510 684/1185/506 664/1186/498
f 680/1187/483 700/1188/511 699/1189/508 679/1190/499
f 673/1191/485 693/1192/512 692/1182/509 672/1181/500
f 666/1193/487 686/1194/513 685/1184/510 665/1183/501
f 661/1195/482 681/1196/514 700/1188/511 680/1187/483
f 674/1147/484 694/1197/515 693/1198/512 673/1148/485
f 667/1199/486 687/1200/516 686/1194/513 666/1193/487
f 675/1201/488 695/1202/517 694/1203/515 674/1204/484
f 668/1205/489 688/1206/518 687/1200/516 667/1199/486
f 676/1207/490 696/1208/519 695/1202/517 675/1201/488
f 669/1154/491 689/1209/520 688/1210/518 668/1152/489
f 662/1211/492 682/1212/521 681/1196/514 661/1195/482
f 677/1172/493 697/1171/503 696/1208/519 676/1207/490
f 670/1176/494 690/1175/505 689/1213/520 669/1214/491
f 663/1215/495 683/1216/507 682/1212/521 662/1211/492
f 695/1217/517 715/1218/68 714/1219/68 694/1220/515
f 688/1221/518 708/1222/68 707/1223/68 687/1224/516
f 696/1225/519 716/1226/68 715/1218/68 695/1217/517
f 689/1227/520 709/1228/68 708/1222/68 688/1221/518
f 682/1229/521 702/1230/68 701/1231/68 681/1232/514
f 697/1233/503 717/1234/68 716/1226/68 696/1225/519
f 690/1235/505 710/1236/68 709/1228/68 689/1227/520
f 683/1237/507 703/1238/68 702/1230/68 682/1229/521
f 698/1239/502 718/1240/68 717/1234/68 697/1233/503
f 691/1241/504 711/1242/68 710/1236/68 690/1235/505
f 684/1243/506 704/1244/68 703/1238/68 683/1237/507
f 699/1245/508 719/1246/68 718/1240/68 698/1239/502
f 692/1247/509 712/1248/68 711/1242/68 691/1241/504
f 685/1249/510 705/1250/68 704/1244/68 684/1243/506
f 700/1251/511 720/1252/68 719/1246/68 699/1245/508
f 693/1253/512 713/1254/68 712/1248/68 692/1247/509
f 686/1255/513 706/1256/68 705/1250/68 685/1249/510
f 681/1232/514 701/1231/68 720/1252/68 700/1251/511
f 694/1220/515 714/1219/68 713/1254/68 693/1253/512
f 687/1224/516 707/1223/68 706/1256/68 686/1255/513
f 712/1248/68 732/1257/522 731/1258/523 711/1242/68
f 705/1250/68 725/1259/524 724/1260/525 704/1244/68
f 720/1252/68 740/1261/526 739/1262/527 719/1246/68
f 713/1254/68 733/1263/528 732/1257/522 712/1248/68
f 706/1256/68 726/1264/529 725/1259/524 705/1250/68
f 701/1231/68 721/1265/530 740/1261/526 720/1252/68
f 714/1219/68 734/1266/531 733/1263/528 713/1254/68
f 707/1223/68 727/1267/532 726/1264/529 706/1256/68
f 715/1218/68 735/1268/533 734/1266/531 714/1219/68
f 708/1222/68 728/1269/534 727/1267/532 707/1223/68
f 716/1226/68 736/1270/535 735/1268/533 715/1218/68
f 709/1228/68 729/1271/536 728/1269/534 708/1222/68
f 702/1230/68 722/1272/537 721/1265/530 701/1231/68
f 717/1234/68 737/1273/538 736/1270/535 716/1226/68
f 710/1236/68 730/1274/539 729/1271/536 709/1228/68
f 703/1238/68 723/1275/540 722/1272/537 702/1230/68
f 718/1240/68 738/1276/541 737/1273/538 717/1234/68
f 711/1242/68 731/1258/523 730/1274/539 710/1236/68
f 704/1244/68 724/1260/525 723/1275/540 703/1238/68
f 719/1246/68 739/1262/527 738/1276/541 718/1240/68
f 729/1277/536 749/1278/542 748/1279/543 728/1280/534
f 722/1281/537 742/1282/544 741/1283/545 721/1284/530
f 737/1285/538 757/1286/546 756/1287/547 736/1288/535
f 730/1289/539 750/1290/548 749/1278/542 729/1277/536
f 723/1291/540 743/1292/549 742/1293/544 722/1294/537
f 738/1295/541 758/1296/550 757/1297/546 737/1298/538
f 731/1299/523 751/1300/551 750/1301/548 730/1302/539
f 724/1303/525 744/1304/552 743/1292/549 723/1291/540
f 739/1305/527 759/1306/553 758/1296/550 738/1295/541
f 732/1307/522 752/1308/554 751/1300/551 731/1299/523
f 725/1309/524 745/1310/555 744/1304/552 724/1303/525
f 740/1311/526 760/1312/556 759/1306/553 739/1305/527
f 733/1313/528 753/1314/557 752/1315/554 732/1316/522
f 726/1317/529 746/1318/558 745/1319/555 725/1320/524
f 721/1284/530 741/1283/545 760/1321/556 740/1322/526
f 734/1323/531 754/1324/559 753/1314/557 733/1313/528
f 727/1325/532 747/1326/560 746/1318/558 726/1317/529
f 735/1327/533 755/1328/561 754/1324/559 734/1323/531
f 728/1280/534 748/1279/543 747/1329/560 727/1330/532
f 736/1288/535 756/1287/547 755/1331/561 735/1332/533
f 746/1318/558 766/1333/562 765/1334/563 745/1319/555
f 741/1283/545 761/1335/564 780/1336/565 760/1321/556
f 754/1337/559 774/1338/566 773/1339/567 753/1340/557
f 747/1326/560 767/1341/568 766/1333/562 746/1318/558
f 755/1331/561 775/1342/569 774/1338/566 754/1337/559
f 748/1343/543 768/1344/570 767/1341/568 747/1326/560
f 756/1287/547 776/1345/571 775/1342/569 755/1331/561
f 749/1346/542 769/1347/572 768/1344/570 748/1343/543
f 742/1282/544 762/1348/573 761/1335/564 741/1283/545
f 757/1286/546 777/1349/574 776/1345/571 756/1287/547
f 750/1301/548 770/1350/575 769/1347/572 749/1346/542
f 743/1351/549 763/1352/576 762/1348/573 742/1282/544
f 758/1353/550 778/1354/577 777/1349/574 757/1286/546
f 751/1300/551 771/1355/578 770/1350/575 750/1301/548
f 744/1356/552 764/1357/579 763/1352/576 743/1351/549
f 759/1358/553 779/1359/580 778/1354/577 758/1353/550
f 752/1308/554 772/1360/581 771/1355/578 751/1300/551
f 745/1319/555 765/1334/563 764/1357/579 744/1356/552
f 760/1321/556 780/1336/565 779/1359/580 759/1358/553
f 753/1340/557 773/1339/567 772/1360/581 752/1308/554
f 765/1361/563 785/1362/30 784/1363/24 764/1364/579
f 780/1365/565 800/1366/32 799/1367/26 779/1368/580
f 773/1369/567 793/1370/34 792/1371/28 772/1372/581
f 766/1373/562 786/1374/36 785/1362/30 765/1361/563
f 761/1375/564 781/1376/11 800/1366/32 780/1365/565
f 774/1377/566 794/1378/38 793/1370/34 773/1369/567
f 767/1379/568 787/1380/40 786/1381/36 766/1382/562
f 775/1383/569 795/1384/3 794/1378/38 774/1377/566
f 768/1385/570 788/1386/7 787/1380/40 767/1379/568
f 776/1387/571 796/1388/2 795/1384/3 775/1383/569
f 769/1389/572 789/1390/6 788/1386/7 768/1385/570
f 762/1391/573 782/1392/10 781/1393/11 761/1394/564
f 777/1395/574 797/1396/14 796/1397/2 776/1398/571
f 770/1399/575 790/1400/16 789/1390/6 769/1389/572
f 763/1401/576 783/1402/18 782/1392/10 762/1391/573
f 778/1403/577 798/1404/20 797/1396/14 777/1395/574
f 771/1405/578 791/1406/22 790/1400/16 770/1399/575
f 764/1364/579 784/1363/24 783/1402/18 763/1401/576
f 779/1368/580 799/1367/26 798/1404/20 778/1403/577
f 772/1372/581 792/1371/28 791/1407/22 771/1408/578
f 782/1409/10 802/1410/582 801/1411/583 781/1412/11
f 797/1413/14 817/1414/584 816/1415/585 796/1416/2
f 790/1417/16 810/1418/586 809/1419/587 789/1420/6
f 783/1421/18 803/1422/588 802/1410/582 782/1409/10
f 798/1423/20 818/1424/589 817/1414/584 797/1413/14
f 791/1425/22 811/1426/590 810/1418/586 790/1417/16
f 784/1427/24 804/1428/591 803/1422/588 783/1421/18
f 799/1429/26 819/1430/592 818/1424/589 798/1423/20
f 792/1431/28 812/1432/593 811/1426/590 791/1425/22
f 785/1433/30 805/1434/594 804/1428/591 784/1427/24
f 800/1435/32 820/1436/595 819/1430/592 799/1429/26
f 793/1437/34 813/1438/596 812/1432/593 792/1431/28
f 786/1439/36 806/1440/597 805/1434/594 785/1433/30
f 781/1412/11 801/1411/583 820/1436/595 800/1435/32
f 794/1441/38 814/1442/598 813/1438/596 793/1437/34
f 787/1443/40 807/1444/599 806/1440/597 786/1439/36
f 795/1445/3 815/1446/600 814/1442/598 794/1441/38
f 788/1447/7 808/1448/601 807/1444/599 787/1443/40
f 796/1416/2 816/1415/585 815/1446/600 795/1445/3
f 789/1420/6 809/1419/587 808/1448/601 788/1447/7
f 801/1449/583 821/1450/11 840/1451/32 820/1452/595
f 814/1453/598 834/1454/38 833/1455/34 813/1456/596
f 807/1457/599 827/1458/40 826/1459/36 806/1460/597
f 815/1461/600 835/1462/3 834/1454/38 814/1453/598
f 808/1463/601 828/1464/7 827/1458/40 807/1457/599
f 816/1465/585 836/1466/2 835/1462/3 815/1461/600
f 809/1467/587 829/1468/6 828/1464/7 808/1463/601
f 802/1469/582 822/1470/10 821/1471/11 801/1472/583
f 817/1473/584 837/1474/14 836/1475/2 816/1476/585
f 810/1477/586 830/1478/16 829/1468/6 809/1467/587
f 803/1479/588 823/1480/18 822/1470/10 802/1469/582
f 818/1481/589 838/1482/20 837/1474/14 817/1473/584
f 811/1483/590 831/1484/22 830/1478/16 810/1477/586
f 804/1485/591 824/1486/24 823/1480/18 803/1479/588
f 819/1487/592 839/1488/26 838/1482/20 818/1481/589
f 812/1489/593 832/1490/28 831/1491/22 811/1492/590
f 805/1493/594 825/1494/30 824/1486/24 804/1485/591
f 820/1452/595 840/1451/32 839/1488/26 819/1487/592
f 813/1456/596 833/1455/34 832/1490/28 812/1489/593
f 806/1495/597 826/1496/36 825/1494/30 805/1493/594
f 838/1497/20 858/1498/43 857/1499/44 837/1500/14
f 831/1501/22 851/1502/45 850/1503/46 830/1504/16
f 824/1505/24 844/1506/591 843/1507/588 823/1508/18
f 839/1509/26 859/1510/48 858/1498/43 838/1497/20
f 840/1511/32 860/1512/595 859/1510/48 839/1509/26
f 832/1513/28 852/1514/49 851/1502/45 831/1501/22
f 825/1515/30 845/1516/50 844/1506/591 824/1505/24
f 821/1517/11 841/1518/583 860/1512/595 840/1511/32
f 833/1519/34 853/1520/52 852/1514/49 832/1513/28
f 826/1521/36 846/1522/597 845/1516/50 825/1515/30
f 834/1523/38 854/1524/55 853/1520/52 833/1519/34
f 827/1525/40 847/1526/56 846/1522/597 826/1521/36
f 835/1527/3 855/1528/57 854/1524/55 834/1523/38
f 828/1529/7 848/1530/601 847/1526/56 827/1525/40
f 836/1531/2 856/1532/59 855/1528/57 835/1527/3
f 829/1533/6 849/1534/587 848/1530/601 828/1529/7
f 822/1535/10 842/1536/42 841/1518/583 821/1517/11
f 837/1500/14 857/1499/44 856/1532/59 836/1531/2
f 830/1504/16 850/1503/46 849/1534/587 829/1533/6
f 823/1508/18 843/1507/588 842/1536/42 822/1535/10
f 856/1537/59 876/1538/2 875/1539/3 855/1540/57
f 849/1541/587 869/1542/6 868/1543/7 848/1544/601
f 842/1545/42 862/1546/10 861/1547/11 841/1548/583
f 857/1549/44 877/1550/14 876/1551/2 856/1552/59
f 850/1553/46 870/1554/16 869/1542/6 849/1541/587
f 843/1555/588 863/1556/18 862/1546/10 842/1545/42
f 858/1557/43 878/1558/20 877/1550/14 857/1549/44
f 851/1559/45 871/1560/22 870/1554/16 850/1553/46
f 844/1561/591 864/1562/24 863/1556/18 843/1555/588
f 859/1563/48 879/1564/26 878/1558/20 858/1557/43
f 852/1565/49 872/1566/28 871/1567/22 851/1568/45
f 845/1569/50 865/1570/30 864/1562/24 844/1561/591
f 860/1571/595 880/1572/32 879/1564/26 859/1563/48
f 853/1573/52 873/1574/34 872/1566/28 852/1565/49
f 846/1575/597 866/1576/36 865/1570/30 845/1569/50
f 841/1577/583 861/1578/11 880/1572/32 860/1571/595
f 854/1579/55 874/1580/38 873/1574/34 853/1573/52
f 847/1581/56 867/1582/40 866/1583/36 846/1584/597
f 855/1540/57 875/1539/3 874/1580/38 854/1579/55
f 848/1544/601 868/1543/7 867/1582/40 847/1581/56
f 862/1585/10 863/1586/18 864/1587/24 865/1588/30 866/1589/36 867/1590/40 868/1591/7 869/1592/6 870/1593/16 871/1594/22 872/1595/28 873/1596/34 874/1597/38 875/1598/3 876/1599/2 877/1600/14 878/1601/20 879/1602/26 880/1603/32 861/1604/11
f 2/9/9 1/41/12 20/35/31 19/27/25 18/21/19 17/13/13 16/1/1 15/4/4 14/43/37 13/37/33 12/29/27 11/23/21 10/17/15 9/5/5 8/8/8 7/45/39 6/39/35 5/33/29 4/25/23 3/19/17
o Circle.003
v 0.217992 1.085661 -0.686364
v 0.188400 1.085661 -0.669278
v 0.188400 1.085661 -0.635108
v 0.217992 1.085661 -0.618023
v 0.247585 1.085661 -0.635108
v 0.247585 1.085661 -0.669278
v 0.217992 1.095836 -0.686364
v 0.188400 1.095836 -0.669278
v 0.188400 1.095836 -0.635108
v 0.217992 1.095836 -0.618023
v 0.247585 1.095836 -0.635108
v 0.247585 1.095836 -0.669278
v 0.217992 1.105295 -0.686364
v 0.188400 1.105295 -0.669278
v 0.188400 1.105295 -0.635108
v 0.217992 1.105295 -0.618023
v 0.247585 1.105295 -0.635108
v 0.247585 1.105295 -0.669278
v 0.537611 1.085661 -0.402174
v 0.508018 1.085661 -0.385089
v 0.508018 1.085661 -0.350919
v 0.537611 1.085661 -0.333833
v 0.567203 1.085661 -0.350919
v 0.567203 1.085661 -0.385089
v 0.537611 1.095836 -0.402174
v 0.508018 1.095836 -0.385089
v 0.508018 1.095836 -0.350919
v 0.537611 1.095836 -0.333833
v 0.567203 1.095836 -0.350919
v 0.567203 1.095836 -0.385089
v 0.537611 1.105295 -0.402174
v 0.508018 1.105295 -0.385089
v 0.508018 1.105295 -0.350919
v 0.537611 1.105295 -0.333833
v 0.567203 1.105295 -0.350919
v 0.567203 1.105295 -0.385089
v 0.438020 1.085661 0.459677
v 0.408427 1.085661 0.476762
v 0.408427 1.085661 0.510933
v 0.438020 1.085661 0.528018
v 0.467612 1.085661 0.510933
v 0.467612 1.085661 0.476762
v 0.438020 1.095836 0.459677
v 0.408427 1.095836 0.476762
v 0.408427 1.095836 0.510933
v 0.438020 1.095836 0.528018
v 0.467612 1.095836 0.510933
v 0.467612 1.095836 0.476762
v 0.438020 1.105295 0.459677
v 0.408427 1.105295 0.476762
v 0.408427 1.105295 0.510933
v 0.438020 1.105295 0.528018
v 0.467612 1.105295 0.510933
v 0.467612 1.105295 0.476762
v -0.696421 1.085661 0.322229
v -0.726013 1.085661 0.339314
v -0.726013 1.085661 0.373484
v -0.696421 1.085661 0.390570
v -0.666828 1.085661 0.373484
v -0.666828 1.085661 0.339314
v -0.696421 1.095836 0.322229
v -0.726013 1.095836 0.339314
v -0.726013 1.095836 0.373484
v -0.696421 1.095836 0.390570
v -0.666828 1.095836 0.373484
v -0.666828 1.095836 0.339314
v -0.696421 1.105295 0.322229
v -0.726013 1.105295 0.339314
v -0.726013 1.105295 0.373484
v -0.696421 1.105295 0.390570
v -0.666828 1.105295 0.373484
v -0.666828 1.105295 0.339314
v -0.597221 1.085661 -0.526032
v -0.626814 1.085661 -0.508947
v -0.626814 1.085661 -0.474777
v -0.597221 1.085661 -0.457691
v -0.567629 1.085661 -0.474777
v -0.567629 1.085661 -0.508947
v -0.597221 1.095836 -0.526032
v -0.626814 1.095836 -0.508947
v -0.626814 1.095836 -0.474777
v -0.597221 1.095836 -0.457691
v -0.567629 1.095836 -0.474777
v -0.567629 1.095836 -0.508947
v -0.597221 1.105295 -0.526032
v -0.626814 1.105295 -0.508947
v -0.626814 1.105295 -0.474777
v -0.597221 1.105295 -0.457691
v -0.567629 1.105295 -0.474777
v -0.567629 1.105295 -0.508947
v -0.789804 1.085661 -0.121647
v -0.819396 1.085661 -0.104562
v -0.819396 1.085661 -0.070391
v -0.789804 1.085661 -0.053306
v -0.760211 1.085661 -0.070391
v -0.760211 1.085661 -0.104562
v -0.789804 1.095836 -0.121647
v -0.819396 1.095836 -0.104562
v -0.819396 1.095836 -0.070391
v -0.789804 1.095836 -0.053306
v -0.760211 1.095836 -0.070391
v -0.760211 1.095836 -0.104562
v -0.789804 1.105295 -0.121647
v -0.819396 1.105295 -0.104562
v -0.819396 1.105295 -0.070391
v -0.789804 1.105295 -0.053306
v -0.760211 1.105295 -0.070391
v -0.760211 1.105295 -0.104562
v 0.068207 1.085661 0.686381
v 0.068207 1.085661 0.720551
v 0.038614 1.085661 0.737636
v 0.009022 1.085661 0.720551
v 0.009022 1.085661 0.686381
v 0.038614 1.085661 0.669295
v 0.068207 1.095836 0.686381
v 0.068207 1.095836 0.720551
v 0.038614 1.095836 0.737636
v 0.009022 1.095836 0.720551
v 0.009022 1.095836 0.686381
v 0.038614 1.095836 0.669295
v 0.068207 1.105295 0.686381
v 0.068207 1.105295 0.720551
v 0.038614 1.105295 0.737636
v 0.009022 1.105295 0.720551
v 0.009022 1.105295 0.686381
v 0.038614 1.105295 0.669295
v -0.390312 1.085661 0.605683
v -0.419905 1.085661 0.622769
v -0.419905 1.085661 0.656939
v -0.390312 1.085661 0.674024
v -0.360720 1.085661 0.656939
v -0.360720 1.085661 0.622769
v -0.360720 1.095836 0.622769
v -0.360720 1.095836 0.656939
v -0.390312 1.095836 0.674024
v -0.419905 1.095836 0.656939
v -0.419905 1.095836 0.622769
v -0.390312 1.095836 0.605683
v -0.360720 1.105295 0.622769
v -0.360720 1.105295 0.656939
v -0.390312 1.105295 0.674024
v -0.419905 1.105295 0.656939
v -0.419905 1.105295 0.622769
v -0.390312 1.105295 0.605683
v 0.636939 1.085661 0.041798
v 0.607347 1.085661 0.058884
v 0.607347 1.085661 0.093054
v 0.636939 1.085661 0.110139
v 0.666532 1.085661 0.093054
v 0.666532 1.085661 0.058884
v 0.666532 1.095836 0.058884
v 0.666532 1.095836 0.093054
v 0.636939 1.095836 0.110139
v 0.607347 1.095836 0.093054
v 0.607347 1.095836 0.058884
v 0.636939 1.095836 0.041798
v 0.666532 1.105295 0.058884
v 0.666532 1.105295 0.093054
v 0.636939 1.105295 0.110139
v 0.607347 1.105295 0.093054
v 0.607347 1.105295 0.058884
v 0.636939 1.105295 0.041798
v -0.219688 1.085661 -0.733981
v -0.249280 1.085661 -0.716896
v -0.249280 1.085661 -0.682726
v -0.219688 1.085661 -0.665640
v -0.190095 1.085661 -0.682726
v -0.190095 1.085661 -0.716896
v -0.190095 1.095836 -0.716896
v -0.190095 1.095836 -0.682726
v -0.219688 1.095836 -0.665640
v -0.249280 1.095836 -0.682726
v -0.249280 1.095836 -0.716896
v -0.219688 1.095836 -0.733981
v -0.190095 1.105295 -0.716896
v -0.190095 1.105295 -0.682726
v -0.219688 1.105295 -0.665640
v -0.249280 1.105295 -0.682726
v -0.249280 1.105295 -0.716896
v -0.219688 1.105295 -0.733981
v 0.217992 1.001910 -0.686364
v 0.188400 1.001910 -0.669278
v 0.188400 1.001910 -0.635108
v 0.217992 1.001910 -0.618023
v 0.247585 1.001910 -0.635108
v 0.247585 1.001910 -0.669278
v 0.217992 1.012084 -0.686364
v 0.188400 1.012084 -0.669278
v 0.188400 1.012084 -0.635108
v 0.217992 1.012084 -0.618023
v 0.247585 1.012084 -0.635108
v 0.247585 1.012084 -0.669278
v 0.217992 1.021543 -0.686364
v 0.188400 1.021543 -0.669278
v 0.188400 1.021543 -0.635108
v 0.217992 1.021543 -0.618023
v 0.247585 1.021543 -0.635108
v 0.247585 1.021543 -0.669278
v 0.537611 1.001910 -0.402174
v 0.508018 1.001910 -0.385089
v 0.508018 1.001910 -0.350919
v 0.537611 1.001910 -0.333833
v 0.567203 1.001910 -0.350919
v 0.567203 1.001910 -0.385089
v 0.537611 1.012084 -0.402174
v 0.508018 1.012084 -0.385089
v 0.508018 1.012084 -0.350919
v 0.537611 1.012084 -0.333833
v 0.567203 1.012084 -0.350919
v 0.567203 1.012084 -0.385089
v 0.537611 1.021543 -0.402174
v 0.508018 1.021543 -0.385089
v 0.508018 1.021543 -0.350919
v 0.537611 1.021543 -0.333833
v 0.567203 1.021543 -0.350919
v 0.567203 1.021543 -0.385089
v 0.438020 1.001910 0.459677
v 0.408427 1.001910 0.476762
v 0.408427 1.001910 0.510933
v 0.438020 1.001910 0.528018
v 0.467612 1.001910 0.510933
v 0.467612 1.001910 0.476762
v 0.438020 1.012084 0.459677
v 0.408427 1.012084 0.476762
v 0.408427 1.012084 0.510933
v 0.438020 1.012084 0.528018
v 0.467612 1.012084 0.510933
v 0.467612 1.012084 0.476762
v 0.438020 1.021543 0.459677
v 0.408427 1.021543 0.476762
v 0.408427 1.021543 0.510933
v 0.438020 1.021543 0.528018
v 0.467612 1.021543 0.510933
v 0.467612 1.021543 0.476762
v -0.696421 1.001910 0.322229
v -0.726013 1.001910 0.339314
v -0.726013 1.001910 0.373484
v -0.696421 1.001910 0.390570
v -0.666828 1.001910 0.373484
v -0.666828 1.001910 0.339314
v -0.696421 1.012084 0.322229
v -0.726013 1.012084 0.339314
v -0.726013 1.012084 0.373484
v -0.696421 1.012084 0.390570
v -0.666828 1.012084 0.373484
v -0.666828 1.012084 0.339314
v -0.696421 1.021543 0.322229
v -0.726013 1.021543 0.339314
v -0.726013 1.021543 0.373484
v -0.696421 1.021543 0.390570
v -0.666828 1.021543 0.373484
v -0.666828 1.021543 0.339314
v -0.597221 1.001910 -0.526032
v -0.626814 1.001910 -0.508947
v -0.626814 1.001910 -0.474777
v -0.597221 1.001910 -0.457691
v -0.567629 1.001910 -0.474777
v -0.567629 1.001910 -0.508947
v -0.597221 1.012084 -0.526032
v -0.626814 1.012084 -0.508947
v -0.626814 1.012084 -0.474777
v -0.597221 1.012084 -0.457691
v -0.567629 1.012084 -0.474777
v -0.567629 1.012084 -0.508947
v -0.597221 1.021543 -0.526032
v -0.626814 1.021543 -0.508947
v -0.626814 1.021543 -0.474777
v -0.597221 1.021543 -0.457691
v -0.567629 1.021543 -0.474777
v -0.567629 1.021543 -0.508947
v -0.789804 1.001910 -0.121647
v -0.819396 1.001910 -0.104562
v -0.819396 1.001910 -0.070391
v -0.789804 1.001910 -0.053306
v -0.760211 1.001910 -0.070391
v -0.760211 1.001910 -0.104562
v -0.789804 1.012084 -0.121647
v -0.819396 1.012084 -0.104562
v -0.819396 1.012084 -0.070391
v -0.789804 1.012084 -0.053306
v -0.760211 1.012084 -0.070391
v -0.760211 1.012084 -0.104562
v -0.789804 1.021543 -0.121647
v -0.819396 1.021543 -0.104562
v -0.819396 1.021543 -0.070391
v -0.789804 1.021543 -0.053306
v -0.760211 1.021543 -0.070391
v -0.760211 1.021543 -0.104562
v 0.068207 1.001910 0.686381
v 0.068207 1.001910 0.720551
v 0.038614 1.001910 0.737636
v 0.009022 1.001910 0.720551
v 0.009022 1.001910 0.686381
v 0.038614 1.001910 0.669295
v 0.068207 1.012084 0.686381
v 0.068207 1.012084 0.720551
v 0.038614 1.012084 0.737636
v 0.009022 1.012084 0.720551
v 0.009022 1.012084 0.686381
v 0.038614 1.012084 0.669295
v 0.068207 1.021543 0.686381
v 0.068207 1.021543 0.720551
v 0.038614 1.021543 0.737636
v 0.009022 1.021543 0.720551
v 0.009022 1.021543 0.686381
v 0.038614 1.021543 0.669295
v -0.390312 1.001910 0.605683
v -0.419905 1.001910 0.622769
v -0.419905 1.001910 0.656939
v -0.390312 1.001910 0.674024
v -0.360720 1.001910 0.656939
v -0.360720 1.001910 0.622769
v -0.360720 1.012084 0.622769
v -0.360720 1.012084 0.656939
v -0.390312 1.012084 0.674024
v -0.419905 1.012084 0.656939
v -0.419905 1.012084 0.622769
v -0.390312 1.012084 0.605683
v -0.360720 1.021543 0.622769
v -0.360720 1.021543 0.656939
v -0.390312 1.021543 0.674024
v -0.419905 1.021543 0.656939
v -0.419905 1.021543 0.622769
v -0.390312 1.021543 0.605683
v 0.636939 1.001910 0.041798
v 0.607347 1.001910 0.058884
v 0.607347 1.001910 0.093054
v 0.636939 1.001910 0.110139
v 0.666532 1.001910 0.093054
v 0.666532 1.001910 0.058884
v 0.666532 1.012084 0.058884
v 0.666532 1.012084 0.093054
v 0.636939 1.012084 0.110139
v 0.607347 1.012084 0.093054
v 0.607347 1.012084 0.058884
v 0.636939 1.012084 0.041798
v 0.666532 1.021543 0.058884
v 0.666532 1.021543 0.093054
v 0.636939 1.021543 0.110139
v 0.607347 1.021543 0.093054
v 0.607347 1.021543 0.058884
v 0.636939 1.021543 0.041798
v -0.219688 1.001910 -0.733981
v -0.249280 1.001910 -0.716896
v -0.249280 1.001910 -0.682726
v -0.219688 1.001910 -0.665640
v -0.190095 1.001910 -0.682726
v -0.190095 1.001910 -0.716896
v -0.190095 1.012084 -0.716896
v -0.190095 1.012084 -0.682726
v -0.219688 1.012084 -0.665640
v -0.249280 1.012084 -0.682726
v -0.249280 1.012084 -0.716896
v -0.219688 1.012084 -0.733981
v -0.190095 1.021543 -0.716896
v -0.190095 1.021543 -0.682726
v -0.219688 1.021543 -0.665640
v -0.249280 1.021543 -0.682726
v -0.249280 1.021543 -0.716896
v -0.219688 1.021543 -0.733981
v 0.217992 -1.445955 -0.686364
v 0.188400 -1.445955 -0.669278
v 0.188400 -1.445955 -0.635108
v 0.217992 -1.445955 -0.618023
v 0.247585 -1.445955 -0.635108
v 0.247585 -1.445955 -0.669278
v 0.217992 -1.435780 -0.686364
v 0.188400 -1.435780 -0.669278
v 0.188400 -1.435780 -0.635108
v 0.217992 -1.435780 -0.618023
v 0.247585 -1.435780 -0.635108
v 0.247585 -1.435780 -0.669278
v 0.217992 -1.426321 -0.686364
v 0.188400 -1.426321 -0.669278
v 0.188400 -1.426321 -0.635108
v 0.217992 -1.426321 -0.618023
v 0.247585 -1.426321 -0.635108
v 0.247585 -1.426321 -0.669278
v 0.537611 -1.445955 -0.402174
v 0.508018 -1.445955 -0.385089
v 0.508018 -1.445955 -0.350919
v 0.537611 -1.445955 -0.333833
v 0.567203 -1.445955 -0.350919
v 0.567203 -1.445955 -0.385089
v 0.537611 -1.435780 -0.402174
v 0.508018 -1.435780 -0.385089
v 0.508018 -1.435780 -0.350919
v 0.537611 -1.435780 -0.333833
v 0.567203 -1.435780 -0.350919
v 0.567203 -1.435780 -0.385089
v 0.537611 -1.426321 -0.402174
v 0.508018 -1.426321 -0.385089
v 0.508018 -1.426321 -0.350919
v 0.537611 -1.426321 -0.333833
v 0.567203 -1.426321 -0.350919
v 0.567203 -1.426321 -0.385089
v 0.438020 -1.445955 0.459677
v 0.408427 -1.445955 0.476762
v 0.408427 -1.445955 0.510933
v 0.438020 -1.445955 0.528018
v 0.467612 -1.445955 0.510933
v 0.467612 -1.445955 0.476762
v 0.438020 -1.435780 0.459677
v 0.408427 -1.435780 0.476762
v 0.408427 -1.435780 0.510933
v 0.438020 -1.435780 0.528018
v 0.467612 -1.435780 0.510933
v 0.467612 -1.435780 0.476762
v 0.438020 -1.426321 0.459677
v 0.408427 -1.426321 0.476762
v 0.408427 -1.426321 0.510933
v 0.438020 -1.426321 0.528018
v 0.467612 -1.426321 0.510933
v 0.467612 -1.426321 0.476762
v -0.696421 -1.445955 0.322229
v -0.726013 -1.445955 0.339314
v -0.726013 -1.445955 0.373484
v -0.696421 -1.445955 0.390570
v -0.666828 -1.445955 0.373484
v -0.666828 -1.445955 0.339314
v -0.696421 -1.435780 0.322229
v -0.726013 -1.435780 0.339314
v -0.726013 -1.435780 0.373484
v -0.696421 -1.435780 0.390570
v -0.666828 -1.435780 0.373484
v -0.666828 -1.435780 0.339314
v -0.696421 -1.426321 0.322229
v -0.726013 -1.426321 0.339314
v -0.726013 -1.426321 0.373484
v -0.696421 -1.426321 0.390570
v -0.666828 -1.426321 0.373484
v -0.666828 -1.426321 0.339314
v -0.597221 -1.445955 -0.526032
v -0.626814 -1.445955 -0.508947
v -0.626814 -1.445955 -0.474777
v -0.597221 -1.445955 -0.457691
v -0.567629 -1.445955 -0.474777
v -0.567629 -1.445955 -0.508947
v -0.597221 -1.435780 -0.526032
v -0.626814 -1.435780 -0.508947
v -0.626814 -1.435780 -0.474777
v -0.597221 -1.435780 -0.457691
v -0.567629 -1.435780 -0.474777
v -0.567629 -1.435780 -0.508947
v -0.597221 -1.426321 -0.526032
v -0.626814 -1.426321 -0.508947
v -0.626814 -1.426321 -0.474777
v -0.597221 -1.426321 -0.457691
v -0.567629 -1.426321 -0.474777
v -0.567629 -1.426321 -0.508947
v -0.789804 -1.445955 -0.121647
v -0.819396 -1.445955 -0.104562
v -0.819396 -1.445955 -0.070391
v -0.789804 -1.445955 -0.053306
v -0.760211 -1.445955 -0.070391
v -0.760211 -1.445955 -0.104562
v -0.789804 -1.435780 -0.121647
v -0.819396 -1.435780 -0.104562
v -0.819396 -1.435780 -0.070391
v -0.789804 -1.435780 -0.053306
v -0.760211 -1.435780 -0.070391
v -0.760211 -1.435780 -0.104562
v -0.789804 -1.426321 -0.121647
v -0.819396 -1.426321 -0.104562
v -0.819396 -1.426321 -0.070391
v -0.789804 -1.426321 -0.053306
v -0.760211 -1.426321 -0.070391
v -0.760211 -1.426321 -0.104562
v 0.068207 -1.445955 0.686381
v 0.068207 -1.445955 0.720551
v 0.038614 -1.445955 0.737636
v 0.009022 -1.445955 0.720551
v 0.009022 -1.445955 0.686381
v 0.038614 -1.445955 0.669295
v 0.068207 -1.435780 0.686381
v 0.068207 -1.435780 0.720551
v 0.038614 -1.435780 0.737636
v 0.009022 -1.435780 0.720551
v 0.009022 -1.435780 0.686381
v 0.038614 -1.435780 0.669295
v 0.068207 -1.426321 0.686381
v 0.068207 -1.426321 0.720551
v 0.038614 -1.426321 0.737636
v 0.009022 -1.426321 0.720551
v 0.009022 -1.426321 0.686381
v 0.038614 -1.426321 0.669295
v -0.390312 -1.445955 0.605683
v -0.419905 -1.445955 0.622769
v -0.419905 -1.445955 0.656939
v -0.390312 -1.445955 0.674024
v -0.360720 -1.445955 0.656939
v -0.360720 -1.445955 0.622769
v -0.360720 -1.435780 0.622769
v -0.360720 -1.435780 0.656939
v -0.390312 -1.435780 0.674024
v -0.419905 -1.435780 0.656939
v -0.419905 -1.435780 0.622769
v -0.390312 -1.435780 0.605683
v -0.360720 -1.426321 0.622769
v -0.360720 -1.426321 0.656939
v -0.390312 -1.426321 0.674024
v -0.419905 -1.426321 0.656939
v -0.419905 -1.426321 0.622769
v -0.390312 -1.426321 0.605683
v 0.636939 -1.445955 0.041798
v 0.607347 -1.445955 0.058884
v 0.607347 -1.445955 0.093054
v 0.636939 -1.445955 0.110139
v 0.666532 -1.445955 0.093054
v 0.666532 -1.445955 0.058884
v 0.666532 -1.435780 0.058884
v 0.666532 -1.435780 0.093054
v 0.636939 -1.435780 0.110139
v 0.607347 -1.435780 0.093054
v 0.607347 -1.435780 0.058884
v 0.636939 -1.435780 0.041798
v 0.666532 -1.426321 0.058884
v 0.666532 -1.426321 0.093054
v 0.636939 -1.426321 0.110139
v 0.607347 -1.426321 0.093054
v 0.607347 -1.426321 0.058884
v 0.636939 -1.426321 0.041798
v -0.219688 -1.445955 -0.733981
v -0.249280 -1.445955 -0.716896
v -0.249280 -1.445955 -0.682726
v -0.219688 -1.445955 -0.665640
v -0.190095 -1.445955 -0.682726
v -0.190095 -1.445955 -0.716896
v -0.190095 -1.435780 -0.716896
v -0.190095 -1.435780 -0.682726
v -0.219688 -1.435780 -0.665640
v -0.249280 -1.435780 -0.682726
v -0.249280 -1.435780 -0.716896
v -0.219688 -1.435780 -0.733981
v -0.190095 -1.426321 -0.716896
v -0.190095 -1.426321 -0.682726
v -0.219688 -1.426321 -0.665640
v -0.249280 -1.426321 -0.682726
v -0.249280 -1.426321 -0.716896
v -0.219688 -1.426321 -0.733981
vt 0.893068 0.954602
vt 0.893068 0.950025
vt 0.896926 0.947737
vt 0.900784 0.950025
vt 0.900784 0.954602
vt 0.896926 0.956890
vt 0.257827 0.325477
vt 0.257827 0.327765
vt 0.256594 0.327765
vt 0.256594 0.325477
vt 0.570131 0.487892
vt 0.570131 0.492469
vt 0.568805 0.492469
vt 0.568805 0.487892
vt 0.259154 0.325477
vt 0.259154 0.327765
vt 0.259154 0.318613
vt 0.259154 0.320901
vt 0.257827 0.320901
vt 0.257827 0.318613
vt 0.543512 0.488235
vt 0.543512 0.490524
vt 0.542185 0.490524
vt 0.542185 0.488235
vt 0.543512 0.495100
vt 0.542185 0.495100
vt 0.529880 0.249609
vt 0.529880 0.245032
vt 0.533738 0.242744
vt 0.537596 0.245032
vt 0.537596 0.249609
vt 0.533738 0.251897
vt 0.256594 0.320901
vt 0.256594 0.318613
vt 0.540952 0.490524
vt 0.540952 0.488235
vt 0.540952 0.495100
vt 0.567572 0.492468
vt 0.567572 0.487892
vt 0.893068 0.954602
vt 0.893068 0.950025
vt 0.896926 0.947737
vt 0.900784 0.950025
vt 0.900784 0.954602
vt 0.896926 0.956890
vt 0.257827 0.325477
vt 0.257827 0.327765
vt 0.256594 0.327765
vt 0.256594 0.325477
vt 0.570131 0.487892
vt 0.570131 0.492469
vt 0.568805 0.492469
vt 0.568805 0.487892
vt 0.259154 0.325477
vt 0.259154 0.327765
vt 0.259154 0.318613
vt 0.259154 0.320901
vt 0.257827 0.320901
vt 0.257827 0.318613
vt 0.543512 0.488235
vt 0.543512 0.490524
vt 0.542185 0.490524
vt 0.542185 0.488235
vt 0.543512 0.495100
vt 0.542185 0.495100
vt 0.529880 0.249609
vt 0.529880 0.245032
vt 0.533738 0.242744
vt 0.537596 0.245032
vt 0.537596 0.249609
vt 0.533738 0.251897
vt 0.256594 0.320901
vt 0.256594 0.318613
vt 0.540952 0.490524
vt 0.540952 0.488235
vt 0.540952 0.495100
vt 0.567572 0.492468
vt 0.567572 0.487892
vt 0.893068 0.954602
vt 0.893068 0.950025
vt 0.896926 0.947737
vt 0.900784 0.950025
vt 0.900784 0.954602
vt 0.896926 0.956890
vt 0.257827 0.325477
vt 0.257827 0.327765
vt 0.256594 0.327765
vt 0.256594 0.325477
vt 0.570131 0.487892
vt 0.570131 0.492469
vt 0.568805 0.492469
vt 0.568805 0.487892
vt 0.259154 0.325477
vt 0.259154 0.327765
vt 0.259154 0.318613
vt 0.259154 0.320901
vt 0.257827 0.320901
vt 0.257827 0.318613
vt 0.543512 0.488235
vt 0.543512 0.490524
vt 0.542185 0.490524
vt 0.542185 0.488235
vt 0.543512 0.495100
vt 0.542185 0.495100
vt 0.529880 0.249609
vt 0.529880 0.245032
vt 0.533738 0.242744
vt 0.537596 0.245032
vt 0.537596 0.249609
vt 0.533738 0.251897
vt 0.256594 0.320901
vt 0.256594 0.318613
vt 0.540952 0.490524
vt 0.540952 0.488235
vt 0.540952 0.495100
vt 0.567572 0.492468
vt 0.567572 0.487892
vt 0.893068 0.954602
vt 0.893068 0.950025
vt 0.896926 0.947737
vt 0.900784 0.950025
vt 0.900784 0.954602
vt 0.896926 0.956890
vt 0.257827 0.325477
vt 0.257827 0.327765
vt 0.256594 0.327765
vt 0.256594 0.325477
vt 0.570131 0.487892
vt 0.570131 0.492469
vt 0.568805 0.492469
vt 0.568805 0.487892
vt 0.259154 0.325477
vt 0.259154 0.327765
vt 0.259154 0.318613
vt 0.259154 0.320901
vt 0.257827 0.320901
vt 0.257827 0.318613
vt 0.543512 0.488235
vt 0.543512 0.490524
vt 0.542185 0.490524
vt 0.542185 0.488235
vt 0.543512 0.495100
vt 0.542185 0.495100
vt 0.529880 0.249609
vt 0.529880 0.245032
vt 0.533738 0.242744
vt 0.537596 0.245032
vt 0.537596 0.249609
vt 0.533738 0.251897
vt 0.256594 0.320901
vt 0.256594 0.318613
vt 0.540952 0.490524
vt 0.540952 0.488235
vt 0.540952 0.495100
vt 0.567572 0.492468
vt 0.567572 0.487892
vt 0.893068 0.954602
vt 0.893068 0.950025
vt 0.896926 0.947737
vt 0.900784 0.950025
vt 0.900784 0.954602
vt 0.896926 0.956890
vt 0.257827 0.325477
vt 0.257827 0.327765
vt 0.256594 0.327765
vt 0.256594 0.325477
vt 0.570131 0.487892
vt 0.570131 0.492469
vt 0.568805 0.492469
vt 0.568805 0.487892
vt 0.259154 0.325477
vt 0.259154 0.327765
vt 0.259154 0.318613
vt 0.259154 0.320901
vt 0.257827 0.320901
vt 0.257827 0.318613
vt 0.543512 0.488235
vt 0.543512 0.490524
vt 0.542185 0.490524
vt 0.542185 0.488235
vt 0.543512 0.495100
vt 0.542185 0.495100
vt 0.529880 0.249609
vt 0.529880 0.245032
vt 0.533738 0.242744
vt 0.537596 0.245032
vt 0.537596 0.249609
vt 0.533738 0.251897
vt 0.256594 0.320901
vt 0.256594 0.318613
vt 0.540952 0.490524
vt 0.540952 0.488235
vt 0.540952 0.495100
vt 0.567572 0.492468
vt 0.567572 0.487892
vt 0.893068 0.954602
vt 0.893068 0.950025
vt 0.896926 0.947737
vt 0.900784 0.950025
vt 0.900784 0.954602
vt 0.896926 0.956890
vt 0.257827 0.325477
vt 0.257827 0.327765
vt 0.256594 0.327765
vt 0.256594 0.325477
vt 0.570131 0.487892
vt 0.570131 0.492469
vt 0.568805 0.492469
vt 0.568805 0.487892
vt 0.259154 0.325477
vt 0.259154 0.327765
vt 0.259154 0.318613
vt 0.259154 0.320901
vt 0.257827 0.320901
vt 0.257827 0.318613
vt 0.543512 0.488235
vt 0.543512 0.490524
vt 0.542185 0.490524
vt 0.542185 0.488235
vt 0.543512 0.495100
vt 0.542185 0.495100
vt 0.529880 0.249609
vt 0.529880 0.245032
vt 0.533738 0.242744
vt 0.537596 0.245032
vt 0.537596 0.249609
vt 0.533738 0.251897
vt 0.256594 0.320901
vt 0.256594 0.318613
vt 0.540952 0.490524
vt 0.540952 0.488235
vt 0.540952 0.495100
vt 0.567572 0.492468
vt 0.567572 0.487892
vt 0.893068 0.954602
vt 0.893068 0.950025
vt 0.896926 0.947737
vt 0.900784 0.950025
vt 0.900784 0.954602
vt 0.896926 0.956890
vt 0.257827 0.325477
vt 0.257827 0.327765
vt 0.256594 0.327765
vt 0.256594 0.325477
vt 0.570131 0.487892
vt 0.570131 0.492469
vt 0.568805 0.492469
vt 0.568805 0.487892
vt 0.259154 0.325477
vt 0.259154 0.327765
vt 0.259154 0.318613
vt 0.259154 0.320901
vt 0.257827 0.320901
vt 0.257827 0.318613
vt 0.543512 0.488235
vt 0.543512 0.490524
vt 0.542185 0.490524
vt 0.542185 0.488235
vt 0.543512 0.495100
vt 0.542185 0.495100
vt 0.529880 0.249609
vt 0.529880 0.245032
vt 0.533738 0.242744
vt 0.537596 0.245032
vt 0.537596 0.249609
vt 0.533738 0.251897
vt 0.256594 0.320901
vt 0.256594 0.318613
vt 0.540952 0.490524
vt 0.540952 0.488235
vt 0.540952 0.495100
vt 0.567572 0.492468
vt 0.567572 0.487892
vt 0.893068 0.954602
vt 0.893068 0.950025
vt 0.896926 0.947737
vt 0.900784 0.950025
vt 0.900784 0.954602
vt 0.896926 0.956890
vt 0.257827 0.325477
vt 0.257827 0.327765
vt 0.256594 0.327765
vt 0.256594 0.325477
vt 0.570131 0.487892
vt 0.570131 0.492469
vt 0.568805 0.492469
vt 0.568805 0.487892
vt 0.259154 0.325477
vt 0.259154 0.327765
vt 0.259154 0.318613
vt 0.259154 0.320901
vt 0.257827 0.320901
vt 0.257827 0.318613
vt 0.543512 0.488235
vt 0.543512 0.490524
vt 0.542185 0.490524
vt 0.542185 0.488235
vt 0.543512 0.495100
vt 0.542185 0.495100
vt 0.529880 0.249609
vt 0.529880 0.245032
vt 0.533738 0.242744
vt 0.537596 0.245032
vt 0.537596 0.249609
vt 0.533738 0.251897
vt 0.256594 0.320901
vt 0.256594 0.318613
vt 0.540952 0.490524
vt 0.540952 0.488235
vt 0.540952 0.495100
vt 0.567572 0.492468
vt 0.567572 0.487892
vt 0.893068 0.954602
vt 0.893068 0.950025
vt 0.896926 0.947737
vt 0.900784 0.950025
vt 0.900784 0.954602
vt 0.896926 0.956890
vt 0.257827 0.325477
vt 0.257827 0.327765
vt 0.256594 0.327765
vt 0.256594 0.325477
vt 0.570131 0.487892
vt 0.570131 0.492469
vt 0.568805 0.492469
vt 0.568805 0.487892
vt 0.259154 0.325477
vt 0.259154 0.327765
vt 0.259154 0.318613
vt 0.259154 0.320901
vt 0.257827 0.320901
vt 0.257827 0.318613
vt 0.543512 0.488235
vt 0.543512 0.490524
vt 0.542185 0.490524
vt 0.542185 0.488235
vt 0.543512 0.495100
vt 0.542185 0.495100
vt 0.529880 0.249609
vt 0.529880 0.245032
vt 0.533738 0.242744
vt 0.537596 0.245032
vt 0.537596 0.249609
vt 0.533738 0.251897
vt 0.256594 0.320901
vt 0.256594 0.318613
vt 0.540952 0.490524
vt 0.540952 0.488235
vt 0.540952 0.495100
vt 0.567572 0.492468
vt 0.567572 0.487892
vt 0.893068 0.954602
vt 0.893068 0.950025
vt 0.896926 0.947737
vt 0.900784 0.950025
vt 0.900784 0.954602
vt 0.896926 0.956890
vt 0.257827 0.325477
vt 0.257827 0.327765
vt 0.256594 0.327765
vt 0.256594 0.325477
vt 0.570131 0.487892
vt 0.570131 0.492469
vt 0.568805 0.492469
vt 0.568805 0.487892
vt 0.259154 0.325477
vt 0.259154 0.327765
vt 0.259154 0.318613
vt 0.259154 0.320901
vt 0.257827 0.320901
vt 0.257827 0.318613
vt 0.543512 0.488235
vt 0.543512 0.490524
vt 0.542185 0.490524
vt 0.542185 0.488235
vt 0.543512 0.495100
vt 0.542185 0.495100
vt 0.529880 0.249609
vt 0.529880 0.245032
vt 0.533738 0.242744
vt 0.537596 0.245032
vt 0.537596 0.249609
vt 0.533738 0.251897
vt 0.256594 0.320901
vt 0.256594 0.318613
vt 0.540952 0.490524
vt 0.540952 0.488235
vt 0.540952 0.495100
vt 0.567572 0.492468
vt 0.567572 0.487892
vt 0.893068 0.954602
vt 0.893068 0.950025
vt 0.896926 0.947737
vt 0.900784 0.950025
vt 0.900784 0.954602
vt 0.896926 0.956890
vt 0.257827 0.325477
vt 0.257827 0.327765
vt 0.256594 0.327765
vt 0.256594 0.325477
vt 0.570131 0.487892
vt 0.570131 0.492469
vt 0.568805 0.492469
vt 0.568805 0.487892
vt 0.259154 0.325477
vt 0.259154 0.327765
vt 0.259154 0.318613
vt 0.259154 0.320901
vt 0.257827 0.320901
vt 0.257827 0.318613
vt 0.543512 0.488235
vt 0.543512 0.490524
vt 0.542185 0.490524
vt 0.542185 0.488235
vt 0.543512 0.495100
vt 0.542185 0.495100
vt 0.529880 0.249609
vt 0.529880 0.245032
vt 0.533738 0.242744
vt 0.537596 0.245032
vt 0.537596 0.249609
vt 0.533738 0.251897
vt 0.256594 0.320901
vt 0.256594 0.318613
vt 0.540952 0.490524
vt 0.540952 0.488235
vt 0.540952 0.495100
vt 0.567572 0.492468
vt 0.567572 0.487892
vt 0.893068 0.954602
vt 0.893068 0.950025
vt 0.896926 0.947737
vt 0.900784 0.950025
vt 0.900784 0.954602
vt 0.896926 0.956890
vt 0.257827 0.325477
vt 0.257827 0.327765
vt 0.256594 0.327765
vt 0.256594 0.325477
vt 0.570131 0.487892
vt 0.570131 0.492469
vt 0.568805 0.492469
vt 0.568805 0.487892
vt 0.259154 0.325477
vt 0.259154 0.327765
vt 0.259154 0.318613
vt 0.259154 0.320901
vt 0.257827 0.320901
vt 0.257827 0.318613
vt 0.543512 0.488235
vt 0.543512 0.490524
vt 0.542185 0.490524
vt 0.542185 0.488235
vt 0.543512 0.495100
vt 0.542185 0.495100
vt 0.529880 0.249609
vt 0.529880 0.245032
vt 0.533738 0.242744
vt 0.537596 0.245032
vt 0.537596 0.249609
vt 0.533738 0.251897
vt 0.256594 0.320901
vt 0.256594 0.318613
vt 0.540952 0.490524
vt 0.540952 0.488235
vt 0.540952 0.495100
vt 0.567572 0.492468
vt 0.567572 0.487892
vt 0.893068 0.954602
vt 0.893068 0.950025
vt 0.896926 0.947737
vt 0.900784 0.950025
vt 0.900784 0.954602
vt 0.896926 0.956890
vt 0.257827 0.325477
vt 0.257827 0.327765
vt 0.256594 0.327765
vt 0.256594 0.325477
vt 0.570131 0.487892
vt 0.570131 0.492469
vt 0.568805 0.492469
vt 0.568805 0.487892
vt 0.259154 0.325477
vt 0.259154 0.327765
vt 0.259154 0.318613
vt 0.259154 0.320901
vt 0.257827 0.320901
vt 0.257827 0.318613
vt 0.543512 0.488235
vt 0.543512 0.490524
vt 0.542185 0.490524
vt 0.542185 0.488235
vt 0.543512 0.495100
vt 0.542185 0.495100
vt 0.529880 0.249609
vt 0.529880 0.245032
vt 0.533738 0.242744
vt 0.537596 0.245032
vt 0.537596 0.249609
vt 0.533738 0.251897
vt 0.256594 0.320901
vt 0.256594 0.318613
vt 0.540952 0.490524
vt 0.540952 0.488235
vt 0.540952 0.495100
vt 0.567572 0.492468
vt 0.567572 0.487892
vt 0.893068 0.954602
vt 0.893068 0.950025
vt 0.896926 0.947737
vt 0.900784 0.950025
vt 0.900784 0.954602
vt 0.896926 0.956890
vt 0.257827 0.325477
vt 0.257827 0.327765
vt 0.256594 0.327765
vt 0.256594 0.325477
vt 0.570131 0.487892
vt 0.570131 0.492469
vt 0.568805 0.492469
vt 0.568805 0.487892
vt 0.259154 0.325477
vt 0.259154 0.327765
vt 0.259154 0.318613
vt 0.259154 0.320901
vt 0.257827 0.320901
vt 0.257827 0.318613
vt 0.543512 0.488235
vt 0.543512 0.490524
vt 0.542185 0.490524
vt 0.542185 0.488235
vt 0.543512 0.495100
vt 0.542185 0.495100
vt 0.529880 0.249609
vt 0.529880 0.245032
vt 0.533738 0.242744
vt 0.537596 0.245032
vt 0.537596 0.249609
vt 0.533738 0.251897
vt 0.256594 0.320901
vt 0.256594 0.318613
vt 0.540952 0.490524
vt 0.540952 0.488235
vt 0.540952 0.495100
vt 0.567572 0.492468
vt 0.567572 0.487892
vt 0.893068 0.954602
vt 0.893068 0.950025
vt 0.896926 0.947737
vt 0.900784 0.950025
vt 0.900784 0.954602
vt 0.896926 0.956890
vt 0.257827 0.325477
vt 0.257827 0.327765
vt 0.256594 0.327765
vt 0.256594 0.325477
vt 0.570131 0.487892
vt 0.570131 0.492469
vt 0.568805 0.492469
vt 0.568805 0.487892
vt 0.259154 0.325477
vt 0.259154 0.327765
vt 0.259154 0.318613
vt 0.259154 0.320901
vt 0.257827 0.320901
vt 0.257827 0.318613
vt 0.543512 0.488235
vt 0.543512 0.490524
vt 0.542185 0.490524
vt 0.542185 0.488235
vt 0.543512 0.495100
vt 0.542185 0.495100
vt 0.529880 0.249609
vt 0.529880 0.245032
vt 0.533738 0.242744
vt 0.537596 0.245032
vt 0.537596 0.249609
vt 0.533738 0.251897
vt 0.256594 0.320901
vt 0.256594 0.318613
vt 0.540952 0.490524
vt 0.540952 0.488235
vt 0.540952 0.495100
vt 0.567572 0.492468
vt 0.567572 0.487892
vt 0.893068 0.954602
vt 0.893068 0.950025
vt 0.896926 0.947737
vt 0.900784 0.950025
vt 0.900784 0.954602
vt 0.896926 0.956890
vt 0.257827 0.325477
vt 0.257827 0.327765
vt 0.256594 0.327765
vt 0.256594 0.325477
vt 0.570131 0.487892
vt 0.570131 0.492469
vt 0.568805 0.492469
vt 0.568805 0.487892
vt 0.259154 0.325477
vt 0.259154 0.327765
vt 0.259154 0.318613
vt 0.259154 0.320901
vt 0.257827 0.320901
vt 0.257827 0.318613
vt 0.543512 0.488235
vt 0.543512 0.490524
vt 0.542185 0.490524
vt 0.542185 0.488235
vt 0.543512 0.495100
vt 0.542185 0.495100
vt 0.529880 0.249609
vt 0.529880 0.245032
vt 0.533738 0.242744
vt 0.537596 0.245032
vt 0.537596 0.249609
vt 0.533738 0.251897
vt 0.256594 0.320901
vt 0.256594 0.318613
vt 0.540952 0.490524
vt 0.540952 0.488235
vt 0.540952 0.495100
vt 0.567572 0.492468
vt 0.567572 0.487892
vt 0.893068 0.954602
vt 0.893068 0.950025
vt 0.896926 0.947737
vt 0.900784 0.950025
vt 0.900784 0.954602
vt 0.896926 0.956890
vt 0.257827 0.325477
vt 0.257827 0.327765
vt 0.256594 0.327765
vt 0.256594 0.325477
vt 0.570131 0.487892
vt 0.570131 0.492469
vt 0.568805 0.492469
vt 0.568805 0.487892
vt 0.259154 0.325477
vt 0.259154 0.327765
vt 0.259154 0.318613
vt 0.259154 0.320901
vt 0.257827 0.320901
vt 0.257827 0.318613
vt 0.543512 0.488235
vt 0.543512 0.490524
vt 0.542185 0.490524
vt 0.542185 0.488235
vt 0.543512 0.495100
vt 0.542185 0.495100
vt 0.529880 0.249609
vt 0.529880 0.245032
vt 0.533738 0.242744
vt 0.537596 0.245032
vt 0.537596 0.249609
vt 0.533738 0.251897
vt 0.256594 0.320901
vt 0.256594 0.318613
vt 0.540952 0.490524
vt 0.540952 0.488235
vt 0.540952 0.495100
vt 0.567572 0.492468
vt 0.567572 0.487892
vt 0.893068 0.954602
vt 0.893068 0.950025
vt 0.896926 0.947737
vt 0.900784 0.950025
vt 0.900784 0.954602
vt 0.896926 0.956890
vt 0.257827 0.325477
vt 0.257827 0.327765
vt 0.256594 0.327765
vt 0.256594 0.325477
vt 0.570131 0.487892
vt 0.570131 0.492469
vt 0.568805 0.492469
vt 0.568805 0.487892
vt 0.259154 0.325477
vt 0.259154 0.327765
vt 0.259154 0.318613
vt 0.259154 0.320901
vt 0.257827 0.320901
vt 0.257827 0.318613
vt 0.543512 0.488235
vt 0.543512 0.490524
vt 0.542185 0.490524
vt 0.542185 0.488235
vt 0.543512 0.495100
vt 0.542185 0.495100
vt 0.529880 0.249609
vt 0.529880 0.245032
vt 0.533738 0.242744
vt 0.537596 0.245032
vt 0.537596 0.249609
vt 0.533738 0.251897
vt 0.256594 0.320901
vt 0.256594 0.318613
vt 0.540952 0.490524
vt 0.540952 0.488235
vt 0.540952 0.495100
vt 0.567572 0.492468
vt 0.567572 0.487892
vt 0.893068 0.954602
vt 0.893068 0.950025
vt 0.896926 0.947737
vt 0.900784 0.950025
vt 0.900784 0.954602
vt 0.896926 0.956890
vt 0.257827 0.325477
vt 0.257827 0.327765
vt 0.256594 0.327765
vt 0.256594 0.325477
vt 0.570131 0.487892
vt 0.570131 0.492469
vt 0.568805 0.492469
vt 0.568805 0.487892
vt 0.259154 0.325477
vt 0.259154 0.327765
vt 0.259154 0.318613
vt 0.259154 0.320901
vt 0.257827 0.320901
vt 0.257827 0.318613
vt 0.543512 0.488235
vt 0.543512 0.490524
vt 0.542185 0.490524
vt 0.542185 0.488235
vt 0.543512 0.495100
vt 0.542185 0.495100
vt 0.529880 0.249609
vt 0.529880 0.245032
vt 0.533738 0.242744
vt 0.537596 0.245032
vt 0.537596 0.249609
vt 0.533738 0.251897
vt 0.256594 0.320901
vt 0.256594 0.318613
vt 0.540952 0.490524
vt 0.540952 0.488235
vt 0.540952 0.495100
vt 0.567572 0.492468
vt 0.567572 0.487892
vt 0.893068 0.954602
vt 0.893068 0.950025
vt 0.896926 0.947737
vt 0.900784 0.950025
vt 0.900784 0.954602
vt 0.896926 0.956890
vt 0.257827 0.325477
vt 0.257827 0.327765
vt 0.256594 0.327765
vt 0.256594 0.325477
vt 0.570131 0.487892
vt 0.570131 0.492469
vt 0.568805 0.492469
vt 0.568805 0.487892
vt 0.259154 0.325477
vt 0.259154 0.327765
vt 0.259154 0.318613
vt 0.259154 0.320901
vt 0.257827 0.320901
vt 0.257827 0.318613
vt 0.543512 0.488235
vt 0.543512 0.490524
vt 0.542185 0.490524
vt 0.542185 0.488235
vt 0.543512 0.495100
vt 0.542185 0.495100
vt 0.529880 0.249609
vt 0.529880 0.245032
vt 0.533738 0.242744
vt 0.537596 0.245032
vt 0.537596 0.249609
vt 0.533738 0.251897
vt 0.256594 0.320901
vt 0.256594 0.318613
vt 0.540952 0.490524
vt 0.540952 0.488235
vt 0.540952 0.495100
vt 0.567572 0.492468
vt 0.567572 0.487892
vt 0.893068 0.954602
vt 0.893068 0.950025
vt 0.896926 0.947737
vt 0.900784 0.950025
vt 0.900784 0.954602
vt 0.896926 0.956890
vt 0.257827 0.325477
vt 0.257827 0.327765
vt 0.256594 0.327765
vt 0.256594 0.325477
vt 0.570131 0.487892
vt 0.570131 0.492469
vt 0.568805 0.492469
vt 0.568805 0.487892
vt 0.259154 0.325477
vt 0.259154 0.327765
vt 0.259154 0.318613
vt 0.259154 0.320901
vt 0.257827 0.320901
vt 0.257827 0.318613
vt 0.543512 0.488235
vt 0.543512 0.490524
vt 0.542185 0.490524
vt 0.542185 0.488235
vt 0.543512 0.495100
vt 0.542185 0.495100
vt 0.529880 0.249609
vt 0.529880 0.245032
vt 0.533738 0.242744
vt 0.537596 0.245032
vt 0.537596 0.249609
vt 0.533738 0.251897
vt 0.256594 0.320901
vt 0.256594 0.318613
vt 0.540952 0.490524
vt 0.540952 0.488235
vt 0.540952 0.495100
vt 0.567572 0.492468
vt 0.567572 0.487892
vt 0.893068 0.954602
vt 0.893068 0.950025
vt 0.896926 0.947737
vt 0.900784 0.950025
vt 0.900784 0.954602
vt 0.896926 0.956890
vt 0.257827 0.325477
vt 0.257827 0.327765
vt 0.256594 0.327765
vt 0.256594 0.325477
vt 0.570131 0.487892
vt 0.570131 0.492469
vt 0.568805 0.492469
vt 0.568805 0.487892
vt 0.259154 0.325477
vt 0.259154 0.327765
vt 0.259154 0.318613
vt 0.259154 0.320901
vt 0.257827 0.320901
vt 0.257827 0.318613
vt 0.543512 0.488235
vt 0.543512 0.490524
vt 0.542185 0.490524
vt 0.542185 0.488235
vt 0.543512 0.495100
vt 0.542185 0.495100
vt 0.529880 0.249609
vt 0.529880 0.245032
vt 0.533738 0.242744
vt 0.537596 0.245032
vt 0.537596 0.249609
vt 0.533738 0.251897
vt 0.256594 0.320901
vt 0.256594 0.318613
vt 0.540952 0.490524
vt 0.540952 0.488235
vt 0.540952 0.495100
vt 0.567572 0.492468
vt 0.567572 0.487892
vt 0.893068 0.954602
vt 0.893068 0.950025
vt 0.896926 0.947737
vt 0.900784 0.950025
vt 0.900784 0.954602
vt 0.896926 0.956890
vt 0.257827 0.325477
vt 0.257827 0.327765
vt 0.256594 0.327765
vt 0.256594 0.325477
vt 0.570131 0.487892
vt 0.570131 0.492469
vt 0.568805 0.492469
vt 0.568805 0.487892
vt 0.259154 0.325477
vt 0.259154 0.327765
vt 0.259154 0.318613
vt 0.259154 0.320901
vt 0.257827 0.320901
vt 0.257827 0.318613
vt 0.543512 0.488235
vt 0.543512 0.490524
vt 0.542185 0.490524
vt 0.542185 0.488235
vt 0.543512 0.495100
vt 0.542185 0.495100
vt 0.529880 0.249609
vt 0.529880 0.245032
vt 0.533738 0.242744
vt 0.537596 0.245032
vt 0.537596 0.249609
vt 0.533738 0.251897
vt 0.256594 0.320901
vt 0.256594 0.318613
vt 0.540952 0.490524
vt 0.540952 0.488235
vt 0.540952 0.495100
vt 0.567572 0.492468
vt 0.567572 0.487892
vt 0.893068 0.954602
vt 0.893068 0.950025
vt 0.896926 0.947737
vt 0.900784 0.950025
vt 0.900784 0.954602
vt 0.896926 0.956890
vt 0.257827 0.325477
vt 0.257827 0.327765
vt 0.256594 0.327765
vt 0.256594 0.325477
vt 0.570131 0.487892
vt 0.570131 0.492469
vt 0.568805 0.492469
vt 0.568805 0.487892
vt 0.259154 0.325477
vt 0.259154 0.327765
vt 0.259154 0.318613
vt 0.259154 0.320901
vt 0.257827 0.320901
vt 0.257827 0.318613
vt 0.543512 0.488235
vt 0.543512 0.490524
vt 0.542185 0.490524
vt 0.542185 0.488235
vt 0.543512 0.495100
vt 0.542185 0.495100
vt 0.529880 0.249609
vt 0.529880 0.245032
vt 0.533738 0.242744
vt 0.537596 0.245032
vt 0.537596 0.249609
vt 0.533738 0.251897
vt 0.256594 0.320901
vt 0.256594 0.318613
vt 0.540952 0.490524
vt 0.540952 0.488235
vt 0.540952 0.495100
vt 0.567572 0.492468
vt 0.567572 0.487892
vt 0.893068 0.954602
vt 0.893068 0.950025
vt 0.896926 0.947737
vt 0.900784 0.950025
vt 0.900784 0.954602
vt 0.896926 0.956890
vt 0.257827 0.325477
vt 0.257827 0.327765
vt 0.256594 0.327765
vt 0.256594 0.325477
vt 0.570131 0.487892
vt 0.570131 0.492469
vt 0.568805 0.492469
vt 0.568805 0.487892
vt 0.259154 0.325477
vt 0.259154 0.327765
vt 0.259154 0.318613
vt 0.259154 0.320901
vt 0.257827 0.320901
vt 0.257827 0.318613
vt 0.543512 0.488235
vt 0.543512 0.490524
vt 0.542185 0.490524
vt 0.542185 0.488235
vt 0.543512 0.495100
vt 0.542185 0.495100
vt 0.529880 0.249609
vt 0.529880 0.245032
vt 0.533738 0.242744
vt 0.537596 0.245032
vt 0.537596 0.249609
vt 0.533738 0.251897
vt 0.256594 0.320901
vt 0.256594 0.318613
vt 0.540952 0.490524
vt 0.540952 0.488235
vt 0.540952 0.495100
vt 0.567572 0.492468
vt 0.567572 0.487892
vt 0.893068 0.954602
vt 0.893068 0.950025
vt 0.896926 0.947737
vt 0.900784 0.950025
vt 0.900784 0.954602
vt 0.896926 0.956890
vt 0.257827 0.325477
vt 0.257827 0.327765
vt 0.256594 0.327765
vt 0.256594 0.325477
vt 0.570131 0.487892
vt 0.570131 0.492469
vt 0.568805 0.492469
vt 0.568805 0.487892
vt 0.259154 0.325477
vt 0.259154 0.327765
vt 0.259154 0.318613
vt 0.259154 0.320901
vt 0.257827 0.320901
vt 0.257827 0.318613
vt 0.543512 0.488235
vt 0.543512 0.490524
vt 0.542185 0.490524
vt 0.542185 0.488235
vt 0.543512 0.495100
vt 0.542185 0.495100
vt 0.529880 0.249609
vt 0.529880 0.245032
vt 0.533738 0.242744
vt 0.537596 0.245032
vt 0.537596 0.249609
vt 0.533738 0.251897
vt 0.256594 0.320901
vt 0.256594 0.318613
vt 0.540952 0.490524
vt 0.540952 0.488235
vt 0.540952 0.495100
vt 0.567572 0.492468
vt 0.567572 0.487892
vt 0.893068 0.954602
vt 0.893068 0.950025
vt 0.896926 0.947737
vt 0.900784 0.950025
vt 0.900784 0.954602
vt 0.896926 0.956890
vt 0.257827 0.325477
vt 0.257827 0.327765
vt 0.256594 0.327765
vt 0.256594 0.325477
vt 0.570131 0.487892
vt 0.570131 0.492469
vt 0.568805 0.492469
vt 0.568805 0.487892
vt 0.259154 0.325477
vt 0.259154 0.327765
vt 0.259154 0.318613
vt 0.259154 0.320901
vt 0.257827 0.320901
vt 0.257827 0.318613
vt 0.543512 0.488235
vt 0.543512 0.490524
vt 0.542185 0.490524
vt 0.542185 0.488235
vt 0.543512 0.495100
vt 0.542185 0.495100
vt 0.529880 0.249609
vt 0.529880 0.245032
vt 0.533738 0.242744
vt 0.537596 0.245032
vt 0.537596 0.249609
vt 0.533738 0.251897
vt 0.256594 0.320901
vt 0.256594 0.318613
vt 0.540952 0.490524
vt 0.540952 0.488235
vt 0.540952 0.495100
vt 0.567572 0.492468
vt 0.567572 0.487892
vt 0.893068 0.954602
vt 0.893068 0.950025
vt 0.896926 0.947737
vt 0.900784 0.950025
vt 0.900784 0.954602
vt 0.896926 0.956890
vt 0.257827 0.325477
vt 0.257827 0.327765
vt 0.256594 0.327765
vt 0.256594 0.325477
vt 0.570131 0.487892
vt 0.570131 0.492469
vt 0.568805 0.492469
vt 0.568805 0.487892
vt 0.259154 0.325477
vt 0.259154 0.327765
vt 0.259154 0.318613
vt 0.259154 0.320901
vt 0.257827 0.320901
vt 0.257827 0.318613
vt 0.543512 0.488235
vt 0.543512 0.490524
vt 0.542185 0.490524
vt 0.542185 0.488235
vt 0.543512 0.495100
vt 0.542185 0.495100
vt 0.529880 0.249609
vt 0.529880 0.245032
vt 0.533738 0.242744
vt 0.537596 0.245032
vt 0.537596 0.249609
vt 0.533738 0.251897
vt 0.256594 0.320901
vt 0.256594 0.318613
vt 0.540952 0.490524
vt 0.540952 0.488235
vt 0.540952 0.495100
vt 0.567572 0.492468
vt 0.567572 0.487892
vt 0.893068 0.954602
vt 0.893068 0.950025
vt 0.896926 0.947737
vt 0.900784 0.950025
vt 0.900784 0.954602
vt 0.896926 0.956890
vt 0.257827 0.325477
vt 0.257827 0.327765
vt 0.256594 0.327765
vt 0.256594 0.325477
vt 0.570131 0.487892
vt 0.570131 0.492469
vt 0.568805 0.492469
vt 0.568805 0.487892
vt 0.259154 0.325477
vt 0.259154 0.327765
vt 0.259154 0.318613
vt 0.259154 0.320901
vt 0.257827 0.320901
vt 0.257827 0.318613
vt 0.543512 0.488235
vt 0.543512 0.490524
vt 0.542185 0.490524
vt 0.542185 0.488235
vt 0.543512 0.495100
vt 0.542185 0.495100
vt 0.529880 0.249609
vt 0.529880 0.245032
vt 0.533738 0.242744
vt 0.537596 0.245032
vt 0.537596 0.249609
vt 0.533738 0.251897
vt 0.256594 0.320901
vt 0.256594 0.318613
vt 0.540952 0.490524
vt 0.540952 0.488235
vt 0.540952 0.495100
vt 0.567572 0.492468
vt 0.567572 0.487892
vt 0.893068 0.954602
vt 0.893068 0.950025
vt 0.896926 0.947737
vt 0.900784 0.950025
vt 0.900784 0.954602
vt 0.896926 0.956890
vt 0.257827 0.325477
vt 0.257827 0.327765
vt 0.256594 0.327765
vt 0.256594 0.325477
vt 0.570131 0.487892
vt 0.570131 0.492469
vt 0.568805 0.492469
vt 0.568805 0.487892
vt 0.259154 0.325477
vt 0.259154 0.327765
vt 0.259154 0.318613
vt 0.259154 0.320901
vt 0.257827 0.320901
vt 0.257827 0.318613
vt 0.543512 0.488235
vt 0.543512 0.490524
vt 0.542185 0.490524
vt 0.542185 0.488235
vt 0.543512 0.495100
vt 0.542185 0.495100
vt 0.529880 0.249609
vt 0.529880 0.245032
vt 0.533738 0.242744
vt 0.537596 0.245032
vt 0.537596 0.249609
vt 0.533738 0.251897
vt 0.256594 0.320901
vt 0.256594 0.318613
vt 0.540952 0.490524
vt 0.540952 0.488235
vt 0.540952 0.495100
vt 0.567572 0.492468
vt 0.567572 0.487892
vn 0.0000 -1.0000 0.0000
vn 0.5000 0.0000 -0.8660
vn -0.5000 0.0000 -0.8660
vn 0.5000 0.0000 0.8660
vn -1.0000 0.0000 0.0000
vn 1.0000 0.0000 0.0000
vn -0.5000 0.0000 0.8660
vn 0.0000 1.0000 0.0000
usemtl 3
s off
f 882/1605/602 881/1606/602 886/1607/602 885/1608/602 884/1609/602 883/1610/602
f 892/1611/603 887/1612/603 893/1613/603 898/1614/603
f 881/1615/604 882/1616/604 888/1617/604 887/1618/604
f 886/1619/603 881/1620/603 887/1612/603 892/1611/603
f 884/1621/605 885/1622/605 891/1623/605 890/1624/605
f 882/1625/606 883/1626/606 889/1627/606 888/1628/606
f 885/1622/607 886/1619/607 892/1611/607 891/1623/607
f 883/1626/608 884/1629/608 890/1630/608 889/1627/608
f 894/1631/609 895/1632/609 896/1633/609 897/1634/609 898/1635/609 893/1636/609
f 890/1624/605 891/1623/605 897/1637/605 896/1638/605
f 888/1628/606 889/1627/606 895/1639/606 894/1640/606
f 891/1623/607 892/1611/607 898/1614/607 897/1637/607
f 889/1627/608 890/1630/608 896/1641/608 895/1639/608
f 887/1618/604 888/1617/604 894/1642/604 893/1643/604
f 900/1644/602 899/1645/602 904/1646/602 903/1647/602 902/1648/602 901/1649/602
f 910/1650/603 905/1651/603 911/1652/603 916/1653/603
f 899/1654/604 900/1655/604 906/1656/604 905/1657/604
f 904/1658/603 899/1659/603 905/1651/603 910/1650/603
f 902/1660/605 903/1661/605 909/1662/605 908/1663/605
f 900/1664/606 901/1665/606 907/1666/606 906/1667/606
f 903/1661/607 904/1658/607 910/1650/607 909/1662/607
f 901/1665/608 902/1668/608 908/1669/608 907/1666/608
f 912/1670/609 913/1671/609 914/1672/609 915/1673/609 916/1674/609 911/1675/609
f 908/1663/605 909/1662/605 915/1676/605 914/1677/605
f 906/1667/606 907/1666/606 913/1678/606 912/1679/606
f 909/1662/607 910/1650/607 916/1653/607 915/1676/607
f 907/1666/608 908/1669/608 914/1680/608 913/1678/608
f 905/1657/604 906/1656/604 912/1681/604 911/1682/604
f 918/1683/602 917/1684/602 922/1685/602 921/1686/602 920/1687/602 919/1688/602
f 928/1689/603 923/1690/603 929/1691/603 934/1692/603
f 917/1693/604 918/1694/604 924/1695/604 923/1696/604
f 922/1697/603 917/1698/603 923/1690/603 928/1689/603
f 920/1699/605 921/1700/605 927/1701/605 926/1702/605
f 918/1703/606 919/1704/606 925/1705/606 924/1706/606
f 921/1700/607 922/1697/607 928/1689/607 927/1701/607
f 919/1704/608 920/1707/608 926/1708/608 925/1705/608
f 930/1709/609 931/1710/609 932/1711/609 933/1712/609 934/1713/609 929/1714/609
f 926/1702/605 927/1701/605 933/1715/605 932/1716/605
f 924/1706/606 925/1705/606 931/1717/606 930/1718/606
f 927/1701/607 928/1689/607 934/1692/607 933/1715/607
f 925/1705/608 926/1708/608 932/1719/608 931/1717/608
f 923/1696/604 924/1695/604 930/1720/604 929/1721/604
f 936/1722/602 935/1723/602 940/1724/602 939/1725/602 938/1726/602 937/1727/602
f 946/1728/603 941/1729/603 947/1730/603 952/1731/603
f 935/1732/604 936/1733/604 942/1734/604 941/1735/604
f 940/1736/603 935/1737/603 941/1729/603 946/1728/603
f 938/1738/605 939/1739/605 945/1740/605 944/1741/605
f 936/1742/606 937/1743/606 943/1744/606 942/1745/606
f 939/1739/607 940/1736/607 946/1728/607 945/1740/607
f 937/1743/608 938/1746/608 944/1747/608 943/1744/608
f 948/1748/609 949/1749/609 950/1750/609 951/1751/609 952/1752/609 947/1753/609
f 944/1741/605 945/1740/605 951/1754/605 950/1755/605
f 942/1745/606 943/1744/606 949/1756/606 948/1757/606
f 945/1740/607 946/1728/607 952/1731/607 951/1754/607
f 943/1744/608 944/1747/608 950/1758/608 949/1756/608
f 941/1735/604 942/1734/604 948/1759/604 947/1760/604
f 954/1761/602 953/1762/602 958/1763/602 957/1764/602 956/1765/602 955/1766/602
f 964/1767/603 959/1768/603 965/1769/603 970/1770/603
f 953/1771/604 954/1772/604 960/1773/604 959/1774/604
f 958/1775/603 953/1776/603 959/1768/603 964/1767/603
f 956/1777/605 957/1778/605 963/1779/605 962/1780/605
f 954/1781/606 955/1782/606 961/1783/606 960/1784/606
f 957/1778/607 958/1775/607 964/1767/607 963/1779/607
f 955/1782/608 956/1785/608 962/1786/608 961/1783/608
f 966/1787/609 967/1788/609 968/1789/609 969/1790/609 970/1791/609 965/1792/609
f 962/1780/605 963/1779/605 969/1793/605 968/1794/605
f 960/1784/606 961/1783/606 967/1795/606 966/1796/606
f 963/1779/607 964/1767/607 970/1770/607 969/1793/607
f 961/1783/608 962/1786/608 968/1797/608 967/1795/608
f 959/1774/604 960/1773/604 966/1798/604 965/1799/604
f 972/1800/602 971/1801/602 976/1802/602 975/1803/602 974/1804/602 973/1805/602
f 982/1806/603 977/1807/603 983/1808/603 988/1809/603
f 971/1810/604 972/1811/604 978/1812/604 977/1813/604
f 976/1814/603 971/1815/603 977/1807/603 982/1806/603
f 974/1816/605 975/1817/605 981/1818/605 980/1819/605
f 972/1820/606 973/1821/606 979/1822/606 978/1823/606
f 975/1817/607 976/1814/607 982/1806/607 981/1818/607
f 973/1821/608 974/1824/608 980/1825/608 979/1822/608
f 984/1826/609 985/1827/609 986/1828/609 987/1829/609 988/1830/609 983/1831/609
f 980/1819/605 981/1818/605 987/1832/605 986/1833/605
f 978/1823/606 979/1822/606 985/1834/606 984/1835/606
f 981/1818/607 982/1806/607 988/1809/607 987/1832/607
f 979/1822/608 980/1825/608 986/1836/608 985/1834/608
f 977/1813/604 978/1812/604 984/1837/604 983/1838/604
f 993/1839/602 994/1840/602 989/1841/602 990/1842/602 991/1843/602 992/1844/602
f 995/1845/603 1000/1846/603 1006/1847/603 1001/1848/603
f 994/1849/604 993/1850/604 999/1851/604 1000/1852/604
f 989/1853/603 994/1854/603 1000/1846/603 995/1845/603
f 991/1855/605 990/1856/605 996/1857/605 997/1858/605
f 993/1859/606 992/1860/606 998/1861/606 999/1862/606
f 990/1856/607 989/1853/607 995/1845/607 996/1857/607
f 992/1860/608 991/1863/608 997/1864/608 998/1861/608
f 1005/1865/609 1004/1866/609 1003/1867/609 1002/1868/609 1001/1869/609 1006/1870/609
f 997/1858/605 996/1857/605 1002/1871/605 1003/1872/605
f 999/1862/606 998/1861/606 1004/1873/606 1005/1874/606
f 996/1857/607 995/1845/607 1001/1848/607 1002/1871/607
f 998/1861/608 997/1864/608 1003/1875/608 1004/1873/608
f 1000/1852/604 999/1851/604 1005/1876/604 1006/1877/604
f 1008/1878/602 1007/1879/602 1012/1880/602 1011/1881/602 1010/1882/602 1009/1883/602
f 1013/1884/603 1018/1885/603 1024/1886/603 1019/1887/603
f 1007/1888/604 1008/1889/604 1017/1890/604 1018/1891/604
f 1012/1892/603 1007/1893/603 1018/1885/603 1013/1884/603
f 1010/1894/605 1011/1895/605 1014/1896/605 1015/1897/605
f 1008/1898/606 1009/1899/606 1016/1900/606 1017/1901/606
f 1011/1895/607 1012/1892/607 1013/1884/607 1014/1896/607
f 1009/1899/608 1010/1902/608 1015/1903/608 1016/1900/608
f 1023/1904/609 1022/1905/609 1021/1906/609 1020/1907/609 1019/1908/609 1024/1909/609
f 1015/1897/605 1014/1896/605 1020/1910/605 1021/1911/605
f 1017/1901/606 1016/1900/606 1022/1912/606 1023/1913/606
f 1014/1896/607 1013/1884/607 1019/1887/607 1020/1910/607
f 1016/1900/608 1015/1903/608 1021/1914/608 1022/1912/608
f 1018/1891/604 1017/1890/604 1023/1915/604 1024/1916/604
f 1026/1917/602 1025/1918/602 1030/1919/602 1029/1920/602 1028/1921/602 1027/1922/602
f 1031/1923/603 1036/1924/603 1042/1925/603 1037/1926/603
f 1025/1927/604 1026/1928/604 1035/1929/604 1036/1930/604
f 1030/1931/603 1025/1932/603 1036/1924/603 1031/1923/603
f 1028/1933/605 1029/1934/605 1032/1935/605 1033/1936/605
f 1026/1937/606 1027/1938/606 1034/1939/606 1035/1940/606
f 1029/1934/607 1030/1931/607 1031/1923/607 1032/1935/607
f 1027/1938/608 1028/1941/608 1033/1942/608 1034/1939/608
f 1041/1943/609 1040/1944/609 1039/1945/609 1038/1946/609 1037/1947/609 1042/1948/609
f 1033/1936/605 1032/1935/605 1038/1949/605 1039/1950/605
f 1035/1940/606 1034/1939/606 1040/1951/606 1041/1952/606
f 1032/1935/607 1031/1923/607 1037/1926/607 1038/1949/607
f 1034/1939/608 1033/1942/608 1039/1953/608 1040/1951/608
f 1036/1930/604 1035/1929/604 1041/1954/604 1042/1955/604
f 1044/1956/602 1043/1957/602 1048/1958/602 1047/1959/602 1046/1960/602 1045/1961/602
f 1049/1962/603 1054/1963/603 1060/1964/603 1055/1965/603
f 1043/1966/604 1044/1967/604 1053/1968/604 1054/1969/604
f 1048/1970/603 1043/1971/603 1054/1963/603 1049/1962/603
f 1046/1972/605 1047/1973/605 1050/1974/605 1051/1975/605
f 1044/1976/606 1045/1977/606 1052/1978/606 1053/1979/606
f 1047/1973/607 1048/1970/607 1049/1962/607 1050/1974/607
f 1045/1977/608 1046/1980/608 1051/1981/608 1052/1978/608
f 1059/1982/609 1058/1983/609 1057/1984/609 1056/1985/609 1055/1986/609 1060/1987/609
f 1051/1975/605 1050/1974/605 1056/1988/605 1057/1989/605
f 1053/1979/606 1052/1978/606 1058/1990/606 1059/1991/606
f 1050/1974/607 1049/1962/607 1055/1965/607 1056/1988/607
f 1052/1978/608 1051/1981/608 1057/1992/608 1058/1990/608
f 1054/1969/604 1053/1968/604 1059/1993/604 1060/1994/604
f 1062/1995/602 1061/1996/602 1066/1997/602 1065/1998/602 1064/1999/602 1063/2000/602
f 1072/2001/603 1067/2002/603 1073/2003/603 1078/2004/603
f 1061/2005/604 1062/2006/604 1068/2007/604 1067/2008/604
f 1066/2009/603 1061/2010/603 1067/2002/603 1072/2001/603
f 1064/2011/605 1065/2012/605 1071/2013/605 1070/2014/605
f 1062/2015/606 1063/2016/606 1069/2017/606 1068/2018/606
f 1065/2012/607 1066/2009/607 1072/2001/607 1071/2013/607
f 1063/2016/608 1064/2019/608 1070/2020/608 1069/2017/608
f 1074/2021/609 1075/2022/609 1076/2023/609 1077/2024/609 1078/2025/609 1073/2026/609
f 1070/2014/605 1071/2013/605 1077/2027/605 1076/2028/605
f 1068/2018/606 1069/2017/606 1075/2029/606 1074/2030/606
f 1071/2013/607 1072/2001/607 1078/2004/607 1077/2027/607
f 1069/2017/608 1070/2020/608 1076/2031/608 1075/2029/608
f 1067/2008/604 1068/2007/604 1074/2032/604 1073/2033/604
f 1080/2034/602 1079/2035/602 1084/2036/602 1083/2037/602 1082/2038/602 1081/2039/602
f 1090/2040/603 1085/2041/603 1091/2042/603 1096/2043/603
f 1079/2044/604 1080/2045/604 1086/2046/604 1085/2047/604
f 1084/2048/603 1079/2049/603 1085/2041/603 1090/2040/603
f 1082/2050/605 1083/2051/605 1089/2052/605 1088/2053/605
f 1080/2054/606 1081/2055/606 1087/2056/606 1086/2057/606
f 1083/2051/607 1084/2048/607 1090/2040/607 1089/2052/607
f 1081/2055/608 1082/2058/608 1088/2059/608 1087/2056/608
f 1092/2060/609 1093/2061/609 1094/2062/609 1095/2063/609 1096/2064/609 1091/2065/609
f 1088/2053/605 1089/2052/605 1095/2066/605 1094/2067/605
f 1086/2057/606 1087/2056/606 1093/2068/606 1092/2069/606
f 1089/2052/607 1090/2040/607 1096/2043/607 1095/2066/607
f 1087/2056/608 1088/2059/608 1094/2070/608 1093/2068/608
f 1085/2047/604 1086/2046/604 1092/2071/604 1091/2072/604
f 1098/2073/602 1097/2074/602 1102/2075/602 1101/2076/602 1100/2077/602 1099/2078/602
f 1108/2079/603 1103/2080/603 1109/2081/603 1114/2082/603
f 1097/2083/604 1098/2084/604 1104/2085/604 1103/2086/604
f 1102/2087/603 1097/2088/603 1103/2080/603 1108/2079/603
f 1100/2089/605 1101/2090/605 1107/2091/605 1106/2092/605
f 1098/2093/606 1099/2094/606 1105/2095/606 1104/2096/606
f 1101/2090/607 1102/2087/607 1108/2079/607 1107/2091/607
f 1099/2094/608 1100/2097/608 1106/2098/608 1105/2095/608
f 1110/2099/609 1111/2100/609 1112/2101/609 1113/2102/609 1114/2103/609 1109/2104/609
f 1106/2092/605 1107/2091/605 1113/2105/605 1112/2106/605
f 1104/2096/606 1105/2095/606 1111/2107/606 1110/2108/606
f 1107/2091/607 1108/2079/607 1114/2082/607 1113/2105/607
f 1105/2095/608 1106/2098/608 1112/2109/608 1111/2107/608
f 1103/2086/604 1104/2085/604 1110/2110/604 1109/2111/604
f 1116/2112/602 1115/2113/602 1120/2114/602 1119/2115/602 1118/2116/602 1117/2117/602
f 1126/2118/603 1121/2119/603 1127/2120/603 1132/2121/603
f 1115/2122/604 1116/2123/604 1122/2124/604 1121/2125/604
f 1120/2126/603 1115/2127/603 1121/2119/603 1126/2118/603
f 1118/2128/605 1119/2129/605 1125/2130/605 1124/2131/605
f 1116/2132/606 1117/2133/606 1123/2134/606 1122/2135/606
f 1119/2129/607 1120/2126/607 1126/2118/607 1125/2130/607
f 1117/2133/608 1118/2136/608 1124/2137/608 1123/2134/608
f 1128/2138/609 1129/2139/609 1130/2140/609 1131/2141/609 1132/2142/609 1127/2143/609
f 1124/2131/605 1125/2130/605 1131/2144/605 1130/2145/605
f 1122/2135/606 1123/2134/606 1129/2146/606 1128/2147/606
f 1125/2130/607 1126/2118/607 1132/2121/607 1131/2144/607
f 1123/2134/608 1124/2137/608 1130/2148/608 1129/2146/608
f 1121/2125/604 1122/2124/604 1128/2149/604 1127/2150/604
f 1134/2151/602 1133/2152/602 1138/2153/602 1137/2154/602 1136/2155/602 1135/2156/602
f 1144/2157/603 1139/2158/603 1145/2159/603 1150/2160/603
f 1133/2161/604 1134/2162/604 1140/2163/604 1139/2164/604
f 1138/2165/603 1133/2166/603 1139/2158/603 1144/2157/603
f 1136/2167/605 1137/2168/605 1143/2169/605 1142/2170/605
f 1134/2171/606 1135/2172/606 1141/2173/606 1140/2174/606
f 1137/2168/607 1138/2165/607 1144/2157/607 1143/2169/607
f 1135/2172/608 1136/2175/608 1142/2176/608 1141/2173/608
f 1146/2177/609 1147/2178/609 1148/2179/609 1149/2180/609 1150/2181/609 1145/2182/609
f 1142/2170/605 1143/2169/605 1149/2183/605 1148/2184/605
f 1140/2174/606 1141/2173/606 1147/2185/606 1146/2186/606
f 1143/2169/607 1144/2157/607 1150/2160/607 1149/2183/607
f 1141/2173/608 1142/2176/608 1148/2187/608 1147/2185/608
f 1139/2164/604 1140/2163/604 1146/2188/604 1145/2189/604
f 1152/2190/602 1151/2191/602 1156/2192/602 1155/2193/602 1154/2194/602 1153/2195/602
f 1162/2196/603 1157/2197/603 1163/2198/603 1168/2199/603
f 1151/2200/604 1152/2201/604 1158/2202/604 1157/2203/604
f 1156/2204/603 1151/2205/603 1157/2197/603 1162/2196/603
f 1154/2206/605 1155/2207/605 1161/2208/605 1160/2209/605
f 1152/2210/606 1153/2211/606 1159/2212/606 1158/2213/606
f 1155/2207/607 1156/2204/607 1162/2196/607 1161/2208/607
f 1153/2211/608 1154/2214/608 1160/2215/608 1159/2212/608
f 1164/2216/609 1165/2217/609 1166/2218/609 1167/2219/609 1168/2220/609 1163/2221/609
f 1160/2209/605 1161/2208/605 1167/2222/605 1166/2223/605
f 1158/2213/606 1159/2212/606 1165/2224/606 1164/2225/606
f 1161/2208/607 1162/2196/607 1168/2199/607 1167/2222/607
f 1159/2212/608 1160/2215/608 1166/2226/608 1165/2224/608
f 1157/2203/604 1158/2202/604 1164/2227/604 1163/2228/604
f 1173/2229/602 1174/2230/602 1169/2231/602 1170/2232/602 1171/2233/602 1172/2234/602
f 1175/2235/603 1180/2236/603 1186/2237/603 1181/2238/603
f 1174/2239/604 1173/2240/604 1179/2241/604 1180/2242/604
f 1169/2243/603 1174/2244/603 1180/2236/603 1175/2235/603
f 1171/2245/605 1170/2246/605 1176/2247/605 1177/2248/605
f 1173/2249/606 1172/2250/606 1178/2251/606 1179/2252/606
f 1170/2246/607 1169/2243/607 1175/2235/607 1176/2247/607
f 1172/2250/608 1171/2253/608 1177/2254/608 1178/2251/608
f 1185/2255/609 1184/2256/609 1183/2257/609 1182/2258/609 1181/2259/609 1186/2260/609
f 1177/2248/605 1176/2247/605 1182/2261/605 1183/2262/605
f 1179/2252/606 1178/2251/606 1184/2263/606 1185/2264/606
f 1176/2247/607 1175/2235/607 1181/2238/607 1182/2261/607
f 1178/2251/608 1177/2254/608 1183/2265/608 1184/2263/608
f 1180/2242/604 1179/2241/604 1185/2266/604 1186/2267/604
f 1188/2268/602 1187/2269/602 1192/2270/602 1191/2271/602 1190/2272/602 1189/2273/602
f 1193/2274/603 1198/2275/603 1204/2276/603 1199/2277/603
f 1187/2278/604 1188/2279/604 1197/2280/604 1198/2281/604
f 1192/2282/603 1187/2283/603 1198/2275/603 1193/2274/603
f 1190/2284/605 1191/2285/605 1194/2286/605 1195/2287/605
f 1188/2288/606 1189/2289/606 1196/2290/606 1197/2291/606
f 1191/2285/607 1192/2282/607 1193/2274/607 1194/2286/607
f 1189/2289/608 1190/2292/608 1195/2293/608 1196/2290/608
f 1203/2294/609 1202/2295/609 1201/2296/609 1200/2297/609 1199/2298/609 1204/2299/609
f 1195/2287/605 1194/2286/605 1200/2300/605 1201/2301/605
f 1197/2291/606 1196/2290/606 1202/2302/606 1203/2303/606
f 1194/2286/607 1193/2274/607 1199/2277/607 1200/2300/607
f 1196/2290/608 1195/2293/608 1201/2304/608 1202/2302/608
f 1198/2281/604 1197/2280/604 1203/2305/604 1204/2306/604
f 1206/2307/602 1205/2308/602 1210/2309/602 1209/2310/602 1208/2311/602 1207/2312/602
f 1211/2313/603 1216/2314/603 1222/2315/603 1217/2316/603
f 1205/2317/604 1206/2318/604 1215/2319/604 1216/2320/604
f 1210/2321/603 1205/2322/603 1216/2314/603 1211/2313/603
f 1208/2323/605 1209/2324/605 1212/2325/605 1213/2326/605
f 1206/2327/606 1207/2328/606 1214/2329/606 1215/2330/606
f 1209/2324/607 1210/2321/607 1211/2313/607 1212/2325/607
f 1207/2328/608 1208/2331/608 1213/2332/608 1214/2329/608
f 1221/2333/609 1220/2334/609 1219/2335/609 1218/2336/609 1217/2337/609 1222/2338/609
f 1213/2326/605 1212/2325/605 1218/2339/605 1219/2340/605
f 1215/2330/606 1214/2329/606 1220/2341/606 1221/2342/606
f 1212/2325/607 1211/2313/607 1217/2316/607 1218/2339/607
f 1214/2329/608 1213/2332/608 1219/2343/608 1220/2341/608
f 1216/2320/604 1215/2319/604 1221/2344/604 1222/2345/604
f 1224/2346/602 1223/2347/602 1228/2348/602 1227/2349/602 1226/2350/602 1225/2351/602
f 1229/2352/603 1234/2353/603 1240/2354/603 1235/2355/603
f 1223/2356/604 1224/2357/604 1233/2358/604 1234/2359/604
f 1228/2360/603 1223/2361/603 1234/2353/603 1229/2352/603
f 1226/2362/605 1227/2363/605 1230/2364/605 1231/2365/605
f 1224/2366/606 1225/2367/606 1232/2368/606 1233/2369/606
f 1227/2363/607 1228/2360/607 1229/2352/607 1230/2364/607
f 1225/2367/608 1226/2370/608 1231/2371/608 1232/2368/608
f 1239/2372/609 1238/2373/609 1237/2374/609 1236/2375/609 1235/2376/609 1240/2377/609
f 1231/2365/605 1230/2364/605 1236/2378/605 1237/2379/605
f 1233/2369/606 1232/2368/606 1238/2380/606 1239/2381/606
f 1230/2364/607 1229/2352/607 1235/2355/607 1236/2378/607
f 1232/2368/608 1231/2371/608 1237/2382/608 1238/2380/608
f 1234/2359/604 1233/2358/604 1239/2383/604 1240/2384/604
f 1242/2385/602 1241/2386/602 1246/2387/602 1245/2388/602 1244/2389/602 1243/2390/602
f 1252/2391/603 1247/2392/603 1253/2393/603 1258/2394/603
f 1241/2395/604 1242/2396/604 1248/2397/604 1247/2398/604
f 1246/2399/603 1241/2400/603 1247/2392/603 1252/2391/603
f 1244/2401/605 1245/2402/605 1251/2403/605 1250/2404/605
f 1242/2405/606 1243/2406/606 1249/2407/606 1248/2408/606
f 1245/2402/607 1246/2399/607 1252/2391/607 1251/2403/607
f 1243/2406/608 1244/2409/608 1250/2410/608 1249/2407/608
f 1254/2411/609 1255/2412/609 1256/2413/609 1257/2414/609 1258/2415/609 1253/2416/609
f 1250/2404/605 1251/2403/605 1257/2417/605 1256/2418/605
f 1248/2408/606 1249/2407/606 1255/2419/606 1254/2420/606
f 1251/2403/607 1252/2391/607 1258/2394/607 1257/2417/607
f 1249/2407/608 1250/2410/608 1256/2421/608 1255/2419/608
f 1247/2398/604 1248/2397/604 1254/2422/604 1253/2423/604
f 1260/2424/602 1259/2425/602 1264/2426/602 1263/2427/602 1262/2428/602 1261/2429/602
f 1270/2430/603 1265/2431/603 1271/2432/603 1276/2433/603
f 1259/2434/604 1260/2435/604 1266/2436/604 1265/2437/604
f 1264/2438/603 1259/2439/603 1265/2431/603 1270/2430/603
f 1262/2440/605 1263/2441/605 1269/2442/605 1268/2443/605
f 1260/2444/606 1261/2445/606 1267/2446/606 1266/2447/606
f 1263/2441/607 1264/2438/607 1270/2430/607 1269/2442/607
f 1261/2445/608 1262/2448/608 1268/2449/608 1267/2446/608
f 1272/2450/609 1273/2451/609 1274/2452/609 1275/2453/609 1276/2454/609 1271/2455/609
f 1268/2443/605 1269/2442/605 1275/2456/605 1274/2457/605
f 1266/2447/606 1267/2446/606 1273/2458/606 1272/2459/606
f 1269/2442/607 1270/2430/607 1276/2433/607 1275/2456/607
f 1267/2446/608 1268/2449/608 1274/2460/608 1273/2458/608
f 1265/2437/604 1266/2436/604 1272/2461/604 1271/2462/604
f 1278/2463/602 1277/2464/602 1282/2465/602 1281/2466/602 1280/2467/602 1279/2468/602
f 1288/2469/603 1283/2470/603 1289/2471/603 1294/2472/603
f 1277/2473/604 1278/2474/604 1284/2475/604 1283/2476/604
f 1282/2477/603 1277/2478/603 1283/2470/603 1288/2469/603
f 1280/2479/605 1281/2480/605 1287/2481/605 1286/2482/605
f 1278/2483/606 1279/2484/606 1285/2485/606 1284/2486/606
f 1281/2480/607 1282/2477/607 1288/2469/607 1287/2481/607
f 1279/2484/608 1280/2487/608 1286/2488/608 1285/2485/608
f 1290/2489/609 1291/2490/609 1292/2491/609 1293/2492/609 1294/2493/609 1289/2494/609
f 1286/2482/605 1287/2481/605 1293/2495/605 1292/2496/605
f 1284/2486/606 1285/2485/606 1291/2497/606 1290/2498/606
f 1287/2481/607 1288/2469/607 1294/2472/607 1293/2495/607
f 1285/2485/608 1286/2488/608 1292/2499/608 1291/2497/608
f 1283/2476/604 1284/2475/604 1290/2500/604 1289/2501/604
f 1296/2502/602 1295/2503/602 1300/2504/602 1299/2505/602 1298/2506/602 1297/2507/602
f 1306/2508/603 1301/2509/603 1307/2510/603 1312/2511/603
f 1295/2512/604 1296/2513/604 1302/2514/604 1301/2515/604
f 1300/2516/603 1295/2517/603 1301/2509/603 1306/2508/603
f 1298/2518/605 1299/2519/605 1305/2520/605 1304/2521/605
f 1296/2522/606 1297/2523/606 1303/2524/606 1302/2525/606
f 1299/2519/607 1300/2516/607 1306/2508/607 1305/2520/607
f 1297/2523/608 1298/2526/608 1304/2527/608 1303/2524/608
f 1308/2528/609 1309/2529/609 1310/2530/609 1311/2531/609 1312/2532/609 1307/2533/609
f 1304/2521/605 1305/2520/605 1311/2534/605 1310/2535/605
f 1302/2525/606 1303/2524/606 1309/2536/606 1308/2537/606
f 1305/2520/607 1306/2508/607 1312/2511/607 1311/2534/607
f 1303/2524/608 1304/2527/608 1310/2538/608 1309/2536/608
f 1301/2515/604 1302/2514/604 1308/2539/604 1307/2540/604
f 1314/2541/602 1313/2542/602 1318/2543/602 1317/2544/602 1316/2545/602 1315/2546/602
f 1324/2547/603 1319/2548/603 1325/2549/603 1330/2550/603
f 1313/2551/604 1314/2552/604 1320/2553/604 1319/2554/604
f 1318/2555/603 1313/2556/603 1319/2548/603 1324/2547/603
f 1316/2557/605 1317/2558/605 1323/2559/605 1322/2560/605
f 1314/2561/606 1315/2562/606 1321/2563/606 1320/2564/606
f 1317/2558/607 1318/2555/607 1324/2547/607 1323/2559/607
f 1315/2562/608 1316/2565/608 1322/2566/608 1321/2563/608
f 1326/2567/609 1327/2568/609 1328/2569/609 1329/2570/609 1330/2571/609 1325/2572/609
f 1322/2560/605 1323/2559/605 1329/2573/605 1328/2574/605
f 1320/2564/606 1321/2563/606 1327/2575/606 1326/2576/606
f 1323/2559/607 1324/2547/607 1330/2550/607 1329/2573/607
f 1321/2563/608 1322/2566/608 1328/2577/608 1327/2575/608
f 1319/2554/604 1320/2553/604 1326/2578/604 1325/2579/604
f 1332/2580/602 1331/2581/602 1336/2582/602 1335/2583/602 1334/2584/602 1333/2585/602
f 1342/2586/603 1337/2587/603 1343/2588/603 1348/2589/603
f 1331/2590/604 1332/2591/604 1338/2592/604 1337/2593/604
f 1336/2594/603 1331/2595/603 1337/2587/603 1342/2586/603
f 1334/2596/605 1335/2597/605 1341/2598/605 1340/2599/605
f 1332/2600/606 1333/2601/606 1339/2602/606 1338/2603/606
f 1335/2597/607 1336/2594/607 1342/2586/607 1341/2598/607
f 1333/2601/608 1334/2604/608 1340/2605/608 1339/2602/608
f 1344/2606/609 1345/2607/609 1346/2608/609 1347/2609/609 1348/2610/609 1343/2611/609
f 1340/2599/605 1341/2598/605 1347/2612/605 1346/2613/605
f 1338/2603/606 1339/2602/606 1345/2614/606 1344/2615/606
f 1341/2598/607 1342/2586/607 1348/2589/607 1347/2612/607
f 1339/2602/608 1340/2605/608 1346/2616/608 1345/2614/608
f 1337/2593/604 1338/2592/604 1344/2617/604 1343/2618/604
f 1353/2619/602 1354/2620/602 1349/2621/602 1350/2622/602 1351/2623/602 1352/2624/602
f 1355/2625/603 1360/2626/603 1366/2627/603 1361/2628/603
f 1354/2629/604 1353/2630/604 1359/2631/604 1360/2632/604
f 1349/2633/603 1354/2634/603 1360/2626/603 1355/2625/603
f 1351/2635/605 1350/2636/605 1356/2637/605 1357/2638/605
f 1353/2639/606 1352/2640/606 1358/2641/606 1359/2642/606
f 1350/2636/607 1349/2633/607 1355/2625/607 1356/2637/607
f 1352/2640/608 1351/2643/608 1357/2644/608 1358/2641/608
f 1365/2645/609 1364/2646/609 1363/2647/609 1362/2648/609 1361/2649/609 1366/2650/609
f 1357/2638/605 1356/2637/605 1362/2651/605 1363/2652/605
f 1359/2642/606 1358/2641/606 1364/2653/606 1365/2654/606
f 1356/2637/607 1355/2625/607 1361/2628/607 1362/2651/607
f 1358/2641/608 1357/2644/608 1363/2655/608 1364/2653/608
f 1360/2632/604 1359/2631/604 1365/2656/604 1366/2657/604
f 1368/2658/602 1367/2659/602 1372/2660/602 1371/2661/602 1370/2662/602 1369/2663/602
f 1373/2664/603 1378/2665/603 1384/2666/603 1379/2667/603
f 1367/2668/604 1368/2669/604 1377/2670/604 1378/2671/604
f 1372/2672/603 1367/2673/603 1378/2665/603 1373/2664/603
f 1370/2674/605 1371/2675/605 1374/2676/605 1375/2677/605
f 1368/2678/606 1369/2679/606 1376/2680/606 1377/2681/606
f 1371/2675/607 1372/2672/607 1373/2664/607 1374/2676/607
f 1369/2679/608 1370/2682/608 1375/2683/608 1376/2680/608
f 1383/2684/609 1382/2685/609 1381/2686/609 1380/2687/609 1379/2688/609 1384/2689/609
f 1375/2677/605 1374/2676/605 1380/2690/605 1381/2691/605
f 1377/2681/606 1376/2680/606 1382/2692/606 1383/2693/606
f 1374/2676/607 1373/2664/607 1379/2667/607 1380/2690/607
f 1376/2680/608 1375/2683/608 1381/2694/608 1382/2692/608
f 1378/2671/604 1377/2670/604 1383/2695/604 1384/2696/604
f 1386/2697/602 1385/2698/602 1390/2699/602 1389/2700/602 1388/2701/602 1387/2702/602
f 1391/2703/603 1396/2704/603 1402/2705/603 1397/2706/603
f 1385/2707/604 1386/2708/604 1395/2709/604 1396/2710/604
f 1390/2711/603 1385/2712/603 1396/2704/603 1391/2703/603
f 1388/2713/605 1389/2714/605 1392/2715/605 1393/2716/605
f 1386/2717/606 1387/2718/606 1394/2719/606 1395/2720/606
f 1389/2714/607 1390/2711/607 1391/2703/607 1392/2715/607
f 1387/2718/608 1388/2721/608 1393/2722/608 1394/2719/608
f 1401/2723/609 1400/2724/609 1399/2725/609 1398/2726/609 1397/2727/609 1402/2728/609
f 1393/2716/605 1392/2715/605 1398/2729/605 1399/2730/605
f 1395/2720/606 1394/2719/606 1400/2731/606 1401/2732/606
f 1392/2715/607 1391/2703/607 1397/2706/607 1398/2729/607
f 1394/2719/608 1393/2722/608 1399/2733/608 1400/2731/608
f 1396/2710/604 1395/2709/604 1401/2734/604 1402/2735/604
f 1404/2736/602 1403/2737/602 1408/2738/602 1407/2739/602 1406/2740/602 1405/2741/602
f 1409/2742/603 1414/2743/603 1420/2744/603 1415/2745/603
f 1403/2746/604 1404/2747/604 1413/2748/604 1414/2749/604
f 1408/2750/603 1403/2751/603 1414/2743/603 1409/2742/603
f 1406/2752/605 1407/2753/605 1410/2754/605 1411/2755/605
f 1404/2756/606 1405/2757/606 1412/2758/606 1413/2759/606
f 1407/2753/607 1408/2750/607 1409/2742/607 1410/2754/607
f 1405/2757/608 1406/2760/608 1411/2761/608 1412/2758/608
f 1419/2762/609 1418/2763/609 1417/2764/609 1416/2765/609 1415/2766/609 1420/2767/609
f 1411/2755/605 1410/2754/605 1416/2768/605 1417/2769/605
f 1413/2759/606 1412/2758/606 1418/2770/606 1419/2771/606
f 1410/2754/607 1409/2742/607 1415/2745/607 1416/2768/607
f 1412/2758/608 1411/2761/608 1417/2772/608 1418/2770/608
f 1414/2749/604 1413/2748/604 1419/2773/604 1420/2774/604
o Circle.033_Circle.024
v 0.388204 0.507368 -0.231565
v 0.388204 0.589584 -0.218543
v 0.388204 0.663752 -0.180753
v 0.388204 0.722612 -0.121893
v 0.388204 0.760402 -0.047725
v 0.388204 0.773424 0.034491
v 0.388204 0.760402 0.116707
v 0.388204 0.722612 0.190874
v 0.388204 0.663752 0.249734
v 0.388204 0.589584 0.287525
v 0.388204 0.507368 0.300546
v 0.388204 0.425152 0.287525
v 0.388204 0.350984 0.249734
v 0.388204 0.292124 0.190874
v 0.388204 0.254334 0.116706
v 0.388204 0.241312 0.034491
v 0.388204 0.254334 -0.047725
v 0.388204 0.292125 -0.121893
v 0.388204 0.350985 -0.180753
v 0.388204 0.425153 -0.218543
v 0.647178 0.507368 -0.231565
v 0.647178 0.589584 -0.218543
v 0.647178 0.663752 -0.180753
v 0.647178 0.722612 -0.121893
v 0.647178 0.760402 -0.047725
v 0.647178 0.773424 0.034491
v 0.647178 0.760402 0.116707
v 0.647178 0.722612 0.190874
v 0.647178 0.663752 0.249734
v 0.647178 0.589584 0.287525
v 0.647178 0.507368 0.300546
v 0.647178 0.425152 0.287525
v 0.647178 0.350984 0.249734
v 0.647178 0.292124 0.190874
v 0.647178 0.254334 0.116706
v 0.647178 0.241312 0.034491
v 0.647178 0.254334 -0.047725
v 0.647178 0.292125 -0.121893
v 0.647178 0.350985 -0.180753
v 0.647178 0.425153 -0.218543
v 0.647178 0.507368 -0.185644
v 0.647178 0.575393 -0.174870
v 0.647178 0.636760 -0.143602
v 0.647178 0.685461 -0.094901
v 0.647178 0.716729 -0.033535
v 0.647178 0.727503 0.034491
v 0.647178 0.716729 0.102516
v 0.647178 0.685461 0.163883
v 0.647178 0.636760 0.212584
v 0.647178 0.575393 0.243851
v 0.647178 0.507368 0.254625
v 0.647178 0.439343 0.243851
v 0.647178 0.377976 0.212583
v 0.647178 0.329275 0.163883
v 0.647178 0.298007 0.102516
v 0.647178 0.287233 0.034491
v 0.647178 0.298008 -0.033535
v 0.647178 0.329275 -0.094901
v 0.647178 0.377976 -0.143602
v 0.647178 0.439343 -0.174870
v 0.829484 0.507368 -0.185644
v 0.829484 0.575393 -0.174870
v 0.829484 0.636760 -0.143602
v 0.829484 0.685461 -0.094901
v 0.829484 0.716729 -0.033535
v 0.829484 0.727503 0.034491
v 0.829484 0.716729 0.102516
v 0.829484 0.685461 0.163883
v 0.829484 0.636760 0.212584
v 0.829484 0.575393 0.243851
v 0.829484 0.507368 0.254625
v 0.829484 0.439343 0.243851
v 0.829484 0.377976 0.212583
v 0.829484 0.329275 0.163883
v 0.829484 0.298007 0.102516
v 0.829484 0.287233 0.034491
v 0.829484 0.298008 -0.033535
v 0.829484 0.329275 -0.094901
v 0.829484 0.377976 -0.143602
v 0.829484 0.439343 -0.174870
v 0.829484 0.507368 -0.078856
v 0.829484 0.542394 -0.073309
v 0.829484 0.573992 -0.057209
v 0.829484 0.599068 -0.032133
v 0.829484 0.615168 -0.000535
v 0.829484 0.620715 0.034491
v 0.829484 0.615168 0.069517
v 0.829484 0.599068 0.101115
v 0.829484 0.573992 0.126191
v 0.829484 0.542394 0.142290
v 0.829484 0.507368 0.147838
v 0.829484 0.472342 0.142290
v 0.829484 0.440744 0.126191
v 0.829484 0.415668 0.101115
v 0.829484 0.399568 0.069517
v 0.829484 0.394021 0.034491
v 0.829484 0.399568 -0.000536
v 0.829484 0.415668 -0.032133
v 0.829484 0.440744 -0.057209
v 0.829484 0.472342 -0.073309
v 0.895949 0.507368 -0.078856
v 0.895949 0.542394 -0.073309
v 0.895949 0.573992 -0.057209
v 0.895949 0.599068 -0.032133
v 0.895949 0.615168 -0.000535
v 0.895949 0.620715 0.034491
v 0.895949 0.615168 0.069517
v 0.895949 0.599068 0.101115
v 0.895949 0.573992 0.126191
v 0.895949 0.542394 0.142290
v 0.895949 0.507368 0.147838
v 0.895949 0.472342 0.142290
v 0.895949 0.440744 0.126191
v 0.895949 0.415668 0.101115
v 0.895949 0.399568 0.069517
v 0.895949 0.394021 0.034491
v 0.895949 0.399568 -0.000536
v 0.895949 0.415668 -0.032133
v 0.895949 0.440744 -0.057209
v 0.895949 0.472342 -0.073309
v -0.542521 0.507368 0.300546
v -0.542521 0.589584 0.287525
v -0.542521 0.663752 0.249734
v -0.542521 0.722612 0.190874
v -0.542521 0.760402 0.116706
v -0.542521 0.773424 0.034491
v -0.542521 0.760402 -0.047725
v -0.542521 0.722612 -0.121893
v -0.542521 0.663752 -0.180753
v -0.542521 0.589584 -0.218543
v -0.542521 0.507368 -0.231565
v -0.542521 0.425152 -0.218543
v -0.542521 0.350984 -0.180753
v -0.542521 0.292124 -0.121893
v -0.542521 0.254334 -0.047725
v -0.542521 0.241312 0.034491
v -0.542521 0.254334 0.116707
v -0.542521 0.292125 0.190875
v -0.542521 0.350985 0.249734
v -0.542521 0.425153 0.287525
v -0.801496 0.507368 0.300546
v -0.801496 0.589584 0.287525
v -0.801496 0.663752 0.249734
v -0.801496 0.722612 0.190874
v -0.801496 0.760402 0.116706
v -0.801496 0.773424 0.034491
v -0.801496 0.760402 -0.047725
v -0.801496 0.722612 -0.121893
v -0.801496 0.663752 -0.180753
v -0.801496 0.589584 -0.218543
v -0.801496 0.507368 -0.231565
v -0.801496 0.425152 -0.218543
v -0.801496 0.350984 -0.180753
v -0.801496 0.292124 -0.121893
v -0.801496 0.254334 -0.047725
v -0.801496 0.241312 0.034491
v -0.801496 0.254334 0.116707
v -0.801496 0.292125 0.190875
v -0.801496 0.350985 0.249734
v -0.801496 0.425153 0.287525
v -0.801496 0.507368 0.254625
v -0.801496 0.575393 0.243851
v -0.801496 0.636760 0.212583
v -0.801496 0.685461 0.163883
v -0.801496 0.716729 0.102516
v -0.801496 0.727503 0.034491
v -0.801496 0.716729 -0.033535
v -0.801496 0.685461 -0.094901
v -0.801496 0.636760 -0.143602
v -0.801496 0.575393 -0.174870
v -0.801496 0.507368 -0.185644
v -0.801496 0.439343 -0.174870
v -0.801496 0.377976 -0.143602
v -0.801496 0.329275 -0.094901
v -0.801496 0.298007 -0.033534
v -0.801496 0.287233 0.034491
v -0.801496 0.298008 0.102516
v -0.801496 0.329275 0.163883
v -0.801496 0.377976 0.212584
v -0.801496 0.439343 0.243851
v -0.983801 0.507368 0.254625
v -0.983801 0.575393 0.243851
v -0.983801 0.636760 0.212583
v -0.983801 0.685461 0.163883
v -0.983801 0.716729 0.102516
v -0.983801 0.727503 0.034491
v -0.983801 0.716729 -0.033535
v -0.983801 0.685461 -0.094901
v -0.983801 0.636760 -0.143602
v -0.983801 0.575393 -0.174870
v -0.983801 0.507368 -0.185644
v -0.983801 0.439343 -0.174870
v -0.983801 0.377976 -0.143602
v -0.983801 0.329275 -0.094901
v -0.983801 0.298007 -0.033534
v -0.983801 0.287233 0.034491
v -0.983801 0.298008 0.102516
v -0.983801 0.329275 0.163883
v -0.983801 0.377976 0.212584
v -0.983801 0.439343 0.243851
v -0.983801 0.507368 0.147838
v -0.983801 0.542394 0.142290
v -0.983801 0.573992 0.126191
v -0.983801 0.599068 0.101115
v -0.983801 0.615168 0.069517
v -0.983801 0.620715 0.034491
v -0.983801 0.615168 -0.000536
v -0.983801 0.599068 -0.032133
v -0.983801 0.573992 -0.057209
v -0.983801 0.542394 -0.073309
v -0.983801 0.507368 -0.078857
v -0.983801 0.472342 -0.073309
v -0.983801 0.440744 -0.057209
v -0.983801 0.415668 -0.032133
v -0.983801 0.399568 -0.000535
v -0.983801 0.394021 0.034491
v -0.983801 0.399568 0.069517
v -0.983801 0.415668 0.101115
v -0.983801 0.440744 0.126191
v -0.983801 0.472342 0.142290
v -1.050267 0.507368 0.147838
v -1.050267 0.542394 0.142290
v -1.050267 0.573992 0.126191
v -1.050267 0.599068 0.101115
v -1.050267 0.615168 0.069517
v -1.050267 0.620715 0.034491
v -1.050267 0.615168 -0.000536
v -1.050267 0.599068 -0.032133
v -1.050267 0.573992 -0.057209
v -1.050267 0.542394 -0.073309
v -1.050267 0.507368 -0.078857
v -1.050267 0.472342 -0.073309
v -1.050267 0.440744 -0.057209
v -1.050267 0.415668 -0.032133
v -1.050267 0.399568 -0.000535
v -1.050267 0.394021 0.034491
v -1.050267 0.399568 0.069517
v -1.050267 0.415668 0.101115
v -1.050267 0.440744 0.126191
v -1.050267 0.472342 0.142290
vt 0.092845 0.883594
vt 0.126607 0.883594
vt 0.126607 0.872446
vt 0.092845 0.872446
vt 0.526261 0.894261
vt 0.492499 0.894261
vt 0.492499 0.905409
vt 0.526261 0.905409
vt 0.038826 0.894196
vt 0.005064 0.894196
vt 0.005064 0.903215
vt 0.038826 0.903215
vt 0.092845 0.894196
vt 0.126607 0.894196
vt 0.526261 0.883658
vt 0.492499 0.883658
vt 0.038826 0.883594
vt 0.005064 0.883594
vt 0.092845 0.903215
vt 0.126607 0.903215
vt 0.526261 0.874640
vt 0.492499 0.874640
vt 0.038826 0.872446
vt 0.005064 0.872446
vt 0.180528 0.877563
vt 0.146766 0.877563
vt 0.146766 0.886582
vt 0.180528 0.886582
vt 0.092845 0.861844
vt 0.126607 0.861844
vt 0.126607 0.852825
vt 0.092845 0.852825
vt 0.038826 0.861844
vt 0.005064 0.861844
vt 0.180528 0.866961
vt 0.146766 0.866961
vt 0.038826 0.852825
vt 0.005064 0.852825
vt 0.180528 0.855813
vt 0.146766 0.855813
vt 0.526261 0.916011
vt 0.492499 0.916011
vt 0.492499 0.925030
vt 0.526261 0.925030
vt 0.180528 0.845211
vt 0.146766 0.845211
vt 0.180528 0.836192
vt 0.146766 0.836192
vt 0.641221 0.802551
vt 0.642158 0.796477
vt 0.633618 0.793627
vt 0.630900 0.799106
vt 0.612389 0.761784
vt 0.618302 0.762746
vt 0.621077 0.753974
vt 0.615743 0.751182
vt 0.671173 0.742163
vt 0.666940 0.746512
vt 0.672217 0.753974
vt 0.677551 0.751182
vt 0.652073 0.802551
vt 0.651136 0.796477
vt 0.612389 0.772932
vt 0.618302 0.771970
vt 0.662394 0.735610
vt 0.659676 0.741090
vt 0.662394 0.799106
vt 0.659676 0.793627
vt 0.615743 0.783535
vt 0.621077 0.780743
vt 0.652073 0.732166
vt 0.651136 0.738240
vt 0.671173 0.792554
vt 0.666940 0.788205
vt 0.641221 0.732166
vt 0.642158 0.738240
vt 0.677551 0.783535
vt 0.672217 0.780743
vt 0.630900 0.735610
vt 0.633618 0.741090
vt 0.680905 0.772932
vt 0.674992 0.771970
vt 0.622121 0.792554
vt 0.626354 0.788205
vt 0.622121 0.742163
vt 0.626354 0.746512
vt 0.680905 0.761784
vt 0.674992 0.762746
vt 0.377697 0.919140
vt 0.353930 0.919140
vt 0.353930 0.927912
vt 0.377697 0.927912
vt 0.690960 0.906113
vt 0.667194 0.906113
vt 0.667194 0.913576
vt 0.690960 0.913576
vt 0.458575 0.935382
vt 0.482341 0.935382
vt 0.482341 0.926158
vt 0.458575 0.926158
vt 0.377697 0.909916
vt 0.353930 0.909916
vt 0.176163 0.907857
vt 0.199930 0.907857
vt 0.199930 0.900395
vt 0.176163 0.900395
vt 0.458575 0.944155
vt 0.482341 0.944155
vt 0.377697 0.901143
vt 0.353930 0.901143
vt 0.176163 0.916630
vt 0.199930 0.916630
vt 0.458575 0.951617
vt 0.482341 0.951617
vt 0.377697 0.893681
vt 0.353930 0.893681
vt 0.176163 0.925854
vt 0.199930 0.925854
vt 0.690960 0.940344
vt 0.667194 0.940344
vt 0.667194 0.947807
vt 0.690960 0.947807
vt 0.458575 0.917386
vt 0.482341 0.917386
vt 0.482341 0.909924
vt 0.458575 0.909924
vt 0.176163 0.934626
vt 0.199930 0.934626
vt 0.690960 0.931572
vt 0.667194 0.931572
vt 0.176163 0.942088
vt 0.199930 0.942088
vt 0.690960 0.922348
vt 0.667194 0.922348
vt 0.353930 0.935374
vt 0.377697 0.935374
vt 0.312359 0.823305
vt 0.306039 0.836047
vt 0.309779 0.838839
vt 0.319623 0.828726
vt 0.312359 0.875841
vt 0.306039 0.863098
vt 0.301642 0.864566
vt 0.303820 0.878691
vt 0.273760 0.862957
vt 0.286164 0.856464
vt 0.284736 0.851948
vt 0.270986 0.854185
vt 0.303820 0.820454
vt 0.301642 0.834580
vt 0.319623 0.870420
vt 0.309779 0.860307
vt 0.294841 0.820454
vt 0.297019 0.834580
vt 0.324901 0.862957
vt 0.312497 0.856464
vt 0.286302 0.823305
vt 0.292622 0.836047
vt 0.327676 0.854185
vt 0.313925 0.851948
vt 0.279038 0.870419
vt 0.288882 0.860307
vt 0.279038 0.828726
vt 0.288882 0.838839
vt 0.327676 0.844961
vt 0.313925 0.847198
vt 0.286302 0.875841
vt 0.292622 0.863098
vt 0.273760 0.836188
vt 0.286164 0.842681
vt 0.324901 0.836188
vt 0.312497 0.842681
vt 0.294841 0.878691
vt 0.297019 0.864566
vt 0.270986 0.844961
vt 0.284736 0.847198
vt 0.737614 0.152536
vt 0.746279 0.152536
vt 0.746279 0.148694
vt 0.737614 0.148694
vt 0.802601 0.152536
vt 0.793936 0.152536
vt 0.793936 0.157053
vt 0.802601 0.157053
vt 0.735014 0.152536
vt 0.726349 0.152536
vt 0.726349 0.157053
vt 0.735014 0.157053
vt 0.737614 0.157053
vt 0.746279 0.157053
vt 0.802601 0.148694
vt 0.793936 0.148694
vt 0.735014 0.148694
vt 0.726349 0.148694
vt 0.737614 0.161802
vt 0.746279 0.161802
vt 0.771407 0.152536
vt 0.780072 0.152536
vt 0.780072 0.148694
vt 0.771407 0.148694
vt 0.802601 0.166319
vt 0.793936 0.166319
vt 0.793936 0.170161
vt 0.802601 0.170161
vt 0.737614 0.166319
vt 0.746279 0.166319
vt 0.771407 0.157053
vt 0.780072 0.157053
vt 0.802601 0.161802
vt 0.793936 0.161802
vt 0.737614 0.170161
vt 0.746279 0.170161
vt 0.771407 0.161802
vt 0.780072 0.161802
vt 0.735014 0.166319
vt 0.726349 0.166319
vt 0.726349 0.170161
vt 0.735014 0.170161
vt 0.771407 0.166319
vt 0.780072 0.166319
vt 0.735014 0.161802
vt 0.726349 0.161802
vt 0.771407 0.170161
vt 0.780072 0.170161
vt 0.783849 0.941352
vt 0.785278 0.945869
vt 0.787995 0.949711
vt 0.791735 0.952503
vt 0.796132 0.953971
vt 0.800756 0.953971
vt 0.805152 0.952503
vt 0.808893 0.949711
vt 0.811610 0.945869
vt 0.813039 0.941352
vt 0.813039 0.936603
vt 0.811610 0.932086
vt 0.808893 0.928243
vt 0.805152 0.925452
vt 0.800756 0.923984
vt 0.796132 0.923984
vt 0.791735 0.925452
vt 0.787995 0.928244
vt 0.785278 0.932086
vt 0.783849 0.936603
vt 0.092845 0.883594
vt 0.126607 0.883594
vt 0.126607 0.872446
vt 0.092845 0.872446
vt 0.526261 0.894261
vt 0.492499 0.894261
vt 0.492499 0.905409
vt 0.526261 0.905409
vt 0.038826 0.894196
vt 0.005064 0.894196
vt 0.005064 0.903215
vt 0.038826 0.903215
vt 0.092845 0.894196
vt 0.126607 0.894196
vt 0.526261 0.883658
vt 0.492499 0.883658
vt 0.038826 0.883594
vt 0.005064 0.883594
vt 0.092845 0.903215
vt 0.126607 0.903215
vt 0.526261 0.874640
vt 0.492499 0.874640
vt 0.038826 0.872446
vt 0.005064 0.872446
vt 0.180528 0.877563
vt 0.146766 0.877563
vt 0.146766 0.886582
vt 0.180528 0.886582
vt 0.092845 0.861844
vt 0.126607 0.861844
vt 0.126607 0.852825
vt 0.092845 0.852825
vt 0.038826 0.861844
vt 0.005064 0.861844
vt 0.180528 0.866961
vt 0.146766 0.866961
vt 0.038826 0.852825
vt 0.005064 0.852825
vt 0.180528 0.855813
vt 0.146766 0.855813
vt 0.526261 0.916011
vt 0.492499 0.916011
vt 0.492499 0.925030
vt 0.526261 0.925030
vt 0.180528 0.845211
vt 0.146766 0.845211
vt 0.180528 0.836192
vt 0.146766 0.836192
vt 0.641221 0.802551
vt 0.642158 0.796477
vt 0.633618 0.793627
vt 0.630900 0.799106
vt 0.612389 0.761784
vt 0.618302 0.762746
vt 0.621077 0.753974
vt 0.615743 0.751182
vt 0.671173 0.742163
vt 0.666940 0.746512
vt 0.672217 0.753974
vt 0.677551 0.751182
vt 0.652073 0.802551
vt 0.651136 0.796477
vt 0.612389 0.772932
vt 0.618302 0.771970
vt 0.662394 0.735610
vt 0.659676 0.741090
vt 0.662394 0.799106
vt 0.659676 0.793627
vt 0.615743 0.783535
vt 0.621077 0.780743
vt 0.652073 0.732166
vt 0.651136 0.738240
vt 0.671173 0.792554
vt 0.666940 0.788205
vt 0.641221 0.732166
vt 0.642158 0.738240
vt 0.677551 0.783535
vt 0.672217 0.780743
vt 0.630900 0.735610
vt 0.633618 0.741090
vt 0.680905 0.772932
vt 0.674992 0.771970
vt 0.622121 0.792554
vt 0.626354 0.788205
vt 0.622121 0.742163
vt 0.626354 0.746512
vt 0.680905 0.761784
vt 0.674992 0.762746
vt 0.377697 0.919140
vt 0.353930 0.919140
vt 0.353930 0.927912
vt 0.377697 0.927912
vt 0.690960 0.906113
vt 0.667194 0.906113
vt 0.667194 0.913576
vt 0.690960 0.913576
vt 0.458575 0.935382
vt 0.482341 0.935382
vt 0.482341 0.926158
vt 0.458575 0.926158
vt 0.377697 0.909916
vt 0.353930 0.909916
vt 0.176163 0.907857
vt 0.199930 0.907857
vt 0.199930 0.900395
vt 0.176163 0.900395
vt 0.458575 0.944155
vt 0.482341 0.944155
vt 0.377697 0.901143
vt 0.353930 0.901143
vt 0.176163 0.916630
vt 0.199930 0.916630
vt 0.458575 0.951617
vt 0.482341 0.951617
vt 0.377697 0.893681
vt 0.353930 0.893681
vt 0.176163 0.925854
vt 0.199930 0.925854
vt 0.690960 0.940344
vt 0.667194 0.940344
vt 0.667194 0.947807
vt 0.690960 0.947807
vt 0.458575 0.917386
vt 0.482341 0.917386
vt 0.482341 0.909924
vt 0.458575 0.909924
vt 0.176163 0.934626
vt 0.199930 0.934626
vt 0.690960 0.931572
vt 0.667194 0.931572
vt 0.176163 0.942088
vt 0.199930 0.942088
vt 0.690960 0.922348
vt 0.667194 0.922348
vt 0.353930 0.935374
vt 0.377697 0.935374
vt 0.312359 0.823305
vt 0.306039 0.836047
vt 0.309779 0.838839
vt 0.319623 0.828726
vt 0.312359 0.875841
vt 0.306039 0.863098
vt 0.301642 0.864566
vt 0.303820 0.878691
vt 0.273760 0.862957
vt 0.286164 0.856464
vt 0.284736 0.851948
vt 0.270986 0.854185
vt 0.303820 0.820454
vt 0.301642 0.834580
vt 0.319623 0.870420
vt 0.309779 0.860307
vt 0.294841 0.820454
vt 0.297019 0.834580
vt 0.324901 0.862957
vt 0.312497 0.856464
vt 0.286302 0.823305
vt 0.292622 0.836047
vt 0.327676 0.854185
vt 0.313925 0.851948
vt 0.279038 0.870419
vt 0.288882 0.860307
vt 0.279038 0.828726
vt 0.288882 0.838839
vt 0.327676 0.844961
vt 0.313925 0.847198
vt 0.286302 0.875841
vt 0.292622 0.863098
vt 0.273760 0.836188
vt 0.286164 0.842681
vt 0.324901 0.836188
vt 0.312497 0.842681
vt 0.294841 0.878691
vt 0.297019 0.864566
vt 0.270986 0.844961
vt 0.284736 0.847198
vt 0.737614 0.152536
vt 0.746279 0.152536
vt 0.746279 0.148694
vt 0.737614 0.148694
vt 0.802601 0.152536
vt 0.793936 0.152536
vt 0.793936 0.157053
vt 0.802601 0.157053
vt 0.735014 0.152536
vt 0.726349 0.152536
vt 0.726349 0.157053
vt 0.735014 0.157053
vt 0.737614 0.157053
vt 0.746279 0.157053
vt 0.802601 0.148694
vt 0.793936 0.148694
vt 0.735014 0.148694
vt 0.726349 0.148694
vt 0.737614 0.161802
vt 0.746279 0.161802
vt 0.771407 0.152536
vt 0.780072 0.152536
vt 0.780072 0.148694
vt 0.771407 0.148694
vt 0.802601 0.166319
vt 0.793936 0.166319
vt 0.793936 0.170161
vt 0.802601 0.170161
vt 0.737614 0.166319
vt 0.746279 0.166319
vt 0.771407 0.157053
vt 0.780072 0.157053
vt 0.802601 0.161802
vt 0.793936 0.161802
vt 0.737614 0.170161
vt 0.746279 0.170161
vt 0.771407 0.161802
vt 0.780072 0.161802
vt 0.735014 0.166319
vt 0.726349 0.166319
vt 0.726349 0.170161
vt 0.735014 0.170161
vt 0.771407 0.166319
vt 0.780072 0.166319
vt 0.735014 0.161802
vt 0.726349 0.161802
vt 0.771407 0.170161
vt 0.780072 0.170161
vt 0.783849 0.941352
vt 0.785278 0.945869
vt 0.787995 0.949711
vt 0.791735 0.952503
vt 0.796132 0.953971
vt 0.800756 0.953971
vt 0.805152 0.952503
vt 0.808893 0.949711
vt 0.811610 0.945869
vt 0.813039 0.941352
vt 0.813039 0.936603
vt 0.811610 0.932086
vt 0.808893 0.928243
vt 0.805152 0.925452
vt 0.800756 0.923984
vt 0.796132 0.923984
vt 0.791735 0.925452
vt 0.787995 0.928244
vt 0.785278 0.932086
vt 0.783849 0.936603
vn 0.0000 0.3090 -0.9510
vn 0.6735 0.2284 -0.7030
vn 0.6735 0.0000 -0.7391
vn 0.0000 0.0000 -1.0000
vn 0.0000 -0.9510 -0.3090
vn 0.6735 -0.7030 -0.2284
vn 0.6735 -0.7391 0.0000
vn 0.0000 -1.0000 0.0000
vn 0.0000 0.3090 0.9510
vn 0.6735 0.2284 0.7030
vn 0.6735 0.4345 0.5980
vn 0.0000 0.5878 0.8090
vn 0.0000 0.5878 -0.8090
vn 0.6735 0.4345 -0.5980
vn 0.0000 -0.8090 -0.5878
vn 0.6735 -0.5980 -0.4345
vn 0.0000 0.0000 1.0000
vn 0.6735 0.0000 0.7391
vn 0.0000 0.8090 -0.5878
vn 0.6735 0.5980 -0.4345
vn 0.0000 -0.5878 -0.8090
vn 0.6735 -0.4345 -0.5980
vn 0.0000 -0.3090 0.9510
vn 0.6735 -0.2284 0.7030
vn 0.0000 0.9510 -0.3090
vn 0.6735 0.7030 -0.2284
vn 0.0000 -0.3090 -0.9510
vn 0.6735 -0.2284 -0.7030
vn 0.0000 -0.5878 0.8090
vn 0.6735 -0.4345 0.5980
vn 0.0000 1.0000 0.0000
vn 0.6735 0.7391 0.0000
vn 0.0000 -0.8090 0.5878
vn 0.6735 -0.5980 0.4345
vn 0.0000 0.9510 0.3090
vn 0.6735 0.7030 0.2284
vn 0.0000 -0.9510 0.3090
vn 0.6735 -0.7030 0.2284
vn 0.0000 0.8090 0.5878
vn 0.6735 0.5980 0.4345
vn 0.7440 0.5405 -0.3927
vn 0.7440 0.3927 -0.5405
vn 0.7440 -0.3927 -0.5405
vn 0.7440 -0.5405 -0.3927
vn 0.7440 -0.2064 0.6354
vn 0.7440 0.0000 0.6681
vn 0.7440 0.6354 -0.2064
vn 0.7440 -0.2064 -0.6354
vn 0.7440 -0.3927 0.5405
vn 0.7440 0.6681 0.0000
vn 0.7440 0.0000 -0.6681
vn 0.7440 -0.5405 0.3927
vn 0.7440 0.6354 0.2064
vn 0.7440 -0.6354 0.2064
vn 0.7440 0.5405 0.3927
vn 0.7441 -0.6681 0.0000
vn 0.7440 0.3927 0.5405
vn 0.7440 0.2064 -0.6354
vn 0.7440 -0.6354 -0.2064
vn 0.7440 0.2064 0.6354
vn 0.7440 -0.6681 0.0000
vn -0.6735 0.2284 0.7030
vn -0.6735 0.0000 0.7391
vn -0.6735 -0.7030 0.2284
vn -0.6735 -0.7391 0.0000
vn -0.6735 0.2284 -0.7030
vn -0.6735 0.4345 -0.5980
vn -0.6735 0.4345 0.5980
vn -0.6735 -0.5980 0.4345
vn -0.6735 0.0000 -0.7391
vn -0.6735 0.5980 0.4345
vn -0.6735 -0.4345 0.5980
vn -0.6735 -0.2284 -0.7030
vn -0.6735 0.7030 0.2284
vn -0.6735 -0.2284 0.7030
vn -0.6735 -0.4345 -0.5980
vn -0.6735 0.7391 0.0000
vn -0.6735 -0.5980 -0.4345
vn -0.6735 0.7030 -0.2284
vn -0.6735 -0.7030 -0.2284
vn -0.6735 0.5980 -0.4345
vn -0.7440 0.5405 0.3927
vn -0.7440 0.3927 0.5405
vn -0.7440 -0.3927 0.5405
vn -0.7440 -0.5405 0.3927
vn -0.7440 -0.2064 -0.6354
vn -0.7440 0.0000 -0.6681
vn -0.7440 0.6354 0.2064
vn -0.7440 -0.2064 0.6354
vn -0.7440 -0.3927 -0.5405
vn -0.7440 0.6681 0.0000
vn -0.7440 0.0000 0.6681
vn -0.7440 -0.5405 -0.3927
vn -0.7440 0.6354 -0.2064
vn -0.7440 -0.6354 -0.2064
vn -0.7440 0.5405 -0.3927
vn -0.7440 -0.6681 0.0000
vn -0.7440 0.3927 -0.5405
vn -0.7440 0.2064 0.6354
vn -0.7440 -0.6354 0.2064
vn -0.7440 0.2064 -0.6354
usemtl 1
s 1
f 1422/2775/610 1442/2776/611 1441/2777/612 1421/2778/613
f 1437/2779/614 1457/2780/615 1456/2781/616 1436/2782/617
f 1430/2783/618 1450/2784/619 1449/2785/620 1429/2786/621
f 1423/2787/622 1443/2788/623 1442/2776/611 1422/2775/610
f 1438/2789/624 1458/2790/625 1457/2780/615 1437/2779/614
f 1431/2791/626 1451/2792/627 1450/2784/619 1430/2783/618
f 1424/2793/628 1444/2794/629 1443/2788/623 1423/2787/622
f 1439/2795/630 1459/2796/631 1458/2790/625 1438/2789/624
f 1432/2797/632 1452/2798/633 1451/2792/627 1431/2791/626
f 1425/2799/634 1445/2800/635 1444/2801/629 1424/2802/628
f 1440/2803/636 1460/2804/637 1459/2805/631 1439/2806/630
f 1433/2807/638 1453/2808/639 1452/2798/633 1432/2797/632
f 1426/2809/640 1446/2810/641 1445/2800/635 1425/2799/634
f 1421/2778/613 1441/2777/612 1460/2804/637 1440/2803/636
f 1434/2811/642 1454/2812/643 1453/2808/639 1433/2807/638
f 1427/2813/644 1447/2814/645 1446/2810/641 1426/2809/640
f 1435/2815/646 1455/2816/647 1454/2817/643 1434/2818/642
f 1428/2819/648 1448/2820/649 1447/2814/645 1427/2813/644
f 1436/2782/617 1456/2781/616 1455/2816/647 1435/2815/646
f 1429/2821/621 1449/2822/620 1448/2820/649 1428/2819/648
f 1444/2823/629 1464/2824/650 1463/2825/651 1443/2826/623
f 1459/2827/631 1479/2828/652 1478/2829/653 1458/2830/625
f 1452/2831/633 1472/2832/654 1471/2833/655 1451/2834/627
f 1445/2835/635 1465/2836/656 1464/2824/650 1444/2823/629
f 1460/2837/637 1480/2838/657 1479/2828/652 1459/2827/631
f 1453/2839/639 1473/2840/658 1472/2832/654 1452/2831/633
f 1446/2841/641 1466/2842/659 1465/2836/656 1445/2835/635
f 1441/2843/612 1461/2844/660 1480/2838/657 1460/2837/637
f 1454/2845/643 1474/2846/661 1473/2840/658 1453/2839/639
f 1447/2847/645 1467/2848/662 1466/2842/659 1446/2841/641
f 1455/2849/647 1475/2850/663 1474/2846/661 1454/2845/643
f 1448/2851/649 1468/2852/664 1467/2848/662 1447/2847/645
f 1456/2853/616 1476/2854/665 1475/2850/663 1455/2849/647
f 1449/2855/620 1469/2856/666 1468/2852/664 1448/2851/649
f 1442/2857/611 1462/2858/667 1461/2844/660 1441/2843/612
f 1457/2859/615 1477/2860/668 1476/2854/665 1456/2853/616
f 1450/2861/619 1470/2862/669 1469/2856/666 1449/2855/620
f 1443/2826/623 1463/2825/651 1462/2858/667 1442/2857/611
f 1458/2830/625 1478/2829/653 1477/2860/668 1457/2859/615
f 1451/2834/627 1471/2833/655 1470/2862/669 1450/2861/619
f 1476/2863/665 1496/2864/616 1495/2865/647 1475/2866/663
f 1469/2867/666 1489/2868/620 1488/2869/649 1468/2870/664
f 1462/2871/667 1482/2872/611 1481/2873/612 1461/2874/660
f 1477/2875/668 1497/2876/615 1496/2864/616 1476/2863/665
f 1470/2877/669 1490/2878/619 1489/2879/620 1469/2880/666
f 1463/2881/651 1483/2882/623 1482/2872/611 1462/2871/667
f 1478/2883/653 1498/2884/625 1497/2876/615 1477/2875/668
f 1471/2885/655 1491/2886/627 1490/2878/619 1470/2877/669
f 1464/2887/650 1484/2888/629 1483/2882/623 1463/2881/651
f 1479/2889/652 1499/2890/631 1498/2884/625 1478/2883/653
f 1472/2891/654 1492/2892/633 1491/2886/627 1471/2885/655
f 1465/2893/656 1485/2894/635 1484/2895/629 1464/2896/650
f 1480/2897/657 1500/2898/637 1499/2899/631 1479/2900/652
f 1473/2901/658 1493/2902/639 1492/2892/633 1472/2891/654
f 1466/2903/659 1486/2904/641 1485/2894/635 1465/2893/656
f 1461/2874/660 1481/2873/612 1500/2898/637 1480/2897/657
f 1474/2905/661 1494/2906/643 1493/2902/639 1473/2901/658
f 1467/2907/662 1487/2908/645 1486/2904/641 1466/2903/659
f 1475/2866/663 1495/2865/647 1494/2909/643 1474/2910/661
f 1468/2870/664 1488/2869/649 1487/2908/645 1467/2907/662
f 1493/2911/639 1513/2912/658 1512/2913/654 1492/2914/633
f 1486/2915/641 1506/2916/659 1505/2917/656 1485/2918/635
f 1481/2919/612 1501/2920/660 1520/2921/657 1500/2922/637
f 1494/2923/643 1514/2924/661 1513/2912/658 1493/2911/639
f 1487/2925/645 1507/2926/662 1506/2916/659 1486/2915/641
f 1495/2927/647 1515/2928/663 1514/2924/661 1494/2923/643
f 1488/2929/649 1508/2930/664 1507/2926/662 1487/2925/645
f 1496/2931/616 1516/2932/670 1515/2928/663 1495/2927/647
f 1489/2933/620 1509/2934/666 1508/2930/664 1488/2929/649
f 1482/2935/611 1502/2936/667 1501/2920/660 1481/2919/612
f 1497/2937/615 1517/2938/668 1516/2932/670 1496/2931/616
f 1490/2939/619 1510/2940/669 1509/2934/666 1489/2933/620
f 1483/2941/623 1503/2942/651 1502/2936/667 1482/2935/611
f 1498/2943/625 1518/2944/653 1517/2938/668 1497/2937/615
f 1491/2945/627 1511/2946/655 1510/2940/669 1490/2939/619
f 1484/2947/629 1504/2948/650 1503/2942/651 1483/2941/623
f 1499/2949/631 1519/2950/652 1518/2944/653 1498/2943/625
f 1492/2914/633 1512/2913/654 1511/2946/655 1491/2945/627
f 1485/2918/635 1505/2917/656 1504/2948/650 1484/2947/629
f 1500/2922/637 1520/2921/657 1519/2950/652 1499/2949/631
f 1510/2951/669 1530/2952/619 1529/2953/620 1509/2954/666
f 1503/2955/651 1523/2956/623 1522/2957/611 1502/2958/667
f 1518/2959/653 1538/2960/625 1537/2961/615 1517/2962/668
f 1511/2963/655 1531/2964/627 1530/2952/619 1510/2951/669
f 1504/2965/650 1524/2966/629 1523/2956/623 1503/2955/651
f 1519/2967/652 1539/2968/631 1538/2960/625 1518/2959/653
f 1512/2969/654 1532/2970/633 1531/2964/627 1511/2963/655
f 1505/2971/656 1525/2972/635 1524/2973/629 1504/2974/650
f 1520/2975/657 1540/2976/637 1539/2977/631 1519/2978/652
f 1513/2979/658 1533/2980/639 1532/2970/633 1512/2969/654
f 1506/2981/659 1526/2982/641 1525/2972/635 1505/2971/656
f 1501/2983/660 1521/2984/612 1540/2976/637 1520/2975/657
f 1514/2985/661 1534/2986/643 1533/2980/639 1513/2979/658
f 1507/2987/662 1527/2988/645 1526/2982/641 1506/2981/659
f 1515/2989/663 1535/2990/647 1534/2991/643 1514/2992/661
f 1508/2993/664 1528/2994/649 1527/2988/645 1507/2987/662
f 1516/2995/670 1536/2996/616 1535/2990/647 1515/2989/663
f 1509/2997/666 1529/2998/620 1528/2994/649 1508/2993/664
f 1502/2958/667 1522/2957/611 1521/2984/612 1501/2983/660
f 1517/2962/668 1537/2961/615 1536/2996/616 1516/2995/670
f 1522/2999/611 1523/3000/623 1524/3001/629 1525/3002/635 1526/3003/641 1527/3004/645 1528/3005/649 1529/3006/620 1530/3007/619 1531/3008/627 1532/3009/633 1533/3010/639 1534/3011/643 1535/3012/647 1536/3013/616 1537/3014/615 1538/3015/625 1539/3016/631 1540/3017/637 1521/3018/612
f 1542/3019/618 1562/3020/671 1561/3021/672 1541/3022/626
f 1557/3023/646 1577/3024/673 1576/3025/674 1556/3026/617
f 1550/3027/610 1570/3028/675 1569/3029/676 1549/3030/622
f 1543/3031/621 1563/3032/677 1562/3020/671 1542/3019/618
f 1558/3033/642 1578/3034/678 1577/3024/673 1557/3023/646
f 1551/3035/613 1571/3036/679 1570/3028/675 1550/3027/610
f 1544/3037/648 1564/3038/680 1563/3032/677 1543/3031/621
f 1559/3039/638 1579/3040/681 1578/3034/678 1558/3033/642
f 1552/3041/636 1572/3042/682 1571/3036/679 1551/3035/613
f 1545/3043/644 1565/3044/683 1564/3045/680 1544/3046/648
f 1560/3047/632 1580/3048/684 1579/3049/681 1559/3050/638
f 1553/3051/630 1573/3052/685 1572/3042/682 1552/3041/636
f 1546/3053/640 1566/3054/686 1565/3044/683 1545/3043/644
f 1541/3022/626 1561/3021/672 1580/3048/684 1560/3047/632
f 1554/3055/624 1574/3056/687 1573/3052/685 1553/3051/630
f 1547/3057/634 1567/3058/688 1566/3054/686 1546/3053/640
f 1555/3059/614 1575/3060/689 1574/3061/687 1554/3062/624
f 1548/3063/628 1568/3064/690 1567/3058/688 1547/3057/634
f 1556/3026/617 1576/3025/674 1575/3060/689 1555/3059/614
f 1549/3065/622 1569/3066/676 1568/3064/690 1548/3063/628
f 1564/3067/680 1584/3068/691 1583/3069/692 1563/3070/677
f 1579/3071/681 1599/3072/693 1598/3073/694 1578/3074/678
f 1572/3075/682 1592/3076/695 1591/3077/696 1571/3078/679
f 1565/3079/683 1585/3080/697 1584/3068/691 1564/3067/680
f 1580/3081/684 1600/3082/698 1599/3072/693 1579/3071/681
f 1573/3083/685 1593/3084/699 1592/3076/695 1572/3075/682
f 1566/3085/686 1586/3086/700 1585/3080/697 1565/3079/683
f 1561/3087/672 1581/3088/701 1600/3082/698 1580/3081/684
f 1574/3089/687 1594/3090/702 1593/3084/699 1573/3083/685
f 1567/3091/688 1587/3092/703 1586/3086/700 1566/3085/686
f 1575/3093/689 1595/3094/704 1594/3090/702 1574/3089/687
f 1568/3095/690 1588/3096/705 1587/3092/703 1567/3091/688
f 1576/3097/674 1596/3098/706 1595/3094/704 1575/3093/689
f 1569/3099/676 1589/3100/707 1588/3096/705 1568/3095/690
f 1562/3101/671 1582/3102/708 1581/3088/701 1561/3087/672
f 1577/3103/673 1597/3104/709 1596/3098/706 1576/3097/674
f 1570/3105/675 1590/3106/710 1589/3100/707 1569/3099/676
f 1563/3070/677 1583/3069/692 1582/3102/708 1562/3101/671
f 1578/3074/678 1598/3073/694 1597/3104/709 1577/3103/673
f 1571/3078/679 1591/3077/696 1590/3106/710 1570/3105/675
f 1596/3107/706 1616/3108/674 1615/3109/689 1595/3110/704
f 1589/3111/707 1609/3112/676 1608/3113/690 1588/3114/705
f 1582/3115/708 1602/3116/671 1601/3117/672 1581/3118/701
f 1597/3119/709 1617/3120/673 1616/3108/674 1596/3107/706
f 1590/3121/710 1610/3122/675 1609/3123/676 1589/3124/707
f 1583/3125/692 1603/3126/677 1602/3116/671 1582/3115/708
f 1598/3127/694 1618/3128/678 1617/3120/673 1597/3119/709
f 1591/3129/696 1611/3130/679 1610/3122/675 1590/3121/710
f 1584/3131/691 1604/3132/680 1603/3126/677 1583/3125/692
f 1599/3133/693 1619/3134/681 1618/3128/678 1598/3127/694
f 1592/3135/695 1612/3136/682 1611/3130/679 1591/3129/696
f 1585/3137/697 1605/3138/683 1604/3139/680 1584/3140/691
f 1600/3141/698 1620/3142/684 1619/3143/681 1599/3144/693
f 1593/3145/699 1613/3146/685 1612/3136/682 1592/3135/695
f 1586/3147/700 1606/3148/686 1605/3138/683 1585/3137/697
f 1581/3118/701 1601/3117/672 1620/3142/684 1600/3141/698
f 1594/3149/702 1614/3150/687 1613/3146/685 1593/3145/699
f 1587/3151/703 1607/3152/688 1606/3148/686 1586/3147/700
f 1595/3110/704 1615/3109/689 1614/3153/687 1594/3154/702
f 1588/3114/705 1608/3113/690 1607/3152/688 1587/3151/703
f 1613/3155/685 1633/3156/699 1632/3157/695 1612/3158/682
f 1606/3159/686 1626/3160/700 1625/3161/697 1605/3162/683
f 1601/3163/672 1621/3164/701 1640/3165/698 1620/3166/684
f 1614/3167/687 1634/3168/702 1633/3156/699 1613/3155/685
f 1607/3169/688 1627/3170/703 1626/3160/700 1606/3159/686
f 1615/3171/689 1635/3172/704 1634/3168/702 1614/3167/687
f 1608/3173/690 1628/3174/705 1627/3170/703 1607/3169/688
f 1616/3175/674 1636/3176/706 1635/3172/704 1615/3171/689
f 1609/3177/676 1629/3178/707 1628/3174/705 1608/3173/690
f 1602/3179/671 1622/3180/708 1621/3164/701 1601/3163/672
f 1617/3181/673 1637/3182/709 1636/3176/706 1616/3175/674
f 1610/3183/675 1630/3184/710 1629/3178/707 1609/3177/676
f 1603/3185/677 1623/3186/692 1622/3180/708 1602/3179/671
f 1618/3187/678 1638/3188/694 1637/3182/709 1617/3181/673
f 1611/3189/679 1631/3190/696 1630/3184/710 1610/3183/675
f 1604/3191/680 1624/3192/691 1623/3186/692 1603/3185/677
f 1619/3193/681 1639/3194/693 1638/3188/694 1618/3187/678
f 1612/3158/682 1632/3157/695 1631/3190/696 1611/3189/679
f 1605/3162/683 1625/3161/697 1624/3192/691 1604/3191/680
f 1620/3166/684 1640/3165/698 1639/3194/693 1619/3193/681
f 1630/3195/710 1650/3196/675 1649/3197/676 1629/3198/707
f 1623/3199/692 1643/3200/677 1642/3201/671 1622/3202/708
f 1638/3203/694 1658/3204/678 1657/3205/673 1637/3206/709
f 1631/3207/696 1651/3208/679 1650/3196/675 1630/3195/710
f 1624/3209/691 1644/3210/680 1643/3200/677 1623/3199/692
f 1639/3211/693 1659/3212/681 1658/3204/678 1638/3203/694
f 1632/3213/695 1652/3214/682 1651/3208/679 1631/3207/696
f 1625/3215/697 1645/3216/683 1644/3217/680 1624/3218/691
f 1640/3219/698 1660/3220/684 1659/3221/681 1639/3222/693
f 1633/3223/699 1653/3224/685 1652/3214/682 1632/3213/695
f 1626/3225/700 1646/3226/686 1645/3216/683 1625/3215/697
f 1621/3227/701 1641/3228/672 1660/3220/684 1640/3219/698
f 1634/3229/702 1654/3230/687 1653/3224/685 1633/3223/699
f 1627/3231/703 1647/3232/688 1646/3226/686 1626/3225/700
f 1635/3233/704 1655/3234/689 1654/3235/687 1634/3236/702
f 1628/3237/705 1648/3238/690 1647/3232/688 1627/3231/703
f 1636/3239/706 1656/3240/674 1655/3234/689 1635/3233/704
f 1629/3241/707 1649/3242/676 1648/3238/690 1628/3237/705
f 1622/3202/708 1642/3201/671 1641/3228/672 1621/3227/701
f 1637/3206/709 1657/3205/673 1656/3240/674 1636/3239/706
f 1642/3243/671 1643/3244/677 1644/3245/680 1645/3246/683 1646/3247/686 1647/3248/688 1648/3249/690 1649/3250/676 1650/3251/675 1651/3252/679 1652/3253/682 1653/3254/685 1654/3255/687 1655/3256/689 1656/3257/674 1657/3258/673 1658/3259/678 1659/3260/681 1660/3261/684 1641/3262/672
o Circle.038_Circle.039
v -0.381199 0.497454 -0.472561
v -0.365948 0.593746 -0.472561
v -0.321687 0.680613 -0.472561
v -0.252749 0.749551 -0.472561
v -0.165882 0.793812 -0.472561
v -0.069589 0.809063 -0.472561
v 0.026704 0.793812 -0.472561
v 0.113570 0.749551 -0.472561
v 0.182508 0.680613 -0.472561
v 0.226769 0.593746 -0.472561
v 0.242021 0.497453 -0.472561
v 0.226769 0.401161 -0.472561
v 0.182508 0.314294 -0.472561
v 0.113570 0.245356 -0.472561
v 0.026703 0.201095 -0.472561
v -0.069590 0.185844 -0.472561
v -0.165882 0.201095 -0.472561
v -0.252749 0.245356 -0.472561
v -0.321687 0.314294 -0.472561
v -0.365948 0.401161 -0.472561
v -0.310987 0.497454 -0.623920
v -0.299173 0.572050 -0.623920
v -0.264885 0.639344 -0.623920
v -0.211480 0.692749 -0.623920
v -0.144185 0.727037 -0.623920
v -0.069589 0.738852 -0.623920
v 0.005007 0.727037 -0.623920
v 0.072301 0.692749 -0.623920
v 0.125706 0.639344 -0.623920
v 0.159994 0.572050 -0.623920
v 0.171809 0.497453 -0.623920
v 0.159994 0.422857 -0.623920
v 0.125706 0.355563 -0.623920
v 0.072301 0.302158 -0.623920
v 0.005007 0.267870 -0.623920
v -0.069589 0.256055 -0.623920
v -0.144186 0.267870 -0.623920
v -0.211480 0.302158 -0.623920
v -0.264885 0.355564 -0.623920
v -0.299173 0.422858 -0.623920
v -0.255652 0.497454 -0.623920
v -0.246545 0.554950 -0.623920
v -0.220117 0.606818 -0.623920
v -0.178954 0.647982 -0.623920
v -0.127086 0.674410 -0.623920
v -0.069589 0.683516 -0.623920
v -0.012093 0.674410 -0.623920
v 0.039776 0.647982 -0.623920
v 0.080939 0.606818 -0.623920
v 0.107367 0.554950 -0.623920
v 0.116474 0.497453 -0.623920
v 0.107367 0.439957 -0.623920
v 0.080939 0.388088 -0.623920
v 0.039776 0.346925 -0.623920
v -0.012093 0.320497 -0.623920
v -0.069589 0.311391 -0.623920
v -0.127086 0.320497 -0.623920
v -0.178954 0.346926 -0.623920
v -0.220117 0.388089 -0.623920
v -0.246546 0.439957 -0.623920
v -0.225616 0.497453 -0.775280
v -0.217980 0.545668 -0.775280
v -0.195818 0.589164 -0.775280
v -0.161300 0.623682 -0.775280
v -0.117804 0.645844 -0.775280
v -0.069589 0.653480 -0.775280
v -0.021374 0.645844 -0.775280
v 0.022121 0.623682 -0.775280
v 0.056639 0.589164 -0.775280
v 0.078801 0.545668 -0.775280
v 0.086438 0.497453 -0.775280
v 0.078801 0.449238 -0.775280
v 0.056639 0.405743 -0.775280
v 0.022121 0.371225 -0.775280
v -0.021374 0.349063 -0.775280
v -0.069589 0.341427 -0.775280
v -0.117804 0.349063 -0.775280
v -0.161300 0.371225 -0.775280
v -0.195818 0.405743 -0.775280
v -0.217980 0.449239 -0.775280
v -0.184667 0.497453 -0.775280
v -0.179035 0.533014 -0.775280
v -0.162689 0.565095 -0.775280
v -0.137230 0.590553 -0.775280
v -0.105150 0.606899 -0.775280
v -0.069589 0.612531 -0.775280
v -0.034028 0.606899 -0.775280
v -0.001948 0.590553 -0.775280
v 0.023511 0.565095 -0.775280
v 0.039856 0.533014 -0.775280
v 0.045489 0.497453 -0.775280
v 0.039856 0.461892 -0.775280
v 0.023511 0.429812 -0.775280
v -0.001948 0.404353 -0.775280
v -0.034028 0.388008 -0.775280
v -0.069589 0.382376 -0.775280
v -0.105150 0.388008 -0.775280
v -0.137230 0.404354 -0.775280
v -0.162689 0.429813 -0.775280
v -0.179035 0.461893 -0.775280
v -0.184667 0.497453 -0.839010
v -0.179035 0.533014 -0.839010
v -0.162689 0.565095 -0.839010
v -0.137230 0.590553 -0.839010
v -0.105150 0.606899 -0.839010
v -0.069589 0.612531 -0.839010
v -0.034028 0.606899 -0.839010
v -0.001948 0.590553 -0.839010
v 0.023511 0.565095 -0.839010
v 0.039856 0.533014 -0.839010
v 0.045489 0.497453 -0.839010
v 0.039856 0.461892 -0.839010
v 0.023511 0.429812 -0.839010
v -0.001948 0.404353 -0.839010
v -0.034028 0.388008 -0.839010
v -0.069589 0.382376 -0.839010
v -0.105150 0.388008 -0.839010
v -0.137230 0.404354 -0.839010
v -0.162689 0.429813 -0.839010
v -0.179035 0.461893 -0.839010
v 0.242020 0.497454 0.472562
v 0.226769 0.593746 0.472562
v 0.182508 0.680613 0.472562
v 0.113570 0.749551 0.472562
v 0.026703 0.793812 0.472562
v -0.069589 0.809063 0.472561
v -0.165882 0.793812 0.472561
v -0.252749 0.749551 0.472561
v -0.321687 0.680613 0.472561
v -0.365948 0.593746 0.472561
v -0.381199 0.497453 0.472561
v -0.365948 0.401161 0.472561
v -0.321687 0.314294 0.472561
v -0.252749 0.245356 0.472561
v -0.165882 0.201095 0.472561
v -0.069589 0.185844 0.472561
v 0.026704 0.201095 0.472562
v 0.113571 0.245356 0.472562
v 0.182509 0.314294 0.472562
v 0.226769 0.401161 0.472562
v 0.171809 0.497454 0.623921
v 0.159994 0.572050 0.623921
v 0.125706 0.639344 0.623921
v 0.072301 0.692749 0.623921
v 0.005007 0.727037 0.623921
v -0.069589 0.738852 0.623921
v -0.144186 0.727037 0.623921
v -0.211480 0.692749 0.623921
v -0.264885 0.639344 0.623921
v -0.299173 0.572050 0.623921
v -0.310988 0.497453 0.623921
v -0.299173 0.422857 0.623921
v -0.264885 0.355563 0.623921
v -0.211480 0.302158 0.623921
v -0.144185 0.267870 0.623921
v -0.069589 0.256055 0.623921
v 0.005007 0.267870 0.623921
v 0.072301 0.302158 0.623921
v 0.125706 0.355564 0.623921
v 0.159994 0.422858 0.623921
v 0.116473 0.497454 0.623921
v 0.107367 0.554950 0.623921
v 0.080939 0.606818 0.623921
v 0.039776 0.647982 0.623921
v -0.012093 0.674410 0.623921
v -0.069589 0.683516 0.623921
v -0.127086 0.674410 0.623921
v -0.178954 0.647982 0.623921
v -0.220117 0.606818 0.623921
v -0.246546 0.554950 0.623921
v -0.255652 0.497453 0.623921
v -0.246546 0.439957 0.623921
v -0.220117 0.388088 0.623921
v -0.178954 0.346925 0.623921
v -0.127086 0.320497 0.623921
v -0.069589 0.311391 0.623921
v -0.012093 0.320497 0.623921
v 0.039776 0.346926 0.623921
v 0.080939 0.388089 0.623921
v 0.107367 0.439957 0.623921
v 0.086437 0.497453 0.775280
v 0.078801 0.545668 0.775280
v 0.056639 0.589164 0.775280
v 0.022121 0.623682 0.775280
v -0.021374 0.645844 0.775280
v -0.069589 0.653480 0.775280
v -0.117804 0.645844 0.775280
v -0.161300 0.623682 0.775280
v -0.195818 0.589164 0.775280
v -0.217980 0.545668 0.775280
v -0.225616 0.497453 0.775280
v -0.217980 0.449238 0.775280
v -0.195818 0.405743 0.775280
v -0.161300 0.371225 0.775280
v -0.117804 0.349063 0.775280
v -0.069589 0.341427 0.775280
v -0.021374 0.349063 0.775280
v 0.022121 0.371225 0.775280
v 0.056639 0.405743 0.775280
v 0.078801 0.449239 0.775280
v 0.045488 0.497453 0.775280
v 0.039856 0.533014 0.775280
v 0.023511 0.565095 0.775280
v -0.001948 0.590553 0.775280
v -0.034028 0.606899 0.775280
v -0.069589 0.612531 0.775280
v -0.105150 0.606899 0.775280
v -0.137230 0.590553 0.775280
v -0.162689 0.565095 0.775280
v -0.179035 0.533014 0.775280
v -0.184667 0.497453 0.775280
v -0.179035 0.461892 0.775280
v -0.162689 0.429812 0.775280
v -0.137230 0.404353 0.775280
v -0.105150 0.388008 0.775280
v -0.069589 0.382376 0.775280
v -0.034028 0.388008 0.775280
v -0.001948 0.404354 0.775280
v 0.023511 0.429813 0.775280
v 0.039856 0.461893 0.775280
v 0.045488 0.497453 0.839010
v 0.039856 0.533014 0.839010
v 0.023511 0.565095 0.839010
v -0.001948 0.590553 0.839010
v -0.034028 0.606899 0.839010
v -0.069589 0.612531 0.839010
v -0.105150 0.606899 0.839010
v -0.137230 0.590553 0.839010
v -0.162689 0.565095 0.839010
v -0.179035 0.533014 0.839010
v -0.184667 0.497453 0.839010
v -0.179035 0.461892 0.839010
v -0.162689 0.429812 0.839010
v -0.137230 0.404353 0.839010
v -0.105150 0.388008 0.839010
v -0.069589 0.382376 0.839010
v -0.034028 0.388008 0.839010
v -0.001948 0.404354 0.839010
v 0.023511 0.429813 0.839010
v 0.039856 0.461893 0.839010
vt 0.741780 0.941781
vt 0.762643 0.935850
vt 0.761681 0.927629
vt 0.740537 0.931169
vt 0.295585 0.907081
vt 0.316728 0.909285
vt 0.317691 0.899693
vt 0.296827 0.894700
vt 0.909716 0.028368
vt 0.930859 0.031907
vt 0.931822 0.023686
vt 0.910958 0.017756
vt 0.879715 0.017756
vt 0.900579 0.023686
vt 0.902078 0.017685
vt 0.881650 0.010010
vt 0.295157 0.920131
vt 0.316397 0.919394
vt 0.909288 0.040807
vt 0.930528 0.041544
vt 0.878473 0.028368
vt 0.899616 0.031907
vt 0.295585 0.932570
vt 0.316728 0.929031
vt 0.878045 0.040807
vt 0.899285 0.041544
vt 0.296827 0.943182
vt 0.317691 0.937252
vt 0.878473 0.053857
vt 0.899616 0.051653
vt 0.740537 0.905680
vt 0.761681 0.907884
vt 0.762643 0.898292
vt 0.741780 0.893298
vt 0.909716 0.053857
vt 0.930859 0.051653
vt 0.879715 0.066238
vt 0.900579 0.061245
vt 0.740109 0.918729
vt 0.761349 0.917993
vt 0.910958 0.066238
vt 0.931822 0.061245
vt 0.881650 0.076741
vt 0.902078 0.069381
vt 0.912893 0.076741
vt 0.933321 0.069381
vt 0.933321 0.017685
vt 0.912893 0.010010
vt 0.307813 0.802139
vt 0.306684 0.794820
vt 0.299095 0.794820
vt 0.297967 0.802139
vt 0.317177 0.741402
vt 0.313902 0.748005
vt 0.320042 0.752588
vt 0.325143 0.747348
vt 0.317177 0.799014
vt 0.313902 0.792411
vt 0.307813 0.738277
vt 0.306684 0.745596
vt 0.325143 0.793068
vt 0.320042 0.787828
vt 0.271807 0.775265
vt 0.278932 0.774106
vt 0.278932 0.766310
vt 0.271807 0.765151
vt 0.297967 0.738277
vt 0.299095 0.745596
vt 0.330930 0.784885
vt 0.324503 0.781521
vt 0.274850 0.784885
vt 0.281277 0.781521
vt 0.288603 0.741402
vt 0.291878 0.748006
vt 0.333973 0.775265
vt 0.326848 0.774106
vt 0.280637 0.793068
vt 0.285738 0.787828
vt 0.280637 0.747348
vt 0.285738 0.752588
vt 0.333973 0.765151
vt 0.326848 0.766310
vt 0.288603 0.799014
vt 0.291878 0.792411
vt 0.274850 0.755531
vt 0.281277 0.758895
vt 0.330930 0.755531
vt 0.324503 0.758895
vt 0.607552 0.975787
vt 0.627317 0.972257
vt 0.626348 0.966999
vt 0.606397 0.969517
vt 0.606397 0.940567
vt 0.626348 0.942723
vt 0.627317 0.938844
vt 0.607552 0.935942
vt 0.546590 0.966559
vt 0.566603 0.965129
vt 0.566164 0.959796
vt 0.546066 0.960200
vt 0.384660 0.953364
vt 0.404731 0.954688
vt 0.405353 0.948489
vt 0.385402 0.945971
vt 0.605655 0.946904
vt 0.625726 0.948036
vt 0.547585 0.971223
vt 0.567438 0.969041
vt 0.384404 0.961156
vt 0.404517 0.961222
vt 0.605399 0.954332
vt 0.625512 0.954265
vt 0.518844 0.944182
vt 0.538867 0.946008
vt 0.539663 0.940719
vt 0.519793 0.937875
vt 0.384660 0.968583
vt 0.404731 0.967451
vt 0.518345 0.951597
vt 0.538449 0.952226
vt 0.385402 0.974920
vt 0.405353 0.972765
vt 0.518345 0.959393
vt 0.538449 0.958764
vt 0.546590 0.944990
vt 0.566603 0.947042
vt 0.567438 0.940868
vt 0.547585 0.937628
vt 0.605655 0.962123
vt 0.625726 0.960799
vt 0.518844 0.966808
vt 0.538867 0.964981
vt 0.546066 0.952767
vt 0.566164 0.953564
vt 0.519793 0.973115
vt 0.539663 0.970270
vt 0.857762 0.115656
vt 0.856927 0.121073
vt 0.861391 0.122563
vt 0.863814 0.117676
vt 0.868963 0.151070
vt 0.865188 0.147193
vt 0.861391 0.150027
vt 0.863814 0.154913
vt 0.834489 0.139564
vt 0.839762 0.138706
vt 0.839762 0.133884
vt 0.834489 0.133026
vt 0.851398 0.115656
vt 0.852233 0.121073
vt 0.872703 0.145781
vt 0.867947 0.143292
vt 0.836456 0.145781
vt 0.841212 0.143292
vt 0.845345 0.117676
vt 0.847769 0.122563
vt 0.874670 0.139564
vt 0.869397 0.138706
vt 0.840197 0.151070
vt 0.843971 0.147193
vt 0.840197 0.121519
vt 0.843971 0.125397
vt 0.874670 0.133026
vt 0.869397 0.133884
vt 0.845345 0.154913
vt 0.847769 0.150027
vt 0.836456 0.126808
vt 0.841212 0.129298
vt 0.872703 0.126808
vt 0.867947 0.129298
vt 0.851398 0.156933
vt 0.852233 0.151517
vt 0.868963 0.121519
vt 0.865188 0.125397
vt 0.857762 0.156933
vt 0.856927 0.151517
vt 0.893485 0.862749
vt 0.901599 0.862468
vt 0.902058 0.858549
vt 0.893944 0.858830
vt 0.693216 0.782901
vt 0.701329 0.782620
vt 0.702044 0.779759
vt 0.693930 0.780040
vt 0.633697 0.251513
vt 0.641810 0.251794
vt 0.641968 0.246975
vt 0.633855 0.246694
vt 0.893327 0.867343
vt 0.901441 0.867062
vt 0.692757 0.786820
vt 0.700870 0.786539
vt 0.633855 0.256107
vt 0.641968 0.256388
vt 0.692599 0.791414
vt 0.700712 0.791133
vt 0.634313 0.260026
vt 0.642427 0.260307
vt 0.692757 0.796233
vt 0.700870 0.795952
vt 0.611156 0.246694
vt 0.619269 0.246975
vt 0.619728 0.242402
vt 0.611615 0.242121
vt 0.893485 0.872162
vt 0.901599 0.871881
vt 0.693216 0.800805
vt 0.701329 0.800524
vt 0.610998 0.251513
vt 0.619111 0.251794
vt 0.893944 0.876735
vt 0.902058 0.876454
vt 0.693930 0.804684
vt 0.702044 0.804403
vt 0.611156 0.256107
vt 0.619269 0.256388
vt 0.894659 0.880613
vt 0.902772 0.880333
vt 0.902772 0.855689
vt 0.894659 0.855970
vt 0.611615 0.260026
vt 0.619728 0.260307
vt 0.642427 0.242402
vt 0.634313 0.242121
vt 0.021610 0.945785
vt 0.026074 0.944295
vt 0.029871 0.941460
vt 0.032630 0.937559
vt 0.034081 0.932974
vt 0.034081 0.928152
vt 0.032630 0.923566
vt 0.029871 0.919665
vt 0.026074 0.916831
vt 0.021610 0.915340
vt 0.016916 0.915340
vt 0.012452 0.916831
vt 0.008655 0.919665
vt 0.005896 0.923566
vt 0.004445 0.928152
vt 0.004445 0.932974
vt 0.005896 0.937559
vt 0.008655 0.941460
vt 0.012452 0.944295
vt 0.016916 0.945785
vt 0.741780 0.941781
vt 0.762643 0.935850
vt 0.761681 0.927629
vt 0.740537 0.931169
vt 0.295585 0.907081
vt 0.316728 0.909285
vt 0.317691 0.899693
vt 0.296827 0.894700
vt 0.909716 0.028368
vt 0.930859 0.031907
vt 0.931822 0.023686
vt 0.910958 0.017756
vt 0.879715 0.017756
vt 0.900579 0.023686
vt 0.902078 0.017685
vt 0.881650 0.010010
vt 0.295157 0.920131
vt 0.316397 0.919394
vt 0.909288 0.040807
vt 0.930528 0.041544
vt 0.878473 0.028368
vt 0.899616 0.031907
vt 0.295585 0.932570
vt 0.316728 0.929031
vt 0.878045 0.040807
vt 0.899285 0.041544
vt 0.296827 0.943182
vt 0.317691 0.937252
vt 0.878473 0.053857
vt 0.899616 0.051653
vt 0.740537 0.905680
vt 0.761681 0.907884
vt 0.762643 0.898292
vt 0.741780 0.893298
vt 0.909716 0.053857
vt 0.930859 0.051653
vt 0.879715 0.066238
vt 0.900579 0.061245
vt 0.740109 0.918729
vt 0.761349 0.917993
vt 0.910958 0.066238
vt 0.931822 0.061245
vt 0.881650 0.076741
vt 0.902078 0.069381
vt 0.912893 0.076741
vt 0.933321 0.069381
vt 0.933321 0.017685
vt 0.912893 0.010010
vt 0.307813 0.802139
vt 0.306684 0.794820
vt 0.299095 0.794820
vt 0.297967 0.802139
vt 0.317177 0.741402
vt 0.313902 0.748005
vt 0.320042 0.752588
vt 0.325143 0.747348
vt 0.317177 0.799014
vt 0.313902 0.792411
vt 0.307813 0.738277
vt 0.306684 0.745596
vt 0.325143 0.793068
vt 0.320042 0.787828
vt 0.271807 0.775265
vt 0.278932 0.774106
vt 0.278932 0.766310
vt 0.271807 0.765151
vt 0.297967 0.738277
vt 0.299095 0.745596
vt 0.330930 0.784885
vt 0.324503 0.781521
vt 0.274850 0.784885
vt 0.281277 0.781521
vt 0.288603 0.741402
vt 0.291878 0.748006
vt 0.333973 0.775265
vt 0.326848 0.774106
vt 0.280637 0.793068
vt 0.285738 0.787828
vt 0.280637 0.747348
vt 0.285738 0.752588
vt 0.333973 0.765151
vt 0.326848 0.766310
vt 0.288603 0.799014
vt 0.291878 0.792411
vt 0.274850 0.755531
vt 0.281277 0.758895
vt 0.330930 0.755531
vt 0.324503 0.758895
vt 0.607552 0.975787
vt 0.627317 0.972257
vt 0.626348 0.966999
vt 0.606397 0.969517
vt 0.606397 0.940567
vt 0.626348 0.942723
vt 0.627317 0.938844
vt 0.607552 0.935942
vt 0.546590 0.966559
vt 0.566603 0.965129
vt 0.566164 0.959796
vt 0.546066 0.960200
vt 0.384660 0.953364
vt 0.404731 0.954688
vt 0.405353 0.948489
vt 0.385402 0.945971
vt 0.605655 0.946904
vt 0.625726 0.948036
vt 0.547585 0.971223
vt 0.567438 0.969041
vt 0.384404 0.961156
vt 0.404517 0.961222
vt 0.605399 0.954332
vt 0.625512 0.954265
vt 0.518844 0.944182
vt 0.538867 0.946008
vt 0.539663 0.940719
vt 0.519793 0.937875
vt 0.384660 0.968583
vt 0.404731 0.967451
vt 0.518345 0.951597
vt 0.538449 0.952226
vt 0.385402 0.974920
vt 0.405353 0.972765
vt 0.518345 0.959393
vt 0.538449 0.958764
vt 0.546590 0.944990
vt 0.566603 0.947042
vt 0.567438 0.940868
vt 0.547585 0.937628
vt 0.605655 0.962123
vt 0.625726 0.960799
vt 0.518844 0.966808
vt 0.538867 0.964981
vt 0.546066 0.952767
vt 0.566164 0.953564
vt 0.519793 0.973115
vt 0.539663 0.970270
vt 0.857762 0.115656
vt 0.856927 0.121073
vt 0.861391 0.122563
vt 0.863814 0.117676
vt 0.868963 0.151070
vt 0.865188 0.147193
vt 0.861391 0.150027
vt 0.863814 0.154913
vt 0.834489 0.139564
vt 0.839762 0.138706
vt 0.839762 0.133884
vt 0.834489 0.133026
vt 0.851398 0.115656
vt 0.852233 0.121073
vt 0.872703 0.145781
vt 0.867947 0.143292
vt 0.836456 0.145781
vt 0.841212 0.143292
vt 0.845345 0.117676
vt 0.847769 0.122563
vt 0.874670 0.139564
vt 0.869397 0.138706
vt 0.840197 0.151070
vt 0.843971 0.147193
vt 0.840197 0.121519
vt 0.843971 0.125397
vt 0.874670 0.133026
vt 0.869397 0.133884
vt 0.845345 0.154913
vt 0.847769 0.150027
vt 0.836456 0.126808
vt 0.841212 0.129298
vt 0.872703 0.126808
vt 0.867947 0.129298
vt 0.851398 0.156933
vt 0.852233 0.151517
vt 0.868963 0.121519
vt 0.865188 0.125397
vt 0.857762 0.156933
vt 0.856927 0.151517
vt 0.893485 0.862749
vt 0.901599 0.862468
vt 0.902058 0.858549
vt 0.893944 0.858830
vt 0.693216 0.782901
vt 0.701329 0.782620
vt 0.702044 0.779759
vt 0.693930 0.780040
vt 0.633697 0.251513
vt 0.641810 0.251794
vt 0.641968 0.246975
vt 0.633855 0.246694
vt 0.893327 0.867343
vt 0.901441 0.867062
vt 0.692757 0.786820
vt 0.700870 0.786539
vt 0.633855 0.256107
vt 0.641968 0.256388
vt 0.692599 0.791414
vt 0.700712 0.791133
vt 0.634313 0.260026
vt 0.642427 0.260307
vt 0.692757 0.796233
vt 0.700870 0.795952
vt 0.611156 0.246694
vt 0.619269 0.246975
vt 0.619728 0.242402
vt 0.611615 0.242121
vt 0.893485 0.872162
vt 0.901599 0.871881
vt 0.693216 0.800805
vt 0.701329 0.800524
vt 0.610998 0.251513
vt 0.619111 0.251794
vt 0.893944 0.876735
vt 0.902058 0.876454
vt 0.693930 0.804684
vt 0.702044 0.804403
vt 0.611156 0.256107
vt 0.619269 0.256388
vt 0.894659 0.880613
vt 0.902772 0.880333
vt 0.902772 0.855689
vt 0.894659 0.855970
vt 0.611615 0.260026
vt 0.619728 0.260307
vt 0.642427 0.242402
vt 0.634313 0.242121
vt 0.021610 0.945785
vt 0.026074 0.944295
vt 0.029871 0.941460
vt 0.032630 0.937559
vt 0.034081 0.932974
vt 0.034081 0.928152
vt 0.032630 0.923566
vt 0.029871 0.919665
vt 0.026074 0.916831
vt 0.021610 0.915340
vt 0.016916 0.915340
vt 0.012452 0.916831
vt 0.008655 0.919665
vt 0.005896 0.923566
vt 0.004445 0.928152
vt 0.004445 0.932974
vt 0.005896 0.937559
vt 0.008655 0.941460
vt 0.012452 0.944295
vt 0.016916 0.945785
vn 0.8627 -0.2803 -0.4208
vn 0.5461 -0.1774 -0.8187
vn 0.5742 0.0000 -0.8187
vn 0.9071 0.0000 -0.4208
vn -0.2803 0.8627 -0.4208
vn -0.1774 0.5461 -0.8187
vn -0.3375 0.4645 -0.8187
vn -0.5332 0.7339 -0.4208
vn -0.8627 -0.2803 -0.4208
vn -0.5461 -0.1774 -0.8187
vn -0.4645 -0.3375 -0.8187
vn -0.7339 -0.5332 -0.4208
vn 0.7339 -0.5332 -0.4208
vn 0.4645 -0.3375 -0.8187
vn 0.0000 0.9071 -0.4208
vn 0.0000 0.5742 -0.8187
vn -0.9071 0.0000 -0.4208
vn -0.5742 0.0000 -0.8187
vn 0.5332 -0.7339 -0.4208
vn 0.3375 -0.4645 -0.8187
vn 0.2803 0.8627 -0.4208
vn 0.1774 0.5461 -0.8187
vn 0.2803 -0.8627 -0.4208
vn 0.1774 -0.5461 -0.8187
vn 0.5332 0.7339 -0.4208
vn 0.3375 0.4645 -0.8187
vn 0.0000 -0.9071 -0.4208
vn 0.0000 -0.5742 -0.8187
vn 0.7339 0.5332 -0.4208
vn 0.4645 0.3375 -0.8187
vn -0.8627 0.2803 -0.4208
vn -0.5461 0.1774 -0.8187
vn -0.2803 -0.8627 -0.4208
vn -0.1774 -0.5461 -0.8187
vn 0.8627 0.2803 -0.4208
vn 0.5461 0.1774 -0.8187
vn -0.7339 0.5332 -0.4208
vn -0.4645 0.3375 -0.8187
vn -0.5332 -0.7339 -0.4208
vn -0.3375 -0.4645 -0.8187
vn 0.1834 0.5645 -0.8047
vn 0.0000 0.5936 -0.8047
vn 0.1834 -0.5645 -0.8047
vn 0.3489 -0.4802 -0.8047
vn 0.3489 0.4802 -0.8047
vn 0.0000 -0.5936 -0.8047
vn 0.4802 0.3489 -0.8047
vn -0.5645 0.1834 -0.8047
vn -0.5936 0.0000 -0.8047
vn -0.1834 -0.5645 -0.8047
vn 0.5645 0.1834 -0.8047
vn -0.4802 0.3489 -0.8047
vn -0.3489 -0.4802 -0.8047
vn 0.5936 0.0000 -0.8047
vn -0.3489 0.4802 -0.8047
vn -0.4802 -0.3489 -0.8047
vn 0.5645 -0.1834 -0.8047
vn -0.1834 0.5645 -0.8047
vn -0.5645 -0.1834 -0.8047
vn 0.4802 -0.3489 -0.8047
vn -0.3935 0.5417 -0.7428
vn -0.5417 0.3935 -0.7428
vn -0.5417 -0.3935 -0.7428
vn -0.3935 -0.5417 -0.7428
vn 0.6368 -0.2069 -0.7428
vn 0.6695 0.0000 -0.7428
vn -0.2069 0.6368 -0.7428
vn -0.6368 -0.2069 -0.7428
vn 0.5417 -0.3935 -0.7428
vn 0.0000 0.6695 -0.7428
vn -0.6695 0.0000 -0.7428
vn 0.3935 -0.5417 -0.7428
vn 0.2069 0.6368 -0.7428
vn 0.2069 -0.6368 -0.7428
vn 0.3935 0.5417 -0.7428
vn 0.0000 -0.6695 -0.7428
vn 0.5417 0.3935 -0.7428
vn -0.6368 0.2069 -0.7428
vn -0.2069 -0.6368 -0.7428
vn 0.6368 0.2069 -0.7428
vn 0.0000 -0.6681 -0.7440
vn 0.2064 -0.6354 -0.7440
vn 0.5405 0.3927 -0.7440
vn 0.3927 0.5405 -0.7440
vn -0.6354 0.2064 -0.7440
vn -0.6681 0.0000 -0.7440
vn -0.2064 -0.6354 -0.7440
vn 0.6354 0.2064 -0.7440
vn -0.5405 0.3927 -0.7440
vn -0.3927 -0.5405 -0.7440
vn 0.6681 0.0000 -0.7440
vn -0.3927 0.5405 -0.7440
vn -0.5405 -0.3927 -0.7440
vn 0.6354 -0.2064 -0.7440
vn -0.2064 0.6354 -0.7440
vn -0.6354 -0.2064 -0.7440
vn 0.5405 -0.3927 -0.7440
vn 0.0000 0.6681 -0.7440
vn 0.3927 -0.5405 -0.7440
vn 0.2064 0.6354 -0.7440
vn -0.7030 -0.2284 -0.6735
vn -0.5980 -0.4345 -0.6735
vn 0.5980 -0.4345 -0.6735
vn 0.7030 -0.2284 -0.6735
vn 0.0000 0.7391 -0.6735
vn -0.2284 0.7030 -0.6735
vn -0.7391 0.0000 -0.6735
vn 0.4345 -0.5980 -0.6735
vn 0.2284 0.7030 -0.6735
vn 0.2284 -0.7030 -0.6735
vn 0.4345 0.5980 -0.6735
vn 0.0000 -0.7391 -0.6735
vn 0.5980 0.4345 -0.6735
vn -0.7030 0.2284 -0.6735
vn -0.2284 -0.7030 -0.6735
vn 0.7030 0.2284 -0.6735
vn -0.5980 0.4345 -0.6735
vn -0.4345 -0.5980 -0.6735
vn 0.7391 0.0000 -0.6735
vn -0.4345 0.5980 -0.6735
vn -0.8627 -0.2803 0.4208
vn -0.5461 -0.1774 0.8187
vn -0.5742 0.0000 0.8187
vn -0.9071 0.0000 0.4208
vn 0.2803 0.8627 0.4208
vn 0.1774 0.5461 0.8187
vn 0.3375 0.4645 0.8187
vn 0.5332 0.7339 0.4208
vn 0.8627 -0.2803 0.4208
vn 0.5461 -0.1774 0.8187
vn 0.4645 -0.3375 0.8187
vn 0.7339 -0.5332 0.4208
vn -0.7339 -0.5332 0.4208
vn -0.4645 -0.3375 0.8187
vn 0.0000 0.9071 0.4208
vn 0.0000 0.5742 0.8187
vn 0.9071 0.0000 0.4208
vn 0.5742 0.0000 0.8187
vn -0.5332 -0.7339 0.4208
vn -0.3375 -0.4645 0.8187
vn -0.2803 0.8627 0.4208
vn -0.1774 0.5461 0.8187
vn -0.2803 -0.8627 0.4208
vn -0.1774 -0.5461 0.8187
vn -0.5332 0.7339 0.4208
vn -0.3375 0.4645 0.8187
vn 0.0000 -0.9071 0.4208
vn 0.0000 -0.5742 0.8187
vn -0.7339 0.5332 0.4208
vn -0.4645 0.3375 0.8187
vn 0.8627 0.2803 0.4208
vn 0.5461 0.1774 0.8187
vn 0.2803 -0.8627 0.4208
vn 0.1774 -0.5461 0.8187
vn -0.8627 0.2803 0.4208
vn -0.5461 0.1774 0.8187
vn 0.7339 0.5332 0.4208
vn 0.4645 0.3375 0.8187
vn 0.5332 -0.7339 0.4208
vn 0.3375 -0.4645 0.8187
vn -0.1834 0.5645 0.8047
vn 0.0000 0.5936 0.8047
vn -0.1834 -0.5645 0.8047
vn -0.3489 -0.4802 0.8047
vn -0.3489 0.4802 0.8047
vn 0.0000 -0.5936 0.8047
vn -0.4802 0.3489 0.8047
vn 0.5645 0.1834 0.8047
vn 0.5936 0.0000 0.8047
vn 0.1834 -0.5645 0.8047
vn -0.5645 0.1834 0.8047
vn 0.4802 0.3489 0.8047
vn 0.3489 -0.4802 0.8047
vn -0.5936 0.0000 0.8047
vn 0.3489 0.4802 0.8047
vn 0.4802 -0.3489 0.8047
vn -0.5645 -0.1834 0.8047
vn 0.1834 0.5645 0.8047
vn 0.5645 -0.1834 0.8047
vn -0.4802 -0.3489 0.8047
vn 0.3935 0.5417 0.7428
vn 0.5417 0.3935 0.7428
vn 0.5417 -0.3935 0.7428
vn 0.3935 -0.5417 0.7428
vn -0.6368 -0.2069 0.7428
vn -0.6695 0.0000 0.7428
vn 0.2069 0.6368 0.7428
vn 0.6368 -0.2069 0.7428
vn -0.5417 -0.3935 0.7428
vn 0.0000 0.6695 0.7428
vn 0.6695 0.0000 0.7428
vn -0.3935 -0.5417 0.7428
vn -0.2069 0.6368 0.7428
vn -0.2069 -0.6368 0.7428
vn -0.3935 0.5417 0.7428
vn 0.0000 -0.6695 0.7428
vn -0.5417 0.3935 0.7428
vn 0.6368 0.2069 0.7428
vn 0.2069 -0.6368 0.7428
vn -0.6368 0.2069 0.7428
vn 0.0000 -0.6681 0.7440
vn -0.2064 -0.6354 0.7440
vn -0.5405 0.3927 0.7440
vn -0.3927 0.5405 0.7440
vn 0.6354 0.2064 0.7440
vn 0.6681 0.0000 0.7440
vn 0.2064 -0.6354 0.7440
vn -0.6354 0.2064 0.7440
vn 0.5405 0.3927 0.7440
vn 0.3927 -0.5405 0.7440
vn -0.6681 0.0000 0.7440
vn 0.3927 0.5405 0.7440
vn 0.5405 -0.3927 0.7440
vn -0.6354 -0.2064 0.7440
vn 0.2064 0.6354 0.7440
vn 0.6354 -0.2064 0.7440
vn -0.5405 -0.3927 0.7440
vn 0.0000 0.6681 0.7440
vn -0.3927 -0.5405 0.7440
vn -0.2064 0.6354 0.7440
vn 0.7030 -0.2284 0.6735
vn 0.5980 -0.4345 0.6735
vn -0.5980 -0.4345 0.6735
vn -0.7030 -0.2284 0.6735
vn 0.0000 0.7391 0.6735
vn 0.2284 0.7030 0.6735
vn 0.7391 0.0000 0.6735
vn -0.4345 -0.5980 0.6735
vn -0.2284 0.7030 0.6735
vn -0.2284 -0.7030 0.6735
vn -0.4345 0.5980 0.6735
vn 0.0000 -0.7391 0.6735
vn -0.5980 0.4345 0.6735
vn 0.7030 0.2284 0.6735
vn 0.2284 -0.7030 0.6735
vn -0.7030 0.2284 0.6735
vn 0.5980 0.4345 0.6735
vn 0.4345 -0.5980 0.6735
vn -0.7391 0.0000 0.6735
vn 0.4345 0.5980 0.6735
usemtl 1
s 1
f 1672/3263/711 1692/3264/712 1691/3265/713 1671/3266/714
f 1665/3267/715 1685/3268/716 1684/3269/717 1664/3270/718
f 1680/3271/719 1700/3272/720 1699/3273/721 1679/3274/722
f 1673/3275/723 1693/3276/724 1692/3277/712 1672/3278/711
f 1666/3279/725 1686/3280/726 1685/3268/716 1665/3267/715
f 1661/3281/727 1681/3282/728 1700/3272/720 1680/3271/719
f 1674/3283/729 1694/3284/730 1693/3276/724 1673/3275/723
f 1667/3285/731 1687/3286/732 1686/3280/726 1666/3279/725
f 1675/3287/733 1695/3288/734 1694/3284/730 1674/3283/729
f 1668/3289/735 1688/3290/736 1687/3286/732 1667/3285/731
f 1676/3291/737 1696/3292/738 1695/3288/734 1675/3287/733
f 1669/3293/739 1689/3294/740 1688/3295/736 1668/3296/735
f 1662/3297/741 1682/3298/742 1681/3282/728 1661/3281/727
f 1677/3299/743 1697/3300/744 1696/3292/738 1676/3291/737
f 1670/3301/745 1690/3302/746 1689/3294/740 1669/3293/739
f 1663/3303/747 1683/3304/748 1682/3298/742 1662/3297/741
f 1678/3305/749 1698/3306/750 1697/3300/744 1677/3299/743
f 1671/3266/714 1691/3265/713 1690/3302/746 1670/3301/745
f 1664/3307/718 1684/3308/717 1683/3304/748 1663/3303/747
f 1679/3274/722 1699/3273/721 1698/3309/750 1678/3310/749
f 1687/3311/732 1707/3312/751 1706/3313/752 1686/3314/726
f 1695/3315/734 1715/3316/753 1714/3317/754 1694/3318/730
f 1688/3319/736 1708/3320/755 1707/3312/751 1687/3311/732
f 1696/3321/738 1716/3322/756 1715/3316/753 1695/3315/734
f 1689/3323/740 1709/3324/757 1708/3320/755 1688/3319/736
f 1682/3325/742 1702/3326/758 1701/3327/759 1681/3328/728
f 1697/3329/744 1717/3330/760 1716/3322/756 1696/3321/738
f 1690/3331/746 1710/3332/761 1709/3324/757 1689/3323/740
f 1683/3333/748 1703/3334/762 1702/3326/758 1682/3325/742
f 1698/3335/750 1718/3336/763 1717/3330/760 1697/3329/744
f 1691/3337/713 1711/3338/764 1710/3332/761 1690/3331/746
f 1684/3339/717 1704/3340/765 1703/3334/762 1683/3333/748
f 1699/3341/721 1719/3342/766 1718/3336/763 1698/3335/750
f 1692/3343/712 1712/3344/767 1711/3338/764 1691/3337/713
f 1685/3345/716 1705/3346/768 1704/3340/765 1684/3339/717
f 1700/3347/720 1720/3348/769 1719/3342/766 1699/3341/721
f 1693/3349/724 1713/3350/770 1712/3344/767 1692/3343/712
f 1686/3314/726 1706/3313/752 1705/3346/768 1685/3345/716
f 1681/3328/728 1701/3327/759 1720/3348/769 1700/3347/720
f 1694/3318/730 1714/3317/754 1713/3350/770 1693/3349/724
f 1704/3351/765 1724/3352/771 1723/3353/772 1703/3354/762
f 1719/3355/766 1739/3356/773 1738/3357/774 1718/3358/763
f 1712/3359/767 1732/3360/775 1731/3361/776 1711/3362/764
f 1705/3363/768 1725/3364/777 1724/3365/771 1704/3366/765
f 1720/3367/769 1740/3368/778 1739/3356/773 1719/3355/766
f 1713/3369/770 1733/3370/779 1732/3360/775 1712/3359/767
f 1706/3371/752 1726/3372/780 1725/3364/777 1705/3363/768
f 1701/3373/759 1721/3374/781 1740/3368/778 1720/3367/769
f 1714/3375/754 1734/3376/782 1733/3377/779 1713/3378/770
f 1707/3379/751 1727/3380/783 1726/3372/780 1706/3371/752
f 1715/3381/753 1735/3382/784 1734/3376/782 1714/3375/754
f 1708/3383/755 1728/3384/785 1727/3380/783 1707/3379/751
f 1716/3385/756 1736/3386/786 1735/3382/784 1715/3381/753
f 1709/3387/757 1729/3388/787 1728/3389/785 1708/3390/755
f 1702/3391/758 1722/3392/788 1721/3374/781 1701/3373/759
f 1717/3393/760 1737/3394/789 1736/3386/786 1716/3385/756
f 1710/3395/761 1730/3396/790 1729/3388/787 1709/3387/757
f 1703/3354/762 1723/3353/772 1722/3392/788 1702/3391/758
f 1718/3397/763 1738/3398/774 1737/3394/789 1717/3393/760
f 1711/3362/764 1731/3361/776 1730/3396/790 1710/3395/761
f 1736/3399/786 1756/3400/791 1755/3401/792 1735/3402/784
f 1729/3403/787 1749/3404/793 1748/3405/794 1728/3406/785
f 1722/3407/788 1742/3408/795 1741/3409/796 1721/3410/781
f 1737/3411/789 1757/3412/797 1756/3400/791 1736/3399/786
f 1730/3413/790 1750/3414/798 1749/3404/793 1729/3403/787
f 1723/3415/772 1743/3416/799 1742/3408/795 1722/3407/788
f 1738/3417/774 1758/3418/800 1757/3412/797 1737/3411/789
f 1731/3419/776 1751/3420/801 1750/3414/798 1730/3413/790
f 1724/3421/771 1744/3422/802 1743/3416/799 1723/3415/772
f 1739/3423/773 1759/3424/803 1758/3418/800 1738/3417/774
f 1732/3425/775 1752/3426/804 1751/3420/801 1731/3419/776
f 1725/3427/777 1745/3428/805 1744/3422/802 1724/3421/771
f 1740/3429/778 1760/3430/806 1759/3424/803 1739/3423/773
f 1733/3431/779 1753/3432/807 1752/3426/804 1732/3425/775
f 1726/3433/780 1746/3434/808 1745/3428/805 1725/3427/777
f 1721/3410/781 1741/3409/796 1760/3430/806 1740/3429/778
f 1734/3435/782 1754/3436/809 1753/3432/807 1733/3431/779
f 1727/3437/783 1747/3438/810 1746/3434/808 1726/3433/780
f 1735/3402/784 1755/3401/792 1754/3436/809 1734/3435/782
f 1728/3406/785 1748/3405/794 1747/3438/810 1727/3437/783
f 1760/3439/806 1780/3440/811 1779/3441/812 1759/3442/803
f 1753/3443/807 1773/3444/813 1772/3445/814 1752/3446/804
f 1746/3447/808 1766/3448/815 1765/3449/816 1745/3450/805
f 1741/3451/796 1761/3452/817 1780/3440/811 1760/3439/806
f 1754/3453/809 1774/3454/818 1773/3444/813 1753/3443/807
f 1747/3455/810 1767/3456/819 1766/3448/815 1746/3447/808
f 1755/3457/792 1775/3458/820 1774/3454/818 1754/3453/809
f 1748/3459/794 1768/3460/821 1767/3456/819 1747/3455/810
f 1756/3461/791 1776/3462/822 1775/3458/820 1755/3457/792
f 1749/3463/793 1769/3464/823 1768/3465/821 1748/3466/794
f 1742/3467/795 1762/3468/824 1761/3452/817 1741/3451/796
f 1757/3469/797 1777/3470/825 1776/3462/822 1756/3461/791
f 1750/3471/798 1770/3472/826 1769/3464/823 1749/3463/793
f 1743/3473/799 1763/3474/827 1762/3468/824 1742/3467/795
f 1758/3475/800 1778/3476/828 1777/3470/825 1757/3469/797
f 1751/3477/801 1771/3478/829 1770/3472/826 1750/3471/798
f 1744/3479/802 1764/3480/830 1763/3474/827 1743/3473/799
f 1759/3442/803 1779/3441/812 1778/3481/828 1758/3482/800
f 1752/3483/804 1772/3484/814 1771/3478/829 1751/3477/801
f 1745/3450/805 1765/3449/816 1764/3485/830 1744/3486/802
f 1762/3487/824 1763/3488/827 1764/3489/830 1765/3490/816 1766/3491/815 1767/3492/819 1768/3493/821 1769/3494/823 1770/3495/826 1771/3496/829 1772/3497/814 1773/3498/813 1774/3499/818 1775/3500/820 1776/3501/822 1777/3502/825 1778/3503/828 1779/3504/812 1780/3505/811 1761/3506/817
f 1792/3507/831 1812/3508/832 1811/3509/833 1791/3510/834
f 1785/3511/835 1805/3512/836 1804/3513/837 1784/3514/838
f 1800/3515/839 1820/3516/840 1819/3517/841 1799/3518/842
f 1793/3519/843 1813/3520/844 1812/3521/832 1792/3522/831
f 1786/3523/845 1806/3524/846 1805/3512/836 1785/3511/835
f 1781/3525/847 1801/3526/848 1820/3516/840 1800/3515/839
f 1794/3527/849 1814/3528/850 1813/3520/844 1793/3519/843
f 1787/3529/851 1807/3530/852 1806/3524/846 1786/3523/845
f 1795/3531/853 1815/3532/854 1814/3528/850 1794/3527/849
f 1788/3533/855 1808/3534/856 1807/3530/852 1787/3529/851
f 1796/3535/857 1816/3536/858 1815/3532/854 1795/3531/853
f 1789/3537/859 1809/3538/860 1808/3539/856 1788/3540/855
f 1782/3541/861 1802/3542/862 1801/3526/848 1781/3525/847
f 1797/3543/863 1817/3544/864 1816/3536/858 1796/3535/857
f 1790/3545/865 1810/3546/866 1809/3538/860 1789/3537/859
f 1783/3547/867 1803/3548/868 1802/3542/862 1782/3541/861
f 1798/3549/869 1818/3550/870 1817/3544/864 1797/3543/863
f 1791/3510/834 1811/3509/833 1810/3546/866 1790/3545/865
f 1784/3551/838 1804/3552/837 1803/3548/868 1783/3547/867
f 1799/3518/842 1819/3517/841 1818/3553/870 1798/3554/869
f 1807/3555/852 1827/3556/871 1826/3557/872 1806/3558/846
f 1815/3559/854 1835/3560/873 1834/3561/874 1814/3562/850
f 1808/3563/856 1828/3564/875 1827/3556/871 1807/3555/852
f 1816/3565/858 1836/3566/876 1835/3560/873 1815/3559/854
f 1809/3567/860 1829/3568/877 1828/3564/875 1808/3563/856
f 1802/3569/862 1822/3570/878 1821/3571/879 1801/3572/848
f 1817/3573/864 1837/3574/880 1836/3566/876 1816/3565/858
f 1810/3575/866 1830/3576/881 1829/3568/877 1809/3567/860
f 1803/3577/868 1823/3578/882 1822/3570/878 1802/3569/862
f 1818/3579/870 1838/3580/883 1837/3574/880 1817/3573/864
f 1811/3581/833 1831/3582/884 1830/3576/881 1810/3575/866
f 1804/3583/837 1824/3584/885 1823/3578/882 1803/3577/868
f 1819/3585/841 1839/3586/886 1838/3580/883 1818/3579/870
f 1812/3587/832 1832/3588/887 1831/3582/884 1811/3581/833
f 1805/3589/836 1825/3590/888 1824/3584/885 1804/3583/837
f 1820/3591/840 1840/3592/889 1839/3586/886 1819/3585/841
f 1813/3593/844 1833/3594/890 1832/3588/887 1812/3587/832
f 1806/3558/846 1826/3557/872 1825/3590/888 1805/3589/836
f 1801/3572/848 1821/3571/879 1840/3592/889 1820/3591/840
f 1814/3562/850 1834/3561/874 1833/3594/890 1813/3593/844
f 1824/3595/885 1844/3596/891 1843/3597/892 1823/3598/882
f 1839/3599/886 1859/3600/893 1858/3601/894 1838/3602/883
f 1832/3603/887 1852/3604/895 1851/3605/896 1831/3606/884
f 1825/3607/888 1845/3608/897 1844/3609/891 1824/3610/885
f 1840/3611/889 1860/3612/898 1859/3600/893 1839/3599/886
f 1833/3613/890 1853/3614/899 1852/3604/895 1832/3603/887
f 1826/3615/872 1846/3616/900 1845/3608/897 1825/3607/888
f 1821/3617/879 1841/3618/901 1860/3612/898 1840/3611/889
f 1834/3619/874 1854/3620/902 1853/3621/899 1833/3622/890
f 1827/3623/871 1847/3624/903 1846/3616/900 1826/3615/872
f 1835/3625/873 1855/3626/904 1854/3620/902 1834/3619/874
f 1828/3627/875 1848/3628/905 1847/3624/903 1827/3623/871
f 1836/3629/876 1856/3630/906 1855/3626/904 1835/3625/873
f 1829/3631/877 1849/3632/907 1848/3633/905 1828/3634/875
f 1822/3635/878 1842/3636/908 1841/3618/901 1821/3617/879
f 1837/3637/880 1857/3638/909 1856/3630/906 1836/3629/876
f 1830/3639/881 1850/3640/910 1849/3632/907 1829/3631/877
f 1823/3598/882 1843/3597/892 1842/3636/908 1822/3635/878
f 1838/3641/883 1858/3642/894 1857/3638/909 1837/3637/880
f 1831/3606/884 1851/3605/896 1850/3640/910 1830/3639/881
f 1856/3643/906 1876/3644/911 1875/3645/912 1855/3646/904
f 1849/3647/907 1869/3648/913 1868/3649/914 1848/3650/905
f 1842/3651/908 1862/3652/915 1861/3653/916 1841/3654/901
f 1857/3655/909 1877/3656/917 1876/3644/911 1856/3643/906
f 1850/3657/910 1870/3658/918 1869/3648/913 1849/3647/907
f 1843/3659/892 1863/3660/919 1862/3652/915 1842/3651/908
f 1858/3661/894 1878/3662/920 1877/3656/917 1857/3655/909
f 1851/3663/896 1871/3664/921 1870/3658/918 1850/3657/910
f 1844/3665/891 1864/3666/922 1863/3660/919 1843/3659/892
f 1859/3667/893 1879/3668/923 1878/3662/920 1858/3661/894
f 1852/3669/895 1872/3670/924 1871/3664/921 1851/3663/896
f 1845/3671/897 1865/3672/925 1864/3666/922 1844/3665/891
f 1860/3673/898 1880/3674/926 1879/3668/923 1859/3667/893
f 1853/3675/899 1873/3676/927 1872/3670/924 1852/3669/895
f 1846/3677/900 1866/3678/928 1865/3672/925 1845/3671/897
f 1841/3654/901 1861/3653/916 1880/3674/926 1860/3673/898
f 1854/3679/902 1874/3680/929 1873/3676/927 1853/3675/899
f 1847/3681/903 1867/3682/930 1866/3678/928 1846/3677/900
f 1855/3646/904 1875/3645/912 1874/3680/929 1854/3679/902
f 1848/3650/905 1868/3649/914 1867/3682/930 1847/3681/903
f 1880/3683/926 1900/3684/931 1899/3685/932 1879/3686/923
f 1873/3687/927 1893/3688/933 1892/3689/934 1872/3690/924
f 1866/3691/928 1886/3692/935 1885/3693/936 1865/3694/925
f 1861/3695/916 1881/3696/937 1900/3684/931 1880/3683/926
f 1874/3697/929 1894/3698/938 1893/3688/933 1873/3687/927
f 1867/3699/930 1887/3700/939 1886/3692/935 1866/3691/928
f 1875/3701/912 1895/3702/940 1894/3698/938 1874/3697/929
f 1868/3703/914 1888/3704/941 1887/3700/939 1867/3699/930
f 1876/3705/911 1896/3706/942 1895/3702/940 1875/3701/912
f 1869/3707/913 1889/3708/943 1888/3709/941 1868/3710/914
f 1862/3711/915 1882/3712/944 1881/3696/937 1861/3695/916
f 1877/3713/917 1897/3714/945 1896/3706/942 1876/3705/911
f 1870/3715/918 1890/3716/946 1889/3708/943 1869/3707/913
f 1863/3717/919 1883/3718/947 1882/3712/944 1862/3711/915
f 1878/3719/920 1898/3720/948 1897/3714/945 1877/3713/917
f 1871/3721/921 1891/3722/949 1890/3716/946 1870/3715/918
f 1864/3723/922 1884/3724/950 1883/3718/947 1863/3717/919
f 1879/3686/923 1899/3685/932 1898/3725/948 1878/3726/920
f 1872/3727/924 1892/3728/934 1891/3722/949 1871/3721/921
f 1865/3694/925 1885/3693/936 1884/3729/950 1864/3730/922
f 1882/3731/944 1883/3732/947 1884/3733/950 1885/3734/936 1886/3735/935 1887/3736/939 1888/3737/941 1889/3738/943 1890/3739/946 1891/3740/949 1892/3741/934 1893/3742/933 1894/3743/938 1895/3744/940 1896/3745/942 1897/3746/945 1898/3747/948 1899/3748/932 1900/3749/931 1881/3750/937
o Circle.040_Circle.041
v 0.016950 0.501522 -0.887072
v -0.024881 0.573975 -0.887072
v -0.108542 0.573975 -0.887072
v -0.150373 0.501522 -0.887072
v -0.108542 0.429070 -0.887072
v -0.024881 0.429070 -0.887072
v 0.016950 0.501522 -0.862161
v -0.024881 0.573975 -0.862161
v -0.108542 0.573975 -0.862161
v -0.150373 0.501522 -0.862161
v -0.108542 0.429070 -0.862161
v -0.024881 0.429070 -0.862161
v 0.016950 0.501522 -0.839002
v -0.024881 0.573975 -0.839002
v -0.108542 0.573975 -0.839002
v -0.150373 0.501522 -0.839002
v -0.108542 0.429070 -0.839002
v -0.024881 0.429070 -0.839002
v 0.016950 0.501522 -0.839002
v -0.024881 0.573975 -0.839002
v -0.108542 0.573975 -0.839002
v -0.150373 0.501522 -0.839002
v -0.108542 0.429070 -0.839002
v -0.024881 0.429070 -0.839002
v 0.016950 0.501522 0.839007
v -0.024881 0.573975 0.839007
v -0.108542 0.573975 0.839007
v -0.150373 0.501522 0.839007
v -0.108542 0.429070 0.839007
v -0.024881 0.429070 0.839007
v 0.016950 0.501522 0.863918
v -0.024881 0.573975 0.863918
v -0.108542 0.573975 0.863918
v -0.150373 0.501522 0.863918
v -0.108542 0.429070 0.863918
v -0.024881 0.429070 0.863918
v 0.016950 0.501522 0.887077
v -0.024881 0.573975 0.887077
v -0.108542 0.573975 0.887077
v -0.150373 0.501522 0.887077
v -0.108542 0.429070 0.887077
v -0.024881 0.429070 0.887077
v 0.016950 0.501522 0.887077
v -0.024881 0.573975 0.887077
v -0.108542 0.573975 0.887077
v -0.150373 0.501522 0.887077
v -0.108542 0.429070 0.887077
v -0.024881 0.429070 0.887077
v -1.097456 0.501522 -0.041388
v -1.097675 0.573975 0.000442
v -1.098115 0.573975 0.084102
v -1.098334 0.501522 0.125932
v -1.098115 0.429070 0.084102
v -1.097675 0.429070 0.000442
v -1.072545 0.501522 -0.041257
v -1.072765 0.573975 0.000573
v -1.073204 0.573975 0.084233
v -1.073424 0.501522 0.126063
v -1.073204 0.429070 0.084233
v -1.072765 0.429070 0.000573
v -1.049387 0.501522 -0.041136
v -1.049606 0.573975 0.000694
v -1.050046 0.573975 0.084354
v -1.050266 0.501522 0.126184
v -1.050046 0.429070 0.084354
v -1.049606 0.429070 0.000695
v -1.049387 0.501522 -0.041136
v -1.049606 0.573975 0.000694
v -1.050046 0.573975 0.084354
v -1.050266 0.501522 0.126184
v -1.050046 0.429070 0.084354
v -1.049606 0.429070 0.000695
v 0.895715 0.501522 -0.041304
v 0.895612 0.573975 0.000526
v 0.895407 0.573975 0.084187
v 0.895305 0.501522 0.126018
v 0.895407 0.429070 0.084187
v 0.895612 0.429070 0.000526
v 0.920625 0.501522 -0.041243
v 0.920523 0.573975 0.000587
v 0.920318 0.573975 0.084248
v 0.920215 0.501522 0.126079
v 0.920318 0.429070 0.084248
v 0.920523 0.429070 0.000587
v 0.943784 0.501522 -0.041187
v 0.943681 0.573975 0.000644
v 0.943476 0.573975 0.084305
v 0.943374 0.501522 0.126135
v 0.943476 0.429070 0.084305
v 0.943681 0.429070 0.000644
v 0.943784 0.501522 -0.041187
v 0.943681 0.573975 0.000644
v 0.943476 0.573975 0.084305
v 0.943374 0.501522 0.126135
v 0.943476 0.429070 0.084305
v 0.943681 0.429070 0.000644
vt 0.791952 0.961885
vt 0.782351 0.967579
vt 0.782351 0.978968
vt 0.791952 0.984662
vt 0.801552 0.978968
vt 0.801552 0.967579
vt 0.908213 0.935914
vt 0.908213 0.930220
vt 0.905144 0.930220
vt 0.905144 0.935914
vt 0.899236 0.942948
vt 0.899236 0.937253
vt 0.895935 0.937253
vt 0.895935 0.942948
vt 0.911514 0.935914
vt 0.911514 0.930220
vt 0.911514 0.952997
vt 0.911514 0.947302
vt 0.908213 0.947302
vt 0.908213 0.952997
vt 0.899236 0.925865
vt 0.895935 0.925865
vt 0.899236 0.920171
vt 0.895935 0.920171
vt 0.905144 0.947302
vt 0.905144 0.952997
vt 0.892866 0.925865
vt 0.892866 0.937253
vt 0.892866 0.920171
vt 0.892866 0.942948
vt 0.000000 0.000000
vt 0.000000 0.000000
vt 0.000000 0.000000
vt 0.000000 0.000000
vt 0.854468 0.884977
vt 0.844867 0.890671
vt 0.844867 0.902059
vt 0.854468 0.907753
vt 0.864069 0.902059
vt 0.864069 0.890671
vt 0.000000 0.000000
vt 0.000000 0.000000
vt 0.000000 0.000000
vt 0.000000 0.000000
vt 0.000000 0.000000
vt 0.000000 0.000000
vt 0.000000 0.000000
vt 0.000000 0.000000
vt 0.791952 0.961885
vt 0.782351 0.967579
vt 0.782351 0.978968
vt 0.791952 0.984662
vt 0.801552 0.978968
vt 0.801552 0.967579
vt 0.908213 0.935914
vt 0.908213 0.930220
vt 0.905144 0.930220
vt 0.905144 0.935914
vt 0.899236 0.942948
vt 0.899236 0.937253
vt 0.895935 0.937253
vt 0.895935 0.942948
vt 0.911514 0.935914
vt 0.911514 0.930220
vt 0.911514 0.952997
vt 0.911514 0.947302
vt 0.908213 0.947302
vt 0.908213 0.952997
vt 0.899236 0.925865
vt 0.895935 0.925865
vt 0.899236 0.920171
vt 0.895935 0.920171
vt 0.905144 0.947302
vt 0.905144 0.952997
vt 0.892866 0.925865
vt 0.892866 0.937253
vt 0.892866 0.920171
vt 0.892866 0.942948
vt 0.000000 0.000000
vt 0.000000 0.000000
vt 0.000000 0.000000
vt 0.000000 0.000000
vt 0.854468 0.884977
vt 0.844867 0.890671
vt 0.844867 0.902059
vt 0.854468 0.907753
vt 0.864069 0.902059
vt 0.864069 0.890671
vt 0.000000 0.000000
vt 0.000000 0.000000
vt 0.000000 0.000000
vt 0.000000 0.000000
vt 0.000000 0.000000
vt 0.000000 0.000000
vt 0.000000 0.000000
vt 0.000000 0.000000
vt 0.791952 0.961885
vt 0.782351 0.967579
vt 0.782351 0.978968
vt 0.791952 0.984662
vt 0.801552 0.978968
vt 0.801552 0.967579
vt 0.908213 0.935914
vt 0.908213 0.930220
vt 0.905144 0.930220
vt 0.905144 0.935914
vt 0.899236 0.942948
vt 0.899236 0.937253
vt 0.895935 0.937253
vt 0.895935 0.942948
vt 0.911514 0.935914
vt 0.911514 0.930220
vt 0.911514 0.952997
vt 0.911514 0.947302
vt 0.908213 0.947302
vt 0.908213 0.952997
vt 0.899236 0.925865
vt 0.895935 0.925865
vt 0.899236 0.920171
vt 0.895935 0.920171
vt 0.905144 0.947302
vt 0.905144 0.952997
vt 0.892866 0.925865
vt 0.892866 0.937253
vt 0.892866 0.920171
vt 0.892866 0.942948
vt 0.000000 0.000000
vt 0.000000 0.000000
vt 0.000000 0.000000
vt 0.000000 0.000000
vt 0.854468 0.884977
vt 0.844867 0.890671
vt 0.844867 0.902059
vt 0.854468 0.907753
vt 0.864069 0.902059
vt 0.864069 0.890671
vt 0.000000 0.000000
vt 0.000000 0.000000
vt 0.000000 0.000000
vt 0.000000 0.000000
vt 0.000000 0.000000
vt 0.000000 0.000000
vt 0.000000 0.000000
vt 0.000000 0.000000
vt 0.791952 0.961885
vt 0.782351 0.967579
vt 0.782351 0.978968
vt 0.791952 0.984662
vt 0.801552 0.978968
vt 0.801552 0.967579
vt 0.908213 0.935914
vt 0.908213 0.930220
vt 0.905144 0.930220
vt 0.905144 0.935914
vt 0.899236 0.942948
vt 0.899236 0.937253
vt 0.895935 0.937253
vt 0.895935 0.942948
vt 0.911514 0.935914
vt 0.911514 0.930220
vt 0.911514 0.952997
vt 0.911514 0.947302
vt 0.908213 0.947302
vt 0.908213 0.952997
vt 0.899236 0.925865
vt 0.895935 0.925865
vt 0.899236 0.920171
vt 0.895935 0.920171
vt 0.905144 0.947302
vt 0.905144 0.952997
vt 0.892866 0.925865
vt 0.892866 0.937253
vt 0.892866 0.920171
vt 0.892866 0.942948
vt 0.000000 0.000000
vt 0.000000 0.000000
vt 0.000000 0.000000
vt 0.000000 0.000000
vt 0.854468 0.884977
vt 0.844867 0.890671
vt 0.844867 0.902059
vt 0.854468 0.907753
vt 0.864069 0.902059
vt 0.864069 0.890671
vt 0.000000 0.000000
vt 0.000000 0.000000
vt 0.000000 0.000000
vt 0.000000 0.000000
vt 0.000000 0.000000
vt 0.000000 0.000000
vt 0.000000 0.000000
vt 0.000000 0.000000
vn 0.0000 0.0000 -1.0000
vn 0.8660 -0.5000 0.0000
vn 0.8660 0.5000 0.0000
vn -0.8660 -0.5000 0.0000
vn 0.0000 1.0000 0.0000
vn 0.0000 -1.0000 0.0000
vn -0.8660 0.5000 0.0000
vn 0.0000 0.0000 1.0000
vn -1.0000 -0.0000 -0.0053
vn 0.0046 -0.5000 -0.8660
vn 0.0045 0.5000 -0.8660
vn 0.0045 -0.5000 -0.8660
vn -0.0045 -0.5000 0.8660
vn -0.0045 0.5000 0.8660
vn 0.0046 0.5000 -0.8660
vn 1.0000 0.0000 0.0053
vn -1.0000 0.0000 -0.0024
vn 0.0021 -0.5000 -0.8660
vn 0.0021 0.5000 -0.8660
vn -0.0021 -0.5000 0.8660
vn -0.0021 0.5000 0.8660
vn 1.0000 0.0000 0.0024
usemtl 3
s off
f 1902/3751/951 1901/3752/951 1906/3753/951 1905/3754/951 1904/3755/951 1903/3756/951
f 1912/3757/952 1907/3758/952 1913/3759/952 1918/3760/952
f 1901/3761/953 1902/3762/953 1908/3763/953 1907/3764/953
f 1906/3765/952 1901/3766/952 1907/3758/952 1912/3757/952
f 1904/3767/954 1905/3768/954 1911/3769/954 1910/3770/954
f 1902/3762/955 1903/3771/955 1909/3772/955 1908/3763/955
f 1905/3768/956 1906/3765/956 1912/3757/956 1911/3769/956
f 1903/3771/957 1904/3773/957 1910/3774/957 1909/3772/957
f 1910/3770/954 1911/3769/954 1917/3775/954 1916/3776/954
f 1908/3763/955 1909/3772/955 1915/3777/955 1914/3778/955
f 1911/3769/956 1912/3757/956 1918/3760/956 1917/3775/956
f 1909/3772/957 1910/3774/957 1916/3779/957 1915/3777/957
f 1907/3764/953 1908/3763/953 1914/3778/953 1913/3780/953
f 1914/3781/958 1920/3782/958 1919/3783/958 1913/3784/958
f 1920/3785/958 1921/3786/958 1922/3787/958 1923/3788/958 1924/3789/958 1919/3790/958
f 1915/3791/958 1921/3792/958 1920/3782/958 1914/3781/958
f 1916/3793/958 1922/3794/958 1921/3792/958 1915/3791/958
f 1917/3795/958 1923/3796/958 1922/3794/958 1916/3793/958
f 1918/3797/958 1924/3798/958 1923/3796/958 1917/3795/958
f 1913/3784/958 1919/3783/958 1924/3798/958 1918/3797/958
f 1926/3799/951 1925/3800/951 1930/3801/951 1929/3802/951 1928/3803/951 1927/3804/951
f 1936/3805/952 1931/3806/952 1937/3807/952 1942/3808/952
f 1925/3809/953 1926/3810/953 1932/3811/953 1931/3812/953
f 1930/3813/952 1925/3814/952 1931/3806/952 1936/3805/952
f 1928/3815/954 1929/3816/954 1935/3817/954 1934/3818/954
f 1926/3810/955 1927/3819/955 1933/3820/955 1932/3811/955
f 1929/3816/956 1930/3813/956 1936/3805/956 1935/3817/956
f 1927/3819/957 1928/3821/957 1934/3822/957 1933/3820/957
f 1934/3818/954 1935/3817/954 1941/3823/954 1940/3824/954
f 1932/3811/955 1933/3820/955 1939/3825/955 1938/3826/955
f 1935/3817/956 1936/3805/956 1942/3808/956 1941/3823/956
f 1933/3820/957 1934/3822/957 1940/3827/957 1939/3825/957
f 1931/3812/953 1932/3811/953 1938/3826/953 1937/3828/953
f 1938/3829/958 1944/3830/958 1943/3831/958 1937/3832/958
f 1944/3833/958 1945/3834/958 1946/3835/958 1947/3836/958 1948/3837/958 1943/3838/958
f 1939/3839/958 1945/3840/958 1944/3830/958 1938/3829/958
f 1940/3841/958 1946/3842/958 1945/3840/958 1939/3839/958
f 1941/3843/958 1947/3844/958 1946/3842/958 1940/3841/958
f 1942/3845/958 1948/3846/958 1947/3844/958 1941/3843/958
f 1937/3832/958 1943/3831/958 1948/3846/958 1942/3845/958
f 1950/3847/959 1949/3848/959 1954/3849/959 1953/3850/959 1952/3851/959 1951/3852/959
f 1960/3853/960 1955/3854/960 1961/3855/960 1966/3856/960
f 1949/3857/961 1950/3858/961 1956/3859/961 1955/3860/961
f 1954/3861/962 1949/3862/962 1955/3854/962 1960/3853/962
f 1952/3863/963 1953/3864/963 1959/3865/963 1958/3866/963
f 1950/3858/955 1951/3867/955 1957/3868/955 1956/3859/955
f 1953/3864/956 1954/3861/956 1960/3853/956 1959/3865/956
f 1951/3867/964 1952/3869/964 1958/3870/964 1957/3868/964
f 1958/3866/963 1959/3865/963 1965/3871/963 1964/3872/963
f 1956/3859/955 1957/3868/955 1963/3873/955 1962/3874/955
f 1959/3865/956 1960/3853/956 1966/3856/956 1965/3871/956
f 1957/3868/964 1958/3870/964 1964/3875/964 1963/3873/964
f 1955/3860/965 1956/3859/965 1962/3874/965 1961/3876/965
f 1962/3877/958 1968/3878/958 1967/3879/958 1961/3880/958
f 1968/3881/966 1969/3882/966 1970/3883/966 1971/3884/966 1972/3885/966 1967/3886/966
f 1963/3887/958 1969/3888/958 1968/3878/958 1962/3877/958
f 1964/3889/958 1970/3890/958 1969/3888/958 1963/3887/958
f 1965/3891/958 1971/3892/958 1970/3890/958 1964/3889/958
f 1966/3893/958 1972/3894/958 1971/3892/958 1965/3891/958
f 1961/3880/958 1967/3879/958 1972/3894/958 1966/3893/958
f 1974/3895/967 1973/3896/967 1978/3897/967 1977/3898/967 1976/3899/967 1975/3900/967
f 1984/3901/968 1979/3902/968 1985/3903/968 1990/3904/968
f 1973/3905/969 1974/3906/969 1980/3907/969 1979/3908/969
f 1978/3909/968 1973/3910/968 1979/3902/968 1984/3901/968
f 1976/3911/970 1977/3912/970 1983/3913/970 1982/3914/970
f 1974/3906/955 1975/3915/955 1981/3916/955 1980/3907/955
f 1977/3912/956 1978/3909/956 1984/3901/956 1983/3913/956
f 1975/3915/971 1976/3917/971 1982/3918/971 1981/3916/971
f 1982/3914/970 1983/3913/970 1989/3919/970 1988/3920/970
f 1980/3907/955 1981/3916/955 1987/3921/955 1986/3922/955
f 1983/3913/956 1984/3901/956 1990/3904/956 1989/3919/956
f 1981/3916/971 1982/3918/971 1988/3923/971 1987/3921/971
f 1979/3908/969 1980/3907/969 1986/3922/969 1985/3924/969
f 1986/3925/958 1992/3926/958 1991/3927/958 1985/3928/958
f 1992/3929/972 1993/3930/972 1994/3931/972 1995/3932/972 1996/3933/972 1991/3934/972
f 1987/3935/958 1993/3936/958 1992/3926/958 1986/3925/958
f 1988/3937/958 1994/3938/958 1993/3936/958 1987/3935/958
f 1989/3939/958 1995/3940/958 1994/3938/958 1988/3937/958
f 1990/3941/958 1996/3942/958 1995/3940/958 1989/3939/958
f 1985/3928/958 1991/3927/958 1996/3942/958 1990/3941/958
