# Blender 5.0.1
# www.blender.org
mtllib Shiba.mtl
o dog
v 0.000000 0.573539 0.427946
v 0.006902 0.571949 0.427000
v 0.006620 0.569673 0.438961
v 0.017312 0.555632 0.443706
v 0.016357 0.559881 0.444520
v 0.000000 0.568888 0.448009
v 0.000000 0.570948 0.440275
v 0.006620 0.567629 0.446682
v 0.016751 0.561497 0.437044
v 0.017550 0.562119 0.425664
v 0.029056 0.580006 0.364331
v 0.022733 0.577147 0.367808
v 0.018871 0.570308 0.371273
v 0.023385 0.566253 0.372415
v 0.033312 0.564388 0.366424
v 0.039169 0.568053 0.358502
v 0.036390 0.577014 0.358099
v 0.038714 0.573077 0.353776
v 0.036564 0.568945 0.359062
v 0.032146 0.566157 0.364345
v 0.023172 0.567436 0.368259
v 0.042003 0.573313 0.352460
v 0.038777 0.578253 0.358013
v 0.016377 0.570057 0.377011
v 0.021331 0.578434 0.372848
v 0.029662 0.582847 0.367045
v 0.045633 0.572143 0.350109
v 0.041530 0.583935 0.356310
v 0.015310 0.582806 0.375534
v 0.030264 0.587788 0.367389
v 0.000000 0.575786 0.402870
v 0.007001 0.574411 0.402145
v 0.019234 0.564107 0.397353
v 0.013960 0.520128 0.431132
v 0.019693 0.519144 0.424600
v 0.025059 0.515955 0.399462
v 0.031558 0.549327 0.393047
v 0.023745 0.548199 0.424554
v 0.022344 0.548291 0.434015
v 0.024733 0.557652 0.394399
v 0.020654 0.555816 0.425207
v 0.019924 0.556600 0.437101
v 0.018107 0.566273 0.386869
v 0.025234 0.560217 0.381846
v 0.000000 0.583560 0.379172
v 0.006222 0.583520 0.379264
v 0.000000 0.593214 0.373973
v 0.008014 0.593592 0.373052
v 0.000000 0.605202 0.359723
v 0.010339 0.603400 0.359107
v 0.000000 0.615005 0.311653
v 0.013909 0.616175 0.311607
v 0.023792 0.538285 0.424947
v 0.022011 0.538617 0.434261
v 0.032079 0.535689 0.397636
v 0.038524 0.557501 0.370934
v 0.044809 0.563688 0.356106
v 0.007068 0.575992 0.391568
v 0.000000 0.580083 0.385237
v 0.012346 0.575785 0.380510
v 0.006594 0.579461 0.384735
v 0.000000 0.577422 0.392266
v 0.026936 0.514438 0.392237
v 0.033073 0.513649 0.380818
v 0.048411 0.499688 0.355074
v 0.037197 0.523740 0.383631
v 0.040372 0.534456 0.382501
v 0.042378 0.508436 0.369358
v 0.057702 0.516013 0.350845
v 0.058478 0.561263 0.343196
v 0.009443 0.552549 0.450176
v 0.007356 0.544861 0.446624
v 0.000000 0.546665 0.449428
v 0.000000 0.544115 0.446604
v 0.000000 0.528753 0.442651
v 0.000000 0.538236 0.446702
v 0.005065 0.527520 0.441775
v 0.007107 0.537694 0.448613
v 0.011881 0.555212 0.448458
v 0.014685 0.550638 0.441144
v 0.013032 0.527295 0.439869
v 0.017037 0.538277 0.442937
v 0.007575 0.541473 0.449211
v 0.000000 0.541549 0.447423
v 0.017121 0.544578 0.442842
v 0.003356 0.561382 0.454743
v 0.000000 0.566313 0.453016
v 0.012990 0.568227 0.426313
v 0.012598 0.566514 0.437986
v 0.012549 0.564494 0.445452
v 0.013253 0.570381 0.401019
v 0.013062 0.572245 0.389326
v 0.010849 0.559422 0.451746
v 0.015095 0.558250 0.449754
v 0.051179 0.571503 0.340172
v 0.042124 0.590841 0.350452
v 0.017159 0.593069 0.371615
v 0.025760 0.597552 0.363309
v 0.012018 0.611483 0.341839
v 0.000000 0.612506 0.342240
v 0.056662 0.578292 0.322721
v 0.043483 0.599519 0.332249
v 0.024004 0.610520 0.336754
v 0.063519 0.533394 0.346156
v 0.064254 0.548033 0.343833
v 0.010554 0.520501 0.432180
v 0.020991 0.518698 0.411978
v 0.024107 0.519188 0.399505
v 0.026197 0.518255 0.392592
v 0.000000 0.511973 0.435381
v 0.000000 0.505109 0.411035
v 0.000000 0.502461 0.395307
v 0.000000 0.502807 0.381840
v 0.025359 0.509313 0.383822
v 0.021410 0.508953 0.397393
v 0.018492 0.509106 0.411545
v 0.013956 0.513219 0.432641
v 0.013507 0.505649 0.396392
v 0.010596 0.505968 0.410857
v 0.006907 0.511999 0.434697
v 0.014498 0.503746 0.382249
v 0.000000 0.521218 0.439904
v 0.008359 0.519749 0.437734
v 0.023613 0.528505 0.424874
v 0.020952 0.530054 0.433936
v 0.030044 0.525514 0.398707
v 0.050366 0.533403 0.366511
v 0.000000 0.532713 0.445030
v 0.006508 0.531921 0.446307
v 0.016208 0.532083 0.442195
v 0.026693 0.514272 0.391290
v 0.017961 0.519139 0.425106
v 0.000000 0.508390 0.424740
v 0.016987 0.510571 0.424542
v 0.007969 0.508648 0.424741
v 0.000000 0.522435 0.436987
v 0.000000 0.513725 0.425317
v 0.000000 0.510402 0.399706
v 0.000000 0.512297 0.391756
v 0.000000 0.524257 0.413337
v 0.000000 0.523853 0.400463
v 0.000000 0.521135 0.392808
v 0.000000 0.514718 0.390099
v 0.000000 0.522961 0.426616
v 0.009648 0.514629 0.390100
v 0.009744 0.512290 0.391775
v 0.009525 0.521114 0.392812
v 0.008101 0.524257 0.413336
v 0.008996 0.523853 0.400465
v 0.007670 0.513686 0.425188
v 0.006968 0.521547 0.435625
v 0.009270 0.510401 0.399704
v 0.007012 0.522965 0.426584
v 0.018279 0.562971 0.412478
v 0.006963 0.573240 0.414333
v 0.000000 0.574736 0.415152
v 0.022582 0.517571 0.410794
v 0.026849 0.548199 0.411090
v 0.022713 0.556292 0.411603
v 0.028243 0.537202 0.411405
v 0.013152 0.569337 0.413469
v 0.027031 0.527253 0.411526
v 0.000000 0.511217 0.411181
v 0.008631 0.511216 0.411177
v 0.019019 0.524230 0.433185
v 0.021880 0.521526 0.424443
v 0.024732 0.519952 0.410692
v 0.027368 0.518267 0.399803
v 0.029416 0.516440 0.391742
v 0.019936 0.516733 0.425867
v 0.023116 0.516325 0.412499
v 0.026256 0.516818 0.399593
v 0.028416 0.516149 0.391753
v 0.014955 0.517796 0.436192
v 0.009074 0.517180 0.439585
v 0.000000 0.518506 0.441701
v 0.028795 0.513728 0.389124
v 0.006731 0.522505 0.436733
v 0.000000 0.521618 0.435842
v 0.046950 0.519304 0.368738
v 0.045887 0.598927 0.303216
v 0.031564 0.606768 0.306180
v 0.000000 0.605367 0.270654
v 0.014030 0.603285 0.268290
v 0.014273 0.611181 0.285837
v 0.029748 0.600253 0.266178
v 0.023844 0.607873 0.284029
v 0.000000 0.610376 0.285883
v 0.068045 0.554916 0.253798
v 0.050365 0.421550 0.330585
v 0.045413 0.444454 0.334916
v 0.083096 0.483256 0.262622
v 0.072175 0.496914 0.293217
v 0.070054 0.524670 0.255391
v 0.076679 0.529094 0.280343
v 0.062364 0.469021 0.310590
v 0.068458 0.445726 0.298794
v 0.000000 0.402654 0.361214
v 0.000000 0.420643 0.359991
v 0.028379 0.409624 0.345108
v 0.026161 0.428668 0.349564
v 0.011062 0.521919 0.435876
v 0.049947 0.642532 0.312508
v 0.048036 0.646212 0.305771
v 0.059882 0.641948 0.312135
v 0.062969 0.644911 0.304752
v 0.063451 0.574901 0.305346
v 0.068360 0.578476 0.279086
v 0.055940 0.649253 0.305902
v 0.055431 0.644962 0.312725
v 0.056394 0.590794 0.268479
v 0.000000 0.479843 0.366916
v 0.016422 0.484999 0.363309
v 0.000000 0.440224 0.364849
v 0.020582 0.447566 0.357922
v 0.040459 0.464344 0.345860
v 0.059614 0.483537 0.328881
v 0.078536 0.549977 0.278520
v 0.023325 0.611798 0.309799
v 0.048050 0.645747 0.313002
v 0.055954 0.648787 0.313133
v 0.062983 0.644445 0.311983
v 0.054863 0.644379 0.308897
v 0.055226 0.582373 0.303264
v 0.043543 0.600993 0.287945
v 0.053553 0.592949 0.282086
v 0.030457 0.608851 0.290935
v 0.049488 0.641999 0.308666
v 0.059196 0.641497 0.308206
v 0.000000 0.593566 0.246796
v 0.016103 0.590975 0.247109
v 0.000000 0.581183 0.234087
v 0.019236 0.578812 0.236687
v 0.000000 0.514951 0.187564
v 0.025960 0.512538 0.190707
v 0.000000 0.542070 0.203742
v 0.026057 0.538904 0.205119
v 0.026410 0.613944 0.284936
v 0.067109 0.588531 0.305679
v 0.052031 0.606895 0.272649
v 0.026207 0.616432 0.310305
v 0.068679 0.592712 0.280950
v 0.059531 0.594324 0.304478
v 0.033069 0.612644 0.307739
v 0.045427 0.609953 0.291950
v 0.058058 0.601510 0.288460
v 0.032290 0.614062 0.295820
v 0.028981 0.594287 0.253368
v 0.049650 0.558195 0.234633
v 0.052014 0.529917 0.223584
v 0.071424 0.564742 0.301590
v 0.067419 0.511282 0.333529
v 0.080347 0.530642 0.303920
v 0.077797 0.552281 0.301075
v 0.033925 0.489460 0.359806
v 0.000000 0.490655 0.374426
v 0.015673 0.492592 0.372736
v 0.030401 0.499770 0.371346
v 0.044805 0.599642 0.317801
v 0.054240 0.586188 0.313119
v 0.034008 0.605633 0.319486
v 0.074709 0.567086 0.277801
v 0.063746 0.578123 0.259485
v 0.042592 0.580921 0.247667
v 0.047369 0.592060 0.261264
v 0.072904 0.504657 0.315296
v 0.074576 0.533482 0.324082
v 0.073711 0.548732 0.323964
v 0.070625 0.562379 0.323878
v 0.000000 0.464988 0.366744
v 0.015876 0.467490 0.362234
v 0.036353 0.477501 0.352664
v 0.053500 0.490787 0.343714
v 0.040432 0.543866 0.378923
v 0.048448 0.547141 0.363079
v 0.023022 0.561702 0.221868
v 0.000000 0.566194 0.220620
v 0.084613 0.284687 0.297482
v 0.080365 0.295380 -0.266559
v 0.070419 0.435744 -0.159601
v 0.000000 0.323084 -0.226294
v 0.000000 0.460517 -0.174686
v 0.000000 0.258058 0.297041
v 0.108435 0.285988 -0.234805
v 0.092284 0.385623 0.293343
v 0.000000 0.351969 0.349632
v 0.066684 0.268573 0.051184
v 0.081282 0.417340 0.042148
v 0.000000 0.464085 0.048157
v 0.000000 0.230359 0.059907
v 0.100339 0.366574 0.046698
v 0.000000 0.225303 0.231946
v 0.107526 0.402418 0.220808
v 0.081135 0.434496 -0.102038
v 0.000000 0.468266 -0.118797
v 0.000000 0.288148 -0.179213
v 0.123774 0.276859 -0.184395
v 0.073615 0.423898 -0.040608
v 0.000000 0.468565 -0.050401
v 0.000000 0.256335 -0.081462
v 0.106903 0.260364 -0.138634
v 0.062130 0.294834 -0.064788
v 0.010270 0.439708 -0.197419
v 0.023582 0.257989 0.293084
v 0.042393 0.284367 -0.232282
v 0.031200 0.359251 0.339491
v 0.042706 0.418407 -0.213784
v 0.039312 0.449735 0.044918
v 0.034864 0.244251 0.055127
v 0.014502 0.229024 0.229492
v 0.035429 0.277123 -0.191540
v 0.039159 0.459242 -0.114096
v 0.044041 0.257441 -0.130429
v 0.034839 0.456836 -0.047799
v 0.069727 0.260422 0.148821
v 0.082535 0.421339 0.107660
v 0.000000 0.469310 0.097923
v 0.000000 0.222589 0.115515
v 0.108149 0.381436 0.142486
v 0.029483 0.233729 0.111092
v 0.042034 0.456183 0.093017
v 0.105803 0.240927 0.264131
v 0.080399 0.226213 0.273902
v 0.050333 0.218458 0.263104
v 0.116698 0.244789 0.217705
v 0.104552 0.245142 0.181351
v 0.035812 0.215219 0.223021
v 0.045955 0.214482 0.183724
v 0.073631 0.223116 0.172611
v 0.120538 0.322544 0.222137
v 0.107657 0.312512 0.284317
v 0.103379 0.311878 0.151247
v 0.090240 0.072745 0.222241
v 0.074615 0.073497 0.230547
v 0.058150 0.072566 0.224497
v 0.095871 0.070751 0.204445
v 0.088210 0.070354 0.187939
v 0.052554 0.070325 0.207635
v 0.056120 0.069658 0.187612
v 0.070400 0.074096 0.182827
v 0.098821 0.170352 0.234496
v 0.070752 0.169909 0.169928
v 0.093988 0.170985 0.180754
v 0.048702 0.169047 0.184685
v 0.040756 0.168341 0.217224
v 0.104800 0.171082 0.211664
v 0.049878 0.168253 0.238371
v 0.074481 0.140246 0.236383
v 0.090253 0.152649 0.185543
v 0.053339 0.151335 0.188183
v 0.099066 0.152879 0.208345
v 0.055675 0.151719 0.233183
v 0.092589 0.153033 0.230542
v 0.071313 0.151920 0.178270
v 0.046862 0.151020 0.212079
v 0.082902 0.403429 -0.214156
v 0.070710 0.372399 -0.244895
v 0.104686 0.397387 -0.141395
v 0.093741 0.376388 -0.030415
v 0.076076 0.254942 -0.115879
v 0.018609 0.319477 -0.232070
v 0.023700 0.253686 -0.027456
v 0.012006 0.291696 -0.177679
v 0.078652 0.184673 -0.244498
v 0.099673 0.182995 -0.232927
v 0.111615 0.172967 -0.207331
v 0.090549 0.175269 -0.167686
v 0.062898 0.182130 -0.238335
v 0.044420 0.174403 -0.211309
v 0.066877 0.173610 -0.165795
v 0.077312 0.169298 -0.167967
v 0.102400 0.345605 -0.226746
v 0.066768 0.337954 -0.260329
v 0.121431 0.340771 -0.167101
v 0.101079 0.326801 -0.081092
v 0.070388 0.286963 -0.082139
v 0.033115 0.307926 -0.232203
v 0.037078 0.262485 -0.098014
v 0.027530 0.289293 -0.181219
v 0.087493 0.312451 0.049907
v 0.000000 0.282974 0.327421
v 0.026412 0.286448 0.317478
v 0.082678 0.327474 -0.021142
v 0.090550 0.312829 0.112160
v 0.069897 0.266905 0.106910
v 0.018993 0.261911 -0.077187
v 0.000000 0.246085 -0.029527
v 0.064164 0.285254 -0.022698
v 0.086911 0.335076 -0.063134
v 0.116515 0.371751 0.224889
v 0.115091 0.352208 0.162796
v 0.101424 0.353124 0.285363
v 0.000000 0.315516 0.339426
v 0.029089 0.324840 0.331462
v 0.086819 0.113888 -0.272387
v 0.078135 0.125925 -0.278640
v 0.072524 0.110500 -0.221724
v 0.101276 0.117844 -0.248883
v 0.046829 0.119014 -0.250127
v 0.093720 0.124853 -0.269009
v 0.094242 0.113970 -0.229367
v 0.056599 0.122116 -0.265043
v 0.053564 0.111549 -0.226938
v 0.000000 0.359491 -0.239541
v 0.000000 0.409754 -0.223572
v 0.013730 0.413739 -0.219293
v 0.049509 0.241708 0.274379
v 0.033813 0.228430 0.225326
v 0.106827 0.276217 0.279518
v 0.083395 0.257027 0.287156
v 0.069664 0.243692 0.164567
v 0.040789 0.226079 0.177137
v 0.120639 0.284671 0.219753
v 0.107556 0.289631 0.167398
v 0.019461 0.238218 0.269158
v 0.000000 0.242060 0.269527
v 0.000000 0.217068 0.171391
v 0.020307 0.224848 0.167902
v 0.061740 0.368461 0.319730
v 0.061925 0.501264 0.213313
v 0.094037 0.444638 0.242355
v 0.000000 0.377312 0.355423
v 0.029815 0.384466 0.341929
v 0.057102 0.397106 0.323461
v 0.079643 0.412347 0.294209
v 0.000000 0.495387 0.164845
v 0.038986 0.491970 0.170014
v 0.077600 0.478430 0.196960
v 0.086122 0.445560 0.170664
v 0.044055 0.469260 0.139299
v 0.000000 0.481669 0.136927
v 0.015969 0.555186 0.447804
v 0.006576 0.547923 0.449979
v 0.000000 0.550475 0.451901
v 0.006068 0.565728 0.451923
v 0.000000 0.561646 0.455332
v 0.012198 0.562936 0.451185
v 0.011899 0.556327 0.450438
v 0.008237 0.561007 0.453324
v 0.003710 0.550487 0.451732
v 0.005976 0.553277 0.451547
v 0.005724 0.560125 0.453687
v 0.005212 0.556151 0.453001
v 0.002420 0.555462 0.453647
v 0.000000 0.555680 0.454378
v 0.012561 0.555279 0.447478
v 0.007894 0.553175 0.447874
v 0.010624 0.558577 0.449189
v 0.008244 0.560548 0.450488
v 0.011792 0.556244 0.447805
v 0.005237 0.556284 0.450191
v 0.005495 0.559388 0.450905
v 0.005842 0.554080 0.448478
v 0.008754 0.556750 0.448870
v 0.025897 0.359883 -0.252554
v 0.092087 0.376975 -0.071862
v 0.101229 0.373095 -0.094078
v 0.077895 0.188074 -0.148507
v 0.056450 0.193394 -0.155444
v 0.041656 0.208166 -0.206049
v 0.059063 0.216017 -0.237290
v 0.099196 0.191940 -0.159416
v 0.116031 0.205887 -0.197014
v 0.101801 0.216573 -0.234017
v 0.079916 0.221866 -0.251067
v 0.061904 0.161064 -0.247473
v 0.078297 0.163617 -0.252889
v 0.054851 0.146724 -0.196961
v 0.046458 0.155507 -0.222777
v 0.098634 0.149531 -0.199678
v 0.106593 0.154105 -0.220068
v 0.097553 0.161817 -0.242536
v 0.075152 0.144036 -0.192001
v 0.078251 0.220817 -0.134251
v 0.038162 0.240600 -0.198624
v 0.092966 0.213201 -0.146034
v 0.104712 0.247405 -0.234083
v 0.066180 0.214143 -0.140716
v 0.052378 0.246686 -0.234654
v 0.118618 0.239008 -0.190295
v 0.080849 0.254073 -0.258624
v 0.046046 0.198225 -0.172885
v 0.055627 0.163221 -0.182121
v 0.100733 0.166066 -0.185102
v 0.076278 0.156539 -0.182115
v 0.047943 0.227727 -0.144032
v 0.112870 0.196865 -0.173569
v 0.106229 0.229713 -0.149319
v 0.077976 0.238780 -0.129627
v 0.097096 0.102179 -0.253882
v 0.090944 0.098228 -0.238697
v 0.072035 0.094471 -0.232105
v 0.049650 0.102790 -0.254433
v 0.055508 0.095315 -0.236646
v 0.076813 0.103050 -0.275963
v 0.066245 0.113389 -0.274526
v 0.092516 0.067838 -0.261346
v 0.071855 0.067084 -0.241838
v 0.053016 0.067696 -0.261147
v 0.075360 0.068380 -0.280667
v 0.086791 0.068701 -0.275024
v 0.087494 0.067981 -0.247720
v 0.058070 0.067034 -0.245667
v 0.062813 0.067805 -0.277465
v 0.078099 0.143307 -0.262772
v 0.046905 0.134675 -0.238053
v 0.096130 0.129582 -0.217742
v 0.090013 0.134342 -0.264725
v 0.065913 0.133838 -0.267421
v 0.054082 0.126973 -0.215205
v 0.103213 0.133390 -0.236259
v 0.073667 0.125660 -0.209441
v 0.053176 0.266541 0.292372
v 0.056043 0.327268 0.316380
v 0.086646 0.337072 0.305340
v 0.048427 0.289386 0.306852
v 0.070233 0.319895 0.315797
v 0.101061 0.214883 0.247589
v 0.073229 0.205995 0.174401
v 0.041708 0.201929 0.220168
v 0.079301 0.209824 0.260939
v 0.096907 0.211450 0.184194
v 0.050450 0.201961 0.185299
v 0.107686 0.211682 0.215058
v 0.054495 0.205998 0.251145
v 0.075275 0.193370 0.255282
v 0.095517 0.188043 0.183993
v 0.050754 0.182832 0.186338
v 0.105392 0.188192 0.213675
v 0.055367 0.183366 0.245886
v 0.096101 0.187896 0.243589
v 0.071135 0.185030 0.174538
v 0.043076 0.182485 0.218566
v 0.092805 0.039941 0.232071
v 0.074587 0.048267 0.235070
v 0.055481 0.041193 0.233350
v 0.099355 0.030268 0.219527
v 0.090444 0.034547 0.204514
v 0.049617 0.032726 0.222044
v 0.053119 0.034193 0.206268
v 0.071293 0.034389 0.199677
v 0.074457 0.086698 0.229524
v 0.086900 0.083249 0.190712
v 0.057528 0.082900 0.192784
v 0.093912 0.084784 0.205286
v 0.059386 0.085903 0.223935
v 0.088758 0.086252 0.221863
v 0.071829 0.082454 0.185122
v 0.052374 0.084290 0.208217
v 0.074394 0.060838 0.232121
v 0.059751 0.059668 0.227264
v 0.086483 0.055604 0.195823
v 0.093297 0.056822 0.211080
v 0.070745 0.050170 0.193609
v 0.057049 0.055737 0.197696
v 0.049615 0.058100 0.213692
v 0.088289 0.059660 0.225417
v 0.116528 0.319930 0.174297
v 0.082932 0.013914 0.208419
v 0.060746 0.013608 0.209450
v 0.071608 0.013423 0.205628
v 0.094401 0.009370 0.215512
v 0.050011 0.010767 0.218965
v 0.070961 0.006314 0.218524
v 0.086518 0.036524 0.238171
v 0.074221 0.037844 0.243447
v 0.062382 0.036921 0.240567
v 0.072660 -0.002550 0.235018
v 0.057657 -0.000731 0.235394
v 0.088806 0.000114 0.232182
v 0.106247 0.011822 0.243209
v 0.103703 0.023727 0.248274
v 0.042875 0.011721 0.247030
v 0.048467 0.024057 0.249291
v 0.099883 -0.001001 0.242516
v 0.045808 -0.000629 0.245590
v 0.057541 0.012510 0.249306
v 0.058992 -0.001003 0.248829
v 0.089262 -0.000893 0.246138
v 0.091316 0.027077 0.254702
v 0.075733 0.029019 0.255885
v 0.060659 0.027264 0.256154
v 0.090336 0.012503 0.247557
v 0.073415 -0.001444 0.249327
v 0.074417 0.011450 0.250915
v 0.043386 0.005911 0.262821
v 0.047171 0.018480 0.262322
v 0.046720 -0.001365 0.257076
v 0.057701 0.007708 0.263539
v 0.058992 -0.001312 0.257942
v 0.055652 0.019583 0.262874
v 0.104037 0.005858 0.259191
v 0.103561 0.018768 0.259389
v 0.100528 -0.001470 0.253964
v 0.090263 -0.001467 0.255705
v 0.091452 0.007111 0.260318
v 0.094662 0.018844 0.261068
v 0.090308 0.019745 0.270147
v 0.076049 0.019484 0.272030
v 0.090336 0.008045 0.268641
v 0.089984 -0.001437 0.262686
v 0.074463 -0.001392 0.263045
v 0.074417 0.007588 0.269809
v 0.060039 0.019960 0.269757
v 0.073851 0.019958 0.270282
v 0.057541 0.008048 0.269260
v 0.073415 -0.001322 0.263779
v 0.058992 -0.001356 0.263873
v 0.074417 0.007588 0.269457
v 0.022752 0.575771 0.366505
v 0.028492 0.578401 0.363494
v 0.019566 0.570440 0.369919
v 0.034813 0.575159 0.357464
v 0.037045 0.572940 0.354861
v 0.035060 0.570251 0.358205
v 0.031107 0.567449 0.363382
v 0.022650 0.568679 0.367030
v 0.021197 0.576840 0.365791
v 0.027520 0.579699 0.362315
v 0.017335 0.570000 0.369195
v 0.034854 0.576707 0.356083
v 0.037131 0.572769 0.351759
v 0.034984 0.568637 0.357046
v 0.030609 0.565850 0.362329
v 0.021635 0.567129 0.366242
v 0.031661 0.572957 0.366139
v 0.000000 0.445640 -0.198390
v 0.037361 0.451684 -0.171498
v 0.016807 0.423610 -0.209932
v 0.032755 0.390113 -0.231653
v 0.000000 0.392079 -0.226870
v 0.000000 0.438137 -0.501317
v 0.009461 0.430521 -0.502928
v 0.000000 0.422649 -0.504593
v 0.007050 0.435960 -0.501777
v 0.007235 0.425008 -0.504094
v 0.027370 0.420016 -0.261854
v 0.000000 0.441686 -0.257936
v 0.021520 0.435930 -0.259084
v 0.020710 0.406112 -0.267669
v 0.000000 0.395667 -0.270527
v 0.085256 0.159652 0.238059
v 0.089760 0.167679 0.242338
v 0.075517 0.183382 0.252567
v 0.075252 0.165716 0.249849
v 0.064315 0.176173 0.245778
v 0.060021 0.166200 0.243403
v 0.075071 0.150840 0.239566
v 0.064492 0.158778 0.238691
v 0.087228 0.179096 0.245298
v 0.089940 0.118856 0.228229
v 0.071632 0.117187 0.180982
v 0.050592 0.117655 0.210148
v 0.074410 0.114630 0.234981
v 0.087931 0.117949 0.187413
v 0.056166 0.117117 0.189770
v 0.095514 0.118832 0.206816
v 0.058176 0.118024 0.230586
v 0.102280 0.005643 0.259667
v 0.101351 0.014298 0.259724
v 0.099577 0.000603 0.255414
v 0.092385 0.000606 0.256195
v 0.092844 0.006753 0.259738
v 0.095088 0.014751 0.260584
v 0.098154 -0.000872 0.268207
v 0.097986 0.000035 0.268198
v 0.097825 -0.001464 0.267757
v 0.097138 -0.001464 0.267833
v 0.097216 -0.000867 0.268174
v 0.097396 -0.000091 0.268259
v 0.100081 0.008603 0.265667
v 0.101325 0.003263 0.264513
v 0.095915 0.008440 0.266348
v 0.094390 0.003813 0.264662
v 0.098983 0.000464 0.262314
v 0.094112 0.000466 0.262709
v 0.044992 0.005943 0.262501
v 0.048051 0.014767 0.262097
v 0.047686 0.000399 0.257858
v 0.056591 0.007736 0.263089
v 0.057603 0.000442 0.258558
v 0.054700 0.015587 0.262472
v 0.050935 -0.000986 0.272498
v 0.051223 -0.000283 0.272449
v 0.051199 -0.001700 0.272031
v 0.052064 -0.000964 0.272516
v 0.052179 -0.001679 0.272069
v 0.051983 -0.000152 0.272499
v 0.053596 0.008436 0.269233
v 0.055376 0.003455 0.267836
v 0.047885 0.002628 0.267526
v 0.048672 0.007638 0.269105
v 0.055051 0.000274 0.266022
v 0.048855 0.000115 0.266021
v 0.062040 0.016328 0.269432
v 0.071490 0.016326 0.269873
v 0.060331 0.008060 0.269015
v 0.071192 0.000193 0.264413
v 0.061324 0.000164 0.264492
v 0.071877 0.007674 0.269181
v 0.065962 -0.001476 0.278061
v 0.066435 -0.001497 0.278075
v 0.065774 -0.001826 0.278061
v 0.066423 -0.002140 0.277856
v 0.065941 -0.002137 0.277862
v 0.066594 -0.001850 0.278077
v 0.070572 0.003608 0.273836
v 0.069965 0.000314 0.270600
v 0.062419 0.000293 0.270638
v 0.062958 0.008181 0.275832
v 0.070191 0.008123 0.276052
v 0.061588 0.003827 0.273789
v 0.087750 0.015891 0.269701
v 0.078219 0.015678 0.271236
v 0.087769 0.008034 0.268472
v 0.087533 0.000302 0.263616
v 0.077159 0.000338 0.263909
v 0.077128 0.007661 0.269425
v 0.083035 -0.000809 0.277916
v 0.082194 -0.000785 0.277946
v 0.083402 -0.001479 0.277906
v 0.083029 -0.002165 0.277812
v 0.082125 -0.002144 0.277819
v 0.081786 -0.001534 0.277932
v 0.078586 0.004446 0.273330
v 0.079543 0.010226 0.275452
v 0.086416 0.004720 0.272705
v 0.086027 0.000415 0.269543
v 0.086169 0.010346 0.274452
v 0.078823 0.000451 0.269735
v 0.071336 0.020090 0.199762
v 0.055585 0.019920 0.205474
v 0.087935 0.020227 0.203954
v 0.085153 0.006335 0.219554
v 0.059715 0.006970 0.221932
v 0.098198 0.000997 0.231125
v 0.103557 0.017157 0.230195
v 0.099213 0.026709 0.236097
v 0.045835 0.018667 0.232006
v 0.051307 0.027433 0.236816
v 0.046451 0.001283 0.235359
v 0.091184 0.029394 0.243938
v 0.075419 0.030261 0.247772
v 0.059523 0.029496 0.244989
v 0.045364 0.048197 0.219638
v 0.047220 0.033077 0.223121
v 0.050644 0.039641 0.215087
v 0.047369 0.045916 0.220949
v 0.052628 0.040397 0.222812
v 0.051789 0.042915 0.227756
v 0.077291 0.057653 0.191299
v 0.078185 0.065743 0.187242
v 0.067261 0.067999 0.181663
v 0.059931 0.065345 0.186640
v 0.060557 0.057664 0.192982
v 0.067904 0.054494 0.190657
v 0.093454 0.040844 -0.249888
v 0.074587 0.049143 -0.242293
v 0.054900 0.041145 -0.248355
v 0.099355 0.032499 -0.265347
v 0.090444 0.037898 -0.275805
v 0.049617 0.034957 -0.262830
v 0.053119 0.036698 -0.274479
v 0.071293 0.040233 -0.280044
v 0.071877 0.016149 -0.275650
v 0.071336 0.029013 -0.280708
v 0.094401 0.010857 -0.271097
v 0.050011 0.012254 -0.267644
v 0.070961 0.007144 -0.270712
v 0.086518 0.037134 -0.246111
v 0.074221 0.037712 -0.240703
v 0.062382 0.037196 -0.243683
v 0.074044 -0.002550 -0.254936
v 0.059579 -0.000731 -0.254561
v 0.089612 0.000114 -0.257772
v 0.106428 0.011822 -0.244019
v 0.103975 0.023727 -0.238955
v 0.045327 0.011721 -0.240198
v 0.050719 0.024056 -0.237937
v 0.100292 -0.001001 -0.244712
v 0.048155 -0.000629 -0.241638
v 0.059467 0.012510 -0.237923
v 0.060866 -0.001003 -0.238399
v 0.090052 -0.000893 -0.241090
v 0.092032 0.027077 -0.232526
v 0.077008 0.029018 -0.231343
v 0.062473 0.027264 -0.231074
v 0.091087 0.012503 -0.239671
v 0.074773 -0.001444 -0.237901
v 0.075739 0.011450 -0.236314
v 0.045394 0.005911 -0.224959
v 0.049068 0.018480 -0.225200
v 0.048978 -0.001365 -0.230465
v 0.059117 0.007708 -0.223269
v 0.060726 -0.001312 -0.228765
v 0.057189 0.019583 -0.224072
v 0.104048 0.005858 -0.228534
v 0.103605 0.018768 -0.228299
v 0.100287 -0.001470 -0.233476
v 0.090548 -0.001467 -0.230954
v 0.092032 0.007111 -0.226446
v 0.095174 0.018844 -0.225944
v 0.091060 0.019745 -0.217081
v 0.077312 0.019484 -0.215198
v 0.091087 0.008045 -0.218587
v 0.090747 -0.001437 -0.224542
v 0.075783 -0.001392 -0.224183
v 0.075739 0.007588 -0.217419
v 0.061876 0.019960 -0.217472
v 0.075193 0.019958 -0.216946
v 0.059467 0.008048 -0.217968
v 0.074773 -0.001322 -0.223449
v 0.060866 -0.001356 -0.223355
v 0.075739 0.007588 -0.217771
v 0.102393 0.005643 -0.227924
v 0.101505 0.014298 -0.227796
v 0.099480 0.000603 -0.231957
v 0.092625 0.000605 -0.230628
v 0.093328 0.006753 -0.227130
v 0.095547 0.014751 -0.226459
v 0.099058 -0.000872 -0.219093
v 0.098896 0.000035 -0.219090
v 0.098709 -0.001464 -0.219517
v 0.098054 -0.001464 -0.219388
v 0.098154 -0.000867 -0.219055
v 0.098334 -0.000091 -0.218983
v 0.100723 0.008603 -0.221774
v 0.101834 0.003263 -0.223020
v 0.096768 0.008440 -0.220775
v 0.095177 0.003813 -0.222339
v 0.099420 0.000464 -0.225033
v 0.094766 0.000466 -0.224266
v 0.046959 0.005943 -0.225170
v 0.049928 0.014767 -0.225364
v 0.049856 0.000399 -0.229619
v 0.058078 0.007736 -0.223794
v 0.059349 0.000442 -0.228245
v 0.056300 0.015587 -0.224538
v 0.052021 -0.000986 -0.214791
v 0.052300 -0.000283 -0.214820
v 0.052305 -0.001701 -0.215239
v 0.053106 -0.000964 -0.214696
v 0.053245 -0.001679 -0.215134
v 0.053029 -0.000152 -0.214719
v 0.054794 0.008436 -0.217867
v 0.056599 0.003455 -0.219140
v 0.049413 0.002628 -0.219959
v 0.050066 0.007638 -0.218330
v 0.056405 0.000274 -0.220972
v 0.050445 0.000114 -0.221394
v 0.063805 0.016328 -0.217796
v 0.072916 0.016326 -0.217355
v 0.062158 0.008060 -0.218213
v 0.072629 0.000193 -0.222815
v 0.063115 0.000164 -0.222736
v 0.073290 0.007674 -0.218047
v 0.067586 -0.001476 -0.209167
v 0.068043 -0.001497 -0.209154
v 0.067405 -0.001826 -0.209167
v 0.068031 -0.002140 -0.209372
v 0.067566 -0.002137 -0.209366
v 0.068196 -0.001850 -0.209151
v 0.072031 0.003607 -0.213392
v 0.071446 0.000314 -0.216628
v 0.064170 0.000293 -0.216590
v 0.064690 0.008181 -0.211397
v 0.071664 0.008123 -0.211177
v 0.063369 0.003827 -0.213439
v 0.088594 0.015891 -0.217527
v 0.079404 0.015678 -0.215992
v 0.088612 0.008034 -0.218756
v 0.088385 0.000301 -0.223612
v 0.078382 0.000338 -0.223319
v 0.078352 0.007661 -0.217803
v 0.084047 -0.000809 -0.209312
v 0.083237 -0.000785 -0.209283
v 0.084402 -0.001479 -0.209322
v 0.084042 -0.002165 -0.209416
v 0.083171 -0.002145 -0.209409
v 0.082844 -0.001534 -0.209296
v 0.079758 0.004446 -0.213898
v 0.080681 0.010226 -0.211776
v 0.087307 0.004720 -0.214523
v 0.086933 0.000415 -0.217685
v 0.087070 0.010346 -0.212776
v 0.079986 0.000451 -0.217494
v 0.055585 0.025948 -0.275884
v 0.087935 0.026989 -0.277034
v 0.085153 0.007166 -0.269681
v 0.059715 0.007801 -0.267304
v 0.098667 0.000997 -0.258829
v 0.103557 0.017157 -0.257033
v 0.099213 0.026709 -0.251131
v 0.045835 0.018667 -0.255222
v 0.051307 0.027433 -0.250412
v 0.048774 0.001283 -0.254596
v 0.091184 0.028916 -0.244724
v 0.075419 0.029783 -0.240890
v 0.059523 0.029017 -0.243673
v 0.090446 0.107683 -0.269287
v 0.099013 0.121301 -0.261242
v 0.095317 0.138511 -0.257747
v 0.061591 0.106853 -0.272431
v 0.062315 0.124864 -0.272045
v 0.076776 0.109729 -0.276455
v 0.060979 0.137676 -0.261931
v 0.078545 0.139539 -0.266303
v 0.006137 0.524612 0.438323
v 0.000000 0.525051 0.439512
v 0.012316 0.523787 0.437227
v 0.017298 0.521460 0.432237
v 0.016177 0.517306 0.423846
v 0.019045 0.515824 0.410166
v 0.021537 0.514317 0.398616
v 0.023195 0.513964 0.392191
v 0.014514 0.522831 0.424463
v 0.017487 0.522606 0.411697
v 0.020660 0.523269 0.399143
v 0.022820 0.519149 0.391432
v 0.013377 0.520247 0.434779
v 0.006977 0.520036 0.434328
v 0.000000 0.521288 0.436129
v 0.022889 0.513695 0.391098
v 0.014126 0.551988 0.447493
v 0.012461 0.553601 0.448643
v 0.010557 0.554559 0.446319
v 0.046084 0.040619 0.221813
v 0.050672 0.037066 0.223220
v 0.048899 0.036562 0.217873
v 0.049354 0.038832 0.226638
v 0.022724 0.432413 -0.441471
v 0.025563 0.434726 -0.308778
v 0.028926 0.431801 -0.397247
v 0.023217 0.389105 -0.449364
v 0.025078 0.390561 -0.312027
v 0.029077 0.376327 -0.398485
v 0.000000 0.380998 -0.450976
v 0.000000 0.379229 -0.312560
v 0.000000 0.365148 -0.398695
v 0.034186 0.413186 -0.310080
v 0.032511 0.411492 -0.445464
v 0.040800 0.404884 -0.398021
v 0.000000 0.440642 -0.307396
v 0.000000 0.440113 -0.439499
v 0.000000 0.440632 -0.396245
v 0.019479 0.426402 -0.221103
v 0.000000 0.444296 -0.214576
v 0.013115 0.439097 -0.214061
v 0.015495 0.414822 -0.229648
v 0.000000 0.409203 -0.233567
v -0.002420 0.555462 0.453647
v -0.006902 0.571949 0.427000
v -0.006620 0.569673 0.438961
v -0.017312 0.555632 0.443706
v -0.016357 0.559881 0.444520
v -0.006620 0.567629 0.446682
v -0.016751 0.561497 0.437044
v -0.017550 0.562119 0.425664
v -0.029056 0.580006 0.364331
v -0.022733 0.577147 0.367808
v -0.018871 0.570308 0.371273
v -0.023385 0.566253 0.372415
v -0.033312 0.564388 0.366424
v -0.039169 0.568053 0.358502
v -0.036390 0.577014 0.358099
v -0.038714 0.573077 0.353776
v -0.036564 0.568945 0.359062
v -0.032146 0.566157 0.364345
v -0.023172 0.567436 0.368259
v -0.042003 0.573313 0.352460
v -0.038777 0.578253 0.358013
v -0.016377 0.570057 0.377011
v -0.021331 0.578434 0.372848
v -0.029662 0.582847 0.367045
v -0.045633 0.572143 0.350109
v -0.041530 0.583935 0.356310
v -0.015310 0.582806 0.375534
v -0.030264 0.587788 0.367389
v -0.007001 0.574411 0.402145
v -0.019234 0.564107 0.397353
v -0.013960 0.520128 0.431132
v -0.019693 0.519144 0.424600
v -0.025059 0.515955 0.399462
v -0.031558 0.549327 0.393047
v -0.023745 0.548199 0.424554
v -0.022344 0.548291 0.434015
v -0.024733 0.557652 0.394399
v -0.020654 0.555816 0.425207
v -0.019924 0.556600 0.437101
v -0.018107 0.566273 0.386869
v -0.025234 0.560217 0.381846
v -0.006222 0.583520 0.379264
v -0.008014 0.593592 0.373052
v -0.010339 0.603400 0.359107
v -0.013909 0.616175 0.311607
v -0.023792 0.538285 0.424947
v -0.022011 0.538617 0.434261
v -0.032079 0.535689 0.397636
v -0.038524 0.557501 0.370934
v -0.044809 0.563688 0.356106
v -0.007068 0.575992 0.391568
v -0.012346 0.575785 0.380510
v -0.006594 0.579461 0.384735
v -0.026936 0.514438 0.392237
v -0.033073 0.513649 0.380818
v -0.048411 0.499688 0.355074
v -0.037197 0.523740 0.383631
v -0.040372 0.534456 0.382501
v -0.042378 0.508436 0.369358
v -0.057702 0.516013 0.350845
v -0.058478 0.561263 0.343196
v -0.009443 0.552549 0.450176
v -0.007356 0.544861 0.446624
v -0.005065 0.527520 0.441775
v -0.007107 0.537694 0.448613
v -0.011881 0.555212 0.448458
v -0.014685 0.550638 0.441144
v -0.013032 0.527295 0.439869
v -0.017037 0.538277 0.442937
v -0.007575 0.541473 0.449211
v -0.017121 0.544578 0.442842
v -0.003356 0.561382 0.454743
v -0.012990 0.568227 0.426313
v -0.012598 0.566514 0.437986
v -0.012549 0.564494 0.445452
v -0.013253 0.570381 0.401019
v -0.013062 0.572245 0.389326
v -0.010849 0.559422 0.451746
v -0.015095 0.558250 0.449754
v -0.051179 0.571503 0.340172
v -0.042124 0.590841 0.350452
v -0.017159 0.593069 0.371615
v -0.025760 0.597552 0.363309
v -0.012018 0.611483 0.341839
v -0.056662 0.578292 0.322721
v -0.043483 0.599519 0.332249
v -0.024004 0.610520 0.336754
v -0.063519 0.533394 0.346156
v -0.064254 0.548033 0.343833
v -0.010554 0.520501 0.432180
v -0.020991 0.518698 0.411978
v -0.024107 0.519188 0.399505
v -0.026197 0.518255 0.392592
v -0.025359 0.509313 0.383822
v -0.021410 0.508953 0.397393
v -0.018492 0.509106 0.411545
v -0.013956 0.513219 0.432641
v -0.013507 0.505649 0.396392
v -0.010596 0.505968 0.410857
v -0.006907 0.511999 0.434697
v -0.014498 0.503746 0.382249
v -0.008359 0.519749 0.437734
v -0.023613 0.528505 0.424874
v -0.020952 0.530054 0.433936
v -0.030044 0.525514 0.398707
v -0.050366 0.533403 0.366511
v -0.006508 0.531921 0.446307
v -0.016208 0.532083 0.442195
v -0.026693 0.514272 0.391290
v -0.017961 0.519139 0.425106
v -0.016987 0.510571 0.424542
v -0.007969 0.508648 0.424741
v -0.009648 0.514629 0.390100
v -0.009744 0.512290 0.391775
v -0.009525 0.521114 0.392812
v -0.008101 0.524257 0.413336
v -0.008996 0.523853 0.400465
v -0.007670 0.513686 0.425188
v -0.006968 0.521547 0.435625
v -0.009270 0.510401 0.399704
v -0.007012 0.522965 0.426584
v -0.018279 0.562971 0.412478
v -0.006963 0.573240 0.414333
v -0.022582 0.517571 0.410794
v -0.026849 0.548199 0.411090
v -0.022713 0.556292 0.411603
v -0.028243 0.537202 0.411405
v -0.013152 0.569337 0.413469
v -0.027031 0.527253 0.411526
v -0.008631 0.511216 0.411177
v -0.019019 0.524230 0.433185
v -0.021880 0.521526 0.424443
v -0.024732 0.519952 0.410692
v -0.027368 0.518267 0.399803
v -0.029416 0.516440 0.391742
v -0.019936 0.516733 0.425867
v -0.023116 0.516325 0.412499
v -0.026256 0.516818 0.399593
v -0.028416 0.516149 0.391753
v -0.014955 0.517796 0.436192
v -0.009074 0.517180 0.439585
v -0.028795 0.513728 0.389124
v -0.006731 0.522505 0.436733
v -0.046950 0.519304 0.368738
v -0.045887 0.598927 0.303216
v -0.031564 0.606768 0.306180
v -0.014030 0.603285 0.268290
v -0.014273 0.611181 0.285837
v -0.029748 0.600253 0.266178
v -0.023844 0.607873 0.284029
v -0.068045 0.554916 0.253798
v -0.050365 0.421550 0.330585
v -0.045413 0.444454 0.334916
v -0.083096 0.483256 0.262622
v -0.072175 0.496914 0.293217
v -0.070054 0.524670 0.255391
v -0.076679 0.529094 0.280343
v -0.062364 0.469021 0.310590
v -0.068458 0.445726 0.298794
v -0.028379 0.409624 0.345108
v -0.026161 0.428668 0.349564
v -0.011062 0.521919 0.435876
v -0.049947 0.642532 0.312508
v -0.048036 0.646212 0.305771
v -0.059882 0.641948 0.312135
v -0.062969 0.644911 0.304752
v -0.063451 0.574901 0.305346
v -0.068360 0.578476 0.279086
v -0.055940 0.649253 0.305902
v -0.055431 0.644962 0.312725
v -0.056394 0.590794 0.268479
v -0.016422 0.484999 0.363309
v -0.020582 0.447566 0.357922
v -0.040459 0.464344 0.345860
v -0.059614 0.483537 0.328881
v -0.078536 0.549977 0.278520
v -0.023325 0.611798 0.309799
v -0.048050 0.645747 0.313002
v -0.055954 0.648787 0.313133
v -0.062983 0.644445 0.311983
v -0.054863 0.644379 0.308897
v -0.055226 0.582373 0.303264
v -0.043543 0.600993 0.287945
v -0.053553 0.592949 0.282086
v -0.030457 0.608851 0.290935
v -0.049488 0.641999 0.308666
v -0.059196 0.641497 0.308206
v -0.016103 0.590975 0.247109
v -0.019236 0.578812 0.236687
v -0.025960 0.512538 0.190707
v -0.026057 0.538904 0.205119
v -0.026410 0.613944 0.284936
v -0.067109 0.588531 0.305679
v -0.052031 0.606895 0.272649
v -0.026207 0.616432 0.310305
v -0.068679 0.592712 0.280950
v -0.059531 0.594324 0.304478
v -0.033069 0.612644 0.307739
v -0.045427 0.609953 0.291950
v -0.058058 0.601510 0.288460
v -0.032290 0.614062 0.295820
v -0.028981 0.594287 0.253368
v -0.049650 0.558195 0.234633
v -0.052014 0.529917 0.223584
v -0.071424 0.564742 0.301590
v -0.067419 0.511282 0.333529
v -0.080347 0.530642 0.303920
v -0.077797 0.552281 0.301075
v -0.033925 0.489460 0.359806
v -0.015673 0.492592 0.372736
v -0.030401 0.499770 0.371346
v -0.044805 0.599642 0.317801
v -0.054240 0.586188 0.313119
v -0.034008 0.605633 0.319486
v -0.074709 0.567086 0.277801
v -0.063746 0.578123 0.259485
v -0.042592 0.580921 0.247667
v -0.047369 0.592060 0.261264
v -0.072904 0.504657 0.315296
v -0.074576 0.533482 0.324082
v -0.073711 0.548732 0.323964
v -0.070625 0.562379 0.323878
v -0.015876 0.467490 0.362234
v -0.036353 0.477501 0.352664
v -0.053500 0.490787 0.343714
v -0.040432 0.543866 0.378923
v -0.048448 0.547141 0.363079
v -0.023022 0.561702 0.221868
v -0.084613 0.284687 0.297482
v -0.080365 0.295380 -0.266559
v -0.070419 0.435744 -0.159601
v -0.108435 0.285988 -0.234805
v -0.092284 0.385623 0.293343
v -0.066684 0.268573 0.051184
v -0.081282 0.417340 0.042148
v -0.100339 0.366574 0.046698
v -0.107526 0.402418 0.220808
v -0.081135 0.434496 -0.102038
v -0.123774 0.276859 -0.184395
v -0.073615 0.423898 -0.040608
v -0.106903 0.260364 -0.138634
v -0.062130 0.294834 -0.064788
v -0.010270 0.439708 -0.197419
v -0.023582 0.257989 0.293084
v -0.042393 0.284367 -0.232282
v -0.031200 0.359251 0.339491
v -0.042706 0.418407 -0.213784
v -0.039312 0.449735 0.044918
v -0.034864 0.244251 0.055127
v -0.014502 0.229024 0.229492
v -0.035429 0.277123 -0.191540
v -0.039159 0.459242 -0.114096
v -0.044041 0.257441 -0.130429
v -0.034839 0.456836 -0.047799
v -0.069727 0.260422 0.148821
v -0.082535 0.421339 0.107660
v -0.108149 0.381436 0.142486
v -0.029483 0.233729 0.111092
v -0.042034 0.456183 0.093017
v -0.105803 0.240927 0.264131
v -0.080399 0.226213 0.273902
v -0.050333 0.218458 0.263104
v -0.116698 0.244789 0.217705
v -0.104552 0.245142 0.181351
v -0.035812 0.215219 0.223021
v -0.045955 0.214482 0.183724
v -0.073631 0.223116 0.172611
v -0.120538 0.322544 0.222137
v -0.107657 0.312512 0.284317
v -0.103379 0.311878 0.151247
v -0.090240 0.072745 0.222241
v -0.074615 0.073497 0.230547
v -0.058150 0.072566 0.224497
v -0.095871 0.070751 0.204445
v -0.088210 0.070354 0.187939
v -0.052554 0.070325 0.207635
v -0.056120 0.069658 0.187612
v -0.070400 0.074096 0.182827
v -0.098821 0.170352 0.234496
v -0.070752 0.169909 0.169928
v -0.093988 0.170985 0.180754
v -0.048702 0.169047 0.184685
v -0.040756 0.168341 0.217224
v -0.104800 0.171082 0.211664
v -0.049878 0.168253 0.238371
v -0.074481 0.140246 0.236383
v -0.090253 0.152649 0.185543
v -0.053339 0.151335 0.188183
v -0.099066 0.152879 0.208345
v -0.055675 0.151719 0.233183
v -0.092589 0.153033 0.230542
v -0.071313 0.151920 0.178270
v -0.046862 0.151020 0.212079
v -0.082902 0.403429 -0.214156
v -0.070710 0.372399 -0.244895
v -0.104686 0.397387 -0.141395
v -0.093741 0.376388 -0.030415
v -0.076076 0.254942 -0.115879
v -0.018609 0.319477 -0.232070
v -0.023700 0.253686 -0.027456
v -0.012006 0.291696 -0.177679
v -0.078652 0.184673 -0.244498
v -0.099673 0.182995 -0.232927
v -0.111615 0.172967 -0.207331
v -0.090549 0.175269 -0.167686
v -0.062898 0.182130 -0.238335
v -0.044420 0.174403 -0.211309
v -0.066877 0.173610 -0.165795
v -0.077312 0.169298 -0.167967
v -0.102400 0.345605 -0.226746
v -0.066768 0.337954 -0.260329
v -0.121431 0.340771 -0.167101
v -0.101079 0.326801 -0.081092
v -0.070388 0.286963 -0.082139
v -0.033115 0.307926 -0.232203
v -0.037078 0.262485 -0.098014
v -0.027530 0.289293 -0.181219
v -0.087493 0.312451 0.049907
v -0.026412 0.286448 0.317478
v -0.082678 0.327474 -0.021142
v -0.090550 0.312829 0.112160
v -0.069897 0.266905 0.106910
v -0.018993 0.261911 -0.077187
v -0.064164 0.285254 -0.022698
v -0.086911 0.335076 -0.063134
v -0.116515 0.371751 0.224889
v -0.115091 0.352208 0.162796
v -0.101424 0.353124 0.285363
v -0.029089 0.324840 0.331462
v -0.086819 0.113888 -0.272387
v -0.078135 0.125925 -0.278640
v -0.072524 0.110500 -0.221724
v -0.101276 0.117844 -0.248883
v -0.046829 0.119014 -0.250127
v -0.093720 0.124853 -0.269009
v -0.094242 0.113970 -0.229367
v -0.056599 0.122116 -0.265043
v -0.053564 0.111549 -0.226938
v -0.013730 0.413739 -0.219293
v -0.049509 0.241708 0.274379
v -0.033813 0.228430 0.225326
v -0.106827 0.276217 0.279518
v -0.083395 0.257027 0.287156
v -0.069664 0.243692 0.164567
v -0.040789 0.226079 0.177137
v -0.120639 0.284671 0.219753
v -0.107556 0.289631 0.167398
v -0.019461 0.238218 0.269158
v -0.020307 0.224848 0.167902
v -0.061740 0.368461 0.319730
v -0.061925 0.501264 0.213313
v -0.094037 0.444638 0.242355
v -0.029815 0.384466 0.341929
v -0.057102 0.397106 0.323461
v -0.079643 0.412347 0.294209
v -0.038986 0.491970 0.170014
v -0.077600 0.478430 0.196960
v -0.086122 0.445560 0.170664
v -0.044055 0.469260 0.139299
v -0.015969 0.555186 0.447804
v -0.006576 0.547923 0.449979
v -0.006068 0.565728 0.451923
v -0.012198 0.562936 0.451185
v -0.011899 0.556327 0.450438
v -0.008237 0.561007 0.453324
v -0.003710 0.550487 0.451732
v -0.005976 0.553277 0.451547
v -0.005724 0.560125 0.453687
v -0.005212 0.556151 0.453001
v -0.012561 0.555279 0.447478
v -0.007894 0.553175 0.447874
v -0.010624 0.558577 0.449189
v -0.008244 0.560548 0.450488
v -0.011792 0.556244 0.447805
v -0.005237 0.556284 0.450191
v -0.005495 0.559388 0.450905
v -0.005842 0.554080 0.448478
v -0.008754 0.556750 0.448870
v -0.025897 0.359883 -0.252554
v -0.092087 0.376975 -0.071862
v -0.101229 0.373095 -0.094078
v -0.077895 0.188074 -0.148507
v -0.056450 0.193394 -0.155444
v -0.041656 0.208166 -0.206049
v -0.059063 0.216017 -0.237290
v -0.099196 0.191940 -0.159416
v -0.116031 0.205887 -0.197014
v -0.101801 0.216573 -0.234017
v -0.079916 0.221866 -0.251067
v -0.061904 0.161064 -0.247473
v -0.078297 0.163617 -0.252889
v -0.054851 0.146724 -0.196961
v -0.046458 0.155507 -0.222777
v -0.098634 0.149531 -0.199678
v -0.106593 0.154105 -0.220068
v -0.097553 0.161817 -0.242536
v -0.075152 0.144036 -0.192001
v -0.078251 0.220817 -0.134251
v -0.038162 0.240600 -0.198624
v -0.092966 0.213201 -0.146034
v -0.104712 0.247405 -0.234083
v -0.066180 0.214143 -0.140716
v -0.052378 0.246686 -0.234654
v -0.118618 0.239008 -0.190295
v -0.080849 0.254073 -0.258624
v -0.046046 0.198225 -0.172885
v -0.055627 0.163221 -0.182121
v -0.100733 0.166066 -0.185102
v -0.076278 0.156539 -0.182115
v -0.047943 0.227727 -0.144032
v -0.112870 0.196865 -0.173569
v -0.106229 0.229713 -0.149319
v -0.077976 0.238780 -0.129627
v -0.097096 0.102179 -0.253882
v -0.090944 0.098228 -0.238697
v -0.072035 0.094471 -0.232105
v -0.049650 0.102790 -0.254433
v -0.055508 0.095315 -0.236646
v -0.076813 0.103050 -0.275963
v -0.066245 0.113389 -0.274526
v -0.092516 0.067838 -0.261346
v -0.071855 0.067084 -0.241838
v -0.053016 0.067696 -0.261147
v -0.075360 0.068380 -0.280667
v -0.086791 0.068701 -0.275024
v -0.087494 0.067981 -0.247720
v -0.058070 0.067034 -0.245667
v -0.062813 0.067805 -0.277465
v -0.078099 0.143307 -0.262772
v -0.046905 0.134675 -0.238053
v -0.096130 0.129582 -0.217742
v -0.090013 0.134342 -0.264725
v -0.065913 0.133838 -0.267421
v -0.054082 0.126973 -0.215205
v -0.103213 0.133390 -0.236259
v -0.073667 0.125660 -0.209441
v -0.053176 0.266541 0.292372
v -0.056043 0.327268 0.316380
v -0.086646 0.337072 0.305340
v -0.048427 0.289386 0.306852
v -0.070233 0.319895 0.315797
v -0.101061 0.214883 0.247589
v -0.073229 0.205995 0.174401
v -0.041708 0.201929 0.220168
v -0.079301 0.209824 0.260939
v -0.096907 0.211450 0.184194
v -0.050450 0.201961 0.185299
v -0.107686 0.211682 0.215058
v -0.054495 0.205998 0.251145
v -0.075275 0.193370 0.255282
v -0.095517 0.188043 0.183993
v -0.050754 0.182832 0.186338
v -0.105392 0.188192 0.213675
v -0.055367 0.183366 0.245886
v -0.096101 0.187896 0.243589
v -0.071135 0.185030 0.174538
v -0.043076 0.182485 0.218566
v -0.092805 0.039941 0.232071
v -0.074587 0.048267 0.235070
v -0.055481 0.041193 0.233350
v -0.099355 0.030268 0.219527
v -0.090444 0.034547 0.204514
v -0.049617 0.032726 0.222044
v -0.053119 0.034193 0.206268
v -0.071293 0.034389 0.199677
v -0.074457 0.086698 0.229524
v -0.086900 0.083249 0.190712
v -0.057528 0.082900 0.192784
v -0.093912 0.084784 0.205286
v -0.059386 0.085903 0.223935
v -0.088758 0.086252 0.221863
v -0.071829 0.082454 0.185122
v -0.052374 0.084290 0.208217
v -0.074394 0.060838 0.232121
v -0.059751 0.059668 0.227264
v -0.086483 0.055604 0.195823
v -0.093297 0.056822 0.211080
v -0.070745 0.050170 0.193609
v -0.057049 0.055737 0.197696
v -0.049615 0.058100 0.213692
v -0.088289 0.059660 0.225417
v -0.116528 0.319930 0.174297
v -0.082932 0.013914 0.208419
v -0.060746 0.013608 0.209450
v -0.071608 0.013423 0.205628
v -0.094401 0.009370 0.215512
v -0.050011 0.010767 0.218965
v -0.070961 0.006314 0.218524
v -0.086518 0.036524 0.238171
v -0.074221 0.037844 0.243447
v -0.062382 0.036921 0.240567
v -0.072660 -0.002550 0.235018
v -0.057657 -0.000731 0.235394
v -0.088806 0.000114 0.232182
v -0.106247 0.011822 0.243209
v -0.103703 0.023727 0.248274
v -0.042875 0.011721 0.247030
v -0.048467 0.024057 0.249291
v -0.099883 -0.001001 0.242516
v -0.045808 -0.000629 0.245590
v -0.057541 0.012510 0.249306
v -0.058992 -0.001003 0.248829
v -0.089262 -0.000893 0.246138
v -0.091316 0.027077 0.254702
v -0.075733 0.029019 0.255885
v -0.060659 0.027264 0.256154
v -0.090336 0.012503 0.247557
v -0.073415 -0.001444 0.249327
v -0.074417 0.011450 0.250915
v -0.043386 0.005911 0.262821
v -0.047171 0.018480 0.262322
v -0.046720 -0.001365 0.257076
v -0.057701 0.007708 0.263539
v -0.058992 -0.001312 0.257942
v -0.055652 0.019583 0.262874
v -0.104037 0.005858 0.259191
v -0.103561 0.018768 0.259389
v -0.100528 -0.001470 0.253964
v -0.090263 -0.001467 0.255705
v -0.091452 0.007111 0.260318
v -0.094662 0.018844 0.261068
v -0.090308 0.019745 0.270147
v -0.076049 0.019484 0.272030
v -0.090336 0.008045 0.268641
v -0.089984 -0.001437 0.262686
v -0.074463 -0.001392 0.263045
v -0.074417 0.007588 0.269809
v -0.060039 0.019960 0.269757
v -0.073851 0.019958 0.270282
v -0.057541 0.008048 0.269260
v -0.073415 -0.001322 0.263779
v -0.058992 -0.001356 0.263873
v -0.074417 0.007588 0.269457
v -0.022752 0.575771 0.366505
v -0.028492 0.578401 0.363494
v -0.019566 0.570440 0.369919
v -0.034813 0.575159 0.357464
v -0.037045 0.572940 0.354861
v -0.035060 0.570251 0.358205
v -0.031107 0.567449 0.363382
v -0.022650 0.568679 0.367030
v -0.021197 0.576840 0.365791
v -0.027520 0.579699 0.362315
v -0.017335 0.570000 0.369195
v -0.034854 0.576707 0.356083
v -0.037131 0.572769 0.351759
v -0.034984 0.568637 0.357046
v -0.030609 0.565850 0.362329
v -0.021635 0.567129 0.366242
v -0.031661 0.572957 0.366139
v -0.037361 0.451684 -0.171498
v -0.016807 0.423610 -0.209932
v -0.032755 0.390113 -0.231653
v -0.009461 0.430521 -0.502928
v -0.007050 0.435960 -0.501777
v -0.007235 0.425008 -0.504094
v -0.027370 0.420016 -0.261854
v -0.021520 0.435930 -0.259084
v -0.020710 0.406112 -0.267669
v -0.085256 0.159652 0.238059
v -0.089760 0.167679 0.242338
v -0.075517 0.183382 0.252567
v -0.075252 0.165716 0.249849
v -0.064315 0.176173 0.245778
v -0.060021 0.166200 0.243403
v -0.075071 0.150840 0.239566
v -0.064492 0.158778 0.238691
v -0.087228 0.179096 0.245298
v -0.089940 0.118856 0.228229
v -0.071632 0.117187 0.180982
v -0.050592 0.117655 0.210148
v -0.074410 0.114630 0.234981
v -0.087931 0.117949 0.187413
v -0.056166 0.117117 0.189770
v -0.095514 0.118832 0.206816
v -0.058176 0.118024 0.230586
v -0.102280 0.005643 0.259667
v -0.101351 0.014298 0.259724
v -0.099577 0.000603 0.255414
v -0.092385 0.000606 0.256195
v -0.092844 0.006753 0.259738
v -0.095088 0.014751 0.260584
v -0.098154 -0.000872 0.268207
v -0.097986 0.000035 0.268198
v -0.097825 -0.001464 0.267757
v -0.097138 -0.001464 0.267833
v -0.097216 -0.000867 0.268174
v -0.097396 -0.000091 0.268259
v -0.100081 0.008603 0.265667
v -0.101325 0.003263 0.264513
v -0.095915 0.008440 0.266348
v -0.094390 0.003813 0.264662
v -0.098983 0.000464 0.262314
v -0.094112 0.000466 0.262709
v -0.044992 0.005943 0.262501
v -0.048051 0.014767 0.262097
v -0.047686 0.000399 0.257858
v -0.056591 0.007736 0.263089
v -0.057603 0.000442 0.258558
v -0.054700 0.015587 0.262472
v -0.050935 -0.000986 0.272498
v -0.051223 -0.000283 0.272449
v -0.051199 -0.001700 0.272031
v -0.052064 -0.000964 0.272516
v -0.052179 -0.001679 0.272069
v -0.051983 -0.000152 0.272499
v -0.053596 0.008436 0.269233
v -0.055376 0.003455 0.267836
v -0.047885 0.002628 0.267526
v -0.048672 0.007638 0.269105
v -0.055051 0.000274 0.266022
v -0.048855 0.000115 0.266021
v -0.062040 0.016328 0.269432
v -0.071490 0.016326 0.269873
v -0.060331 0.008060 0.269015
v -0.071192 0.000193 0.264413
v -0.061324 0.000164 0.264492
v -0.071877 0.007674 0.269181
v -0.065962 -0.001476 0.278061
v -0.066435 -0.001497 0.278075
v -0.065774 -0.001826 0.278061
v -0.066423 -0.002140 0.277856
v -0.065941 -0.002137 0.277862
v -0.066594 -0.001850 0.278077
v -0.070572 0.003608 0.273836
v -0.069965 0.000314 0.270600
v -0.062419 0.000293 0.270638
v -0.062958 0.008181 0.275832
v -0.070191 0.008123 0.276052
v -0.061588 0.003827 0.273789
v -0.087750 0.015891 0.269701
v -0.078219 0.015678 0.271236
v -0.087769 0.008034 0.268472
v -0.087533 0.000302 0.263616
v -0.077159 0.000338 0.263909
v -0.077128 0.007661 0.269425
v -0.083035 -0.000809 0.277916
v -0.082194 -0.000785 0.277946
v -0.083402 -0.001479 0.277906
v -0.083029 -0.002165 0.277812
v -0.082125 -0.002144 0.277819
v -0.081786 -0.001534 0.277932
v -0.078586 0.004446 0.273330
v -0.079543 0.010226 0.275452
v -0.086416 0.004720 0.272705
v -0.086027 0.000415 0.269543
v -0.086169 0.010346 0.274452
v -0.078823 0.000451 0.269735
v -0.071336 0.020090 0.199762
v -0.055585 0.019920 0.205474
v -0.087935 0.020227 0.203954
v -0.085153 0.006335 0.219554
v -0.059715 0.006970 0.221932
v -0.098198 0.000997 0.231125
v -0.103557 0.017157 0.230195
v -0.099213 0.026709 0.236097
v -0.045835 0.018667 0.232006
v -0.051307 0.027433 0.236816
v -0.046451 0.001283 0.235359
v -0.091184 0.029394 0.243938
v -0.075419 0.030261 0.247772
v -0.059523 0.029496 0.244989
v -0.045364 0.048197 0.219638
v -0.047220 0.033077 0.223121
v -0.050644 0.039641 0.215087
v -0.047369 0.045916 0.220949
v -0.052628 0.040397 0.222812
v -0.051789 0.042915 0.227756
v -0.077291 0.057653 0.191299
v -0.078185 0.065743 0.187242
v -0.067261 0.067999 0.181663
v -0.059931 0.065345 0.186640
v -0.060557 0.057664 0.192982
v -0.067904 0.054494 0.190657
v -0.093454 0.040844 -0.249888
v -0.074587 0.049143 -0.242293
v -0.054900 0.041145 -0.248355
v -0.099355 0.032499 -0.265347
v -0.090444 0.037898 -0.275805
v -0.049617 0.034957 -0.262830
v -0.053119 0.036698 -0.274479
v -0.071293 0.040233 -0.280044
v -0.071877 0.016149 -0.275650
v -0.071336 0.029013 -0.280708
v -0.094401 0.010857 -0.271097
v -0.050011 0.012254 -0.267644
v -0.070961 0.007144 -0.270712
v -0.086518 0.037134 -0.246111
v -0.074221 0.037712 -0.240703
v -0.062382 0.037196 -0.243683
v -0.074044 -0.002550 -0.254936
v -0.059579 -0.000731 -0.254561
v -0.089612 0.000114 -0.257772
v -0.106428 0.011822 -0.244019
v -0.103975 0.023727 -0.238955
v -0.045327 0.011721 -0.240198
v -0.050719 0.024056 -0.237937
v -0.100292 -0.001001 -0.244712
v -0.048155 -0.000629 -0.241638
v -0.059467 0.012510 -0.237923
v -0.060866 -0.001003 -0.238399
v -0.090052 -0.000893 -0.241090
v -0.092032 0.027077 -0.232526
v -0.077008 0.029018 -0.231343
v -0.062473 0.027264 -0.231074
v -0.091087 0.012503 -0.239671
v -0.074773 -0.001444 -0.237901
v -0.075739 0.011450 -0.236314
v -0.045394 0.005911 -0.224959
v -0.049068 0.018480 -0.225200
v -0.048978 -0.001365 -0.230465
v -0.059117 0.007708 -0.223269
v -0.060726 -0.001312 -0.228765
v -0.057189 0.019583 -0.224072
v -0.104048 0.005858 -0.228534
v -0.103605 0.018768 -0.228299
v -0.100287 -0.001470 -0.233476
v -0.090548 -0.001467 -0.230954
v -0.092032 0.007111 -0.226446
v -0.095174 0.018844 -0.225944
v -0.091060 0.019745 -0.217081
v -0.077312 0.019484 -0.215198
v -0.091087 0.008045 -0.218587
v -0.090747 -0.001437 -0.224542
v -0.075783 -0.001392 -0.224183
v -0.075739 0.007588 -0.217419
v -0.061876 0.019960 -0.217472
v -0.075193 0.019958 -0.216946
v -0.059467 0.008048 -0.217968
v -0.074773 -0.001322 -0.223449
v -0.060866 -0.001356 -0.223355
v -0.075739 0.007588 -0.217771
v -0.102393 0.005643 -0.227924
v -0.101505 0.014298 -0.227796
v -0.099480 0.000603 -0.231957
v -0.092625 0.000605 -0.230628
v -0.093328 0.006753 -0.227130
v -0.095547 0.014751 -0.226459
v -0.099058 -0.000872 -0.219093
v -0.098896 0.000035 -0.219090
v -0.098709 -0.001464 -0.219517
v -0.098054 -0.001464 -0.219388
v -0.098154 -0.000867 -0.219055
v -0.098334 -0.000091 -0.218983
v -0.100723 0.008603 -0.221774
v -0.101834 0.003263 -0.223020
v -0.096768 0.008440 -0.220775
v -0.095177 0.003813 -0.222339
v -0.099420 0.000464 -0.225033
v -0.094766 0.000466 -0.224266
v -0.046959 0.005943 -0.225170
v -0.049928 0.014767 -0.225364
v -0.049856 0.000399 -0.229619
v -0.058078 0.007736 -0.223794
v -0.059349 0.000442 -0.228245
v -0.056300 0.015587 -0.224538
v -0.052021 -0.000986 -0.214791
v -0.052300 -0.000283 -0.214820
v -0.052305 -0.001701 -0.215239
v -0.053106 -0.000964 -0.214696
v -0.053245 -0.001679 -0.215134
v -0.053029 -0.000152 -0.214719
v -0.054794 0.008436 -0.217867
v -0.056599 0.003455 -0.219140
v -0.049413 0.002628 -0.219959
v -0.050066 0.007638 -0.218330
v -0.056405 0.000274 -0.220972
v -0.050445 0.000114 -0.221394
v -0.063805 0.016328 -0.217796
v -0.072916 0.016326 -0.217355
v -0.062158 0.008060 -0.218213
v -0.072629 0.000193 -0.222815
v -0.063115 0.000164 -0.222736
v -0.073290 0.007674 -0.218047
v -0.067586 -0.001476 -0.209167
v -0.068043 -0.001497 -0.209154
v -0.067405 -0.001826 -0.209167
v -0.068031 -0.002140 -0.209372
v -0.067566 -0.002137 -0.209366
v -0.068196 -0.001850 -0.209151
v -0.072031 0.003607 -0.213392
v -0.071446 0.000314 -0.216628
v -0.064170 0.000293 -0.216590
v -0.064690 0.008181 -0.211397
v -0.071664 0.008123 -0.211177
v -0.063369 0.003827 -0.213439
v -0.088594 0.015891 -0.217527
v -0.079404 0.015678 -0.215992
v -0.088612 0.008034 -0.218756
v -0.088385 0.000301 -0.223612
v -0.078382 0.000338 -0.223319
v -0.078352 0.007661 -0.217803
v -0.084047 -0.000809 -0.209312
v -0.083237 -0.000785 -0.209283
v -0.084402 -0.001479 -0.209322
v -0.084042 -0.002165 -0.209416
v -0.083171 -0.002145 -0.209409
v -0.082844 -0.001534 -0.209296
v -0.079758 0.004446 -0.213898
v -0.080681 0.010226 -0.211776
v -0.087307 0.004720 -0.214523
v -0.086933 0.000415 -0.217685
v -0.087070 0.010346 -0.212776
v -0.079986 0.000451 -0.217494
v -0.055585 0.025948 -0.275884
v -0.087935 0.026989 -0.277034
v -0.085153 0.007166 -0.269681
v -0.059715 0.007801 -0.267304
v -0.098667 0.000997 -0.258829
v -0.103557 0.017157 -0.257033
v -0.099213 0.026709 -0.251131
v -0.045835 0.018667 -0.255222
v -0.051307 0.027433 -0.250412
v -0.048774 0.001283 -0.254596
v -0.091184 0.028916 -0.244724
v -0.075419 0.029783 -0.240890
v -0.059523 0.029017 -0.243673
v -0.090446 0.107683 -0.269287
v -0.099013 0.121301 -0.261242
v -0.095317 0.138511 -0.257747
v -0.061591 0.106853 -0.272431
v -0.062315 0.124864 -0.272045
v -0.076776 0.109729 -0.276455
v -0.060979 0.137676 -0.261931
v -0.078545 0.139539 -0.266303
v -0.006137 0.524612 0.438323
v -0.012316 0.523787 0.437227
v -0.017298 0.521460 0.432237
v -0.016177 0.517306 0.423846
v -0.019045 0.515824 0.410166
v -0.021537 0.514317 0.398616
v -0.023195 0.513964 0.392191
v -0.014514 0.522831 0.424463
v -0.017487 0.522606 0.411697
v -0.020660 0.523269 0.399143
v -0.022820 0.519149 0.391432
v -0.013377 0.520247 0.434779
v -0.006977 0.520036 0.434328
v -0.022889 0.513695 0.391098
v -0.014126 0.551988 0.447493
v -0.012461 0.553601 0.448643
v -0.010557 0.554559 0.446319
v -0.046084 0.040619 0.221813
v -0.050672 0.037066 0.223220
v -0.048899 0.036562 0.217873
v -0.049354 0.038832 0.226638
v -0.022724 0.432413 -0.441471
v -0.025563 0.434726 -0.308778
v -0.028926 0.431801 -0.397247
v -0.023217 0.389105 -0.449364
v -0.025078 0.390561 -0.312027
v -0.029077 0.376327 -0.398485
v -0.034186 0.413186 -0.310080
v -0.032511 0.411492 -0.445464
v -0.040800 0.404884 -0.398021
v -0.019479 0.426402 -0.221103
v -0.013115 0.439097 -0.214061
v -0.015495 0.414822 -0.229648
v 0.032069 0.625668 0.289726
v 0.038562 0.635805 0.295906
v 0.044193 0.633707 0.311108
v 0.038375 0.623170 0.309448
v 0.068406 0.626814 0.293521
v 0.069859 0.612229 0.287556
v 0.061891 0.625926 0.308039
v 0.061813 0.611170 0.305946
v 0.051997 0.632244 0.289291
v 0.051278 0.620669 0.280660
v 0.031772 0.626629 0.310856
v 0.038792 0.636463 0.311703
v 0.068284 0.625571 0.307638
v 0.069348 0.610679 0.306137
v 0.050501 0.632789 0.301647
v 0.047534 0.621345 0.296228
v 0.060442 0.614993 0.296003
v 0.060744 0.628314 0.301998
v 0.038319 0.624595 0.301339
v 0.044303 0.634608 0.305817
v -0.038562 0.635805 0.295906
v -0.032069 0.625668 0.289726
v -0.038375 0.623170 0.309448
v -0.044193 0.633707 0.311108
v -0.069859 0.612229 0.287556
v -0.068406 0.626814 0.293521
v -0.061813 0.611170 0.305946
v -0.061891 0.625926 0.308039
v -0.051278 0.620669 0.280660
v -0.051997 0.632244 0.289291
v -0.038792 0.636463 0.311703
v -0.031772 0.626629 0.310856
v -0.069348 0.610679 0.306137
v -0.068284 0.625571 0.307638
v -0.047534 0.621345 0.296228
v -0.050501 0.632789 0.301647
v -0.060744 0.628314 0.301998
v -0.060442 0.614993 0.296003
v -0.044303 0.634608 0.305817
v -0.038319 0.624595 0.301339
v 0.014118 0.435176 -0.480613
v 0.020011 0.422549 -0.483162
v 0.000000 0.439878 -0.479389
v 0.014434 0.409127 -0.485657
v 0.000000 0.404162 -0.486708
v -0.014118 0.435176 -0.480613
v -0.020011 0.422549 -0.483162
v -0.014434 0.409127 -0.485657
v 0.000000 0.436254 -0.513590
v 0.040363 0.405995 -0.354733
v 0.029330 0.431986 -0.352698
v 0.000000 0.366492 -0.357877
v 0.029151 0.378567 -0.356995
v 0.000000 0.439855 -0.351164
v -0.040363 0.405995 -0.354733
v -0.029330 0.431986 -0.352698
v -0.029151 0.378567 -0.356995
vn 0.3662 0.9068 0.2086
vn -0.0000 0.9730 0.2306
vn -0.0000 0.9404 0.3402
vn 0.3525 0.8884 0.2941
vn 0.3792 0.9157 0.1330
vn -0.0000 0.9884 0.1518
vn 0.6659 0.7385 0.1054
vn 0.6476 0.7433 0.1677
vn 0.8363 0.5292 0.1435
vn 0.8322 0.5479 0.0852
vn 0.6519 0.7171 0.2466
vn 0.3173 -0.8651 0.3884
vn 0.0668 -0.8048 0.5898
vn 0.5312 -0.3920 0.7511
vn 0.5931 -0.3120 0.7422
vn 0.9603 0.2782 0.0209
vn 0.6747 -0.7337 0.0803
vn 0.7113 -0.1698 0.6820
vn 0.8032 0.4502 0.3902
vn -0.1304 0.0190 0.9913
vn 0.6009 0.0557 0.7974
vn -0.0618 0.8638 0.5000
vn 0.1168 0.9472 0.2987
vn 0.4365 0.7553 0.4889
vn 0.4516 0.6238 0.6379
vn 0.5409 0.7753 0.3261
vn 0.3281 0.9446 0.0033
vn 0.5977 0.2382 0.7655
vn 0.4700 0.3055 0.8281
vn 0.7698 0.2895 0.5689
vn 0.7774 0.1415 0.6128
vn 0.6677 0.7401 0.0796
vn 0.8094 0.5793 0.0968
vn 0.7701 0.6303 0.0983
vn 0.6650 0.7413 0.0902
vn -0.0000 0.9955 0.0945
vn 0.3844 0.9190 0.0878
vn 0.3872 0.9152 0.1116
vn -0.0000 0.9929 0.1193
vn 0.9436 -0.1991 0.2646
vn 0.9415 -0.1807 0.2843
vn 0.8278 -0.4695 0.3072
vn 0.8341 -0.4893 0.2545
vn 0.8602 -0.2571 0.4405
vn 0.6959 -0.4850 0.5297
vn 0.9011 0.4202 0.1072
vn 0.9237 0.2632 0.2784
vn 0.9275 0.1399 0.3466
vn 0.9633 0.2001 0.1792
vn 0.8521 0.5007 0.1527
vn 0.9295 0.2887 0.2295
vn 0.7453 0.6528 0.1355
vn 0.7499 0.6307 0.1997
vn 0.6250 0.7195 0.3028
vn -0.0000 0.8809 0.4733
vn 0.3679 0.7915 0.4880
vn 0.2353 0.5946 0.7688
vn -0.0000 0.6855 0.7281
vn 0.1534 0.6341 0.7578
vn -0.0000 0.6439 0.7651
vn 0.1601 0.8513 0.4996
vn -0.0000 0.8571 0.5151
vn -0.0000 0.9636 0.2674
vn 0.1561 0.9455 0.2856
vn 0.1361 0.9904 -0.0222
vn -0.0000 0.9994 -0.0336
vn 0.9313 -0.0585 0.3596
vn 0.9706 -0.0169 0.2402
vn 0.9631 0.0011 0.2690
vn 0.6855 0.5529 0.4737
vn 0.6648 0.4638 0.5856
vn 0.0959 0.0678 0.9931
vn 0.3783 0.6114 0.6951
vn 0.5829 0.5010 0.6397
vn 0.9400 0.2029 0.2744
vn 0.7341 -0.3184 0.5998
vn 0.5135 -0.5022 0.6958
vn 0.3754 0.6797 0.6301
vn 0.4112 -0.4927 0.7669
vn 0.7022 0.6960 0.1500
vn 0.4111 0.8796 0.2393
vn -0.0000 0.9616 0.2746
vn 0.6896 0.5105 0.5137
vn 0.5971 -0.3784 0.7073
vn 0.3566 -0.6153 0.7030
vn 0.7907 -0.2373 0.5643
vn 0.8178 -0.2734 0.5064
vn 0.6459 -0.5184 0.5605
vn 0.6623 -0.4371 0.6085
vn 0.8259 -0.2078 0.5242
vn 0.6966 -0.3863 0.6046
vn 0.8374 0.0235 0.5461
vn 0.8643 0.0205 0.5026
vn 0.8386 0.4161 0.3515
vn 0.7914 0.2863 0.5402
vn 0.8427 0.2735 0.4637
vn 0.9312 -0.0035 0.3644
vn 0.9035 -0.2488 0.3491
vn 0.8726 0.4182 0.2523
vn 0.9341 -0.1688 0.3145
vn 0.7736 -0.1607 0.6129
vn 0.7137 -0.2992 0.6334
vn 0.3313 -0.5620 0.7579
vn 0.3418 -0.0678 0.9373
vn -0.0000 -0.6556 0.7551
vn -0.0000 -0.1157 0.9933
vn 0.0874 -0.4806 0.8726
vn 0.1232 -0.2184 0.9681
vn -0.0000 -0.2439 0.9698
vn -0.0000 -0.4775 0.8786
vn 0.6996 -0.1275 0.7031
vn 0.1588 0.1573 0.9747
vn 0.6549 0.1495 0.7408
vn -0.0000 0.1816 0.9834
vn -0.0000 0.7132 0.7010
vn 0.3275 0.6771 0.6590
vn 0.5888 0.4824 0.6486
vn 0.7409 -0.0109 0.6715
vn 0.6273 -0.6943 0.3527
vn 0.4261 0.6902 0.5849
vn 0.2876 0.5702 0.7695
vn 0.7852 0.4428 0.4329
vn 0.7610 0.4932 0.4215
vn 0.7253 0.4439 0.5262
vn 0.8065 0.5418 0.2368
vn 0.7135 0.6648 0.2214
vn 0.3910 0.8930 0.2228
vn 0.3482 -0.1049 0.9315
vn 0.1614 -0.8328 0.5296
vn 0.4986 -0.7167 0.4876
vn 0.7077 0.0572 0.7042
vn -0.0000 -0.8396 0.5433
vn -0.0000 -0.0090 1.0000
vn 0.2616 -0.8348 0.4844
vn 0.2784 -0.9555 0.0977
vn -0.0000 -0.9963 0.0858
vn -0.0000 -0.8680 0.4966
vn 0.2187 -0.9641 0.1505
vn -0.0000 -0.9862 0.1655
vn 0.1470 -0.9510 0.2721
vn -0.0000 -0.9632 0.2688
vn 0.9419 0.0844 0.3251
vn 0.5795 -0.7601 0.2939
vn 0.9677 0.0957 0.2330
vn 0.9719 0.0747 0.2232
vn 0.5989 -0.7831 0.1675
vn 0.6125 -0.7738 0.1616
vn 0.8711 0.0753 -0.4853
vn 0.4982 -0.7399 0.4520
vn 0.0546 -0.6738 0.7369
vn -0.0000 -0.6572 0.7537
vn 0.7463 -0.5352 0.3957
vn 0.7951 -0.5187 0.3142
vn 0.6476 -0.6888 0.3258
vn 0.0188 -0.2016 -0.9793
vn 0.0724 -0.8872 -0.4557
vn -0.0000 -0.8268 -0.5626
vn -0.0000 -0.1034 -0.9946
vn 0.0199 0.7057 -0.7082
vn -0.0000 0.7266 -0.6871
vn 0.0573 0.9976 0.0379
vn 0.0428 0.9830 -0.1788
vn -0.0000 0.9826 -0.1858
vn -0.0000 0.9995 0.0329
vn 0.1824 -0.9052 0.3839
vn 0.0748 -0.8359 0.5437
vn -0.0000 -0.7917 0.6109
vn -0.0000 -0.9161 0.4008
vn 0.1476 -0.9888 -0.0216
vn -0.0000 -0.9967 -0.0814
vn 0.1968 -0.9696 0.1454
vn -0.0000 -0.9924 0.1227
vn 0.0839 0.9755 0.2032
vn -0.0000 0.9840 0.1780
vn 0.3618 0.9139 0.1843
vn 0.4493 0.8856 0.1174
vn 0.3919 -0.9025 0.1784
vn 0.3689 -0.8763 0.3098
vn 0.3878 0.9169 -0.0942
vn 0.2689 0.6207 -0.7365
vn 0.1766 -0.9838 -0.0295
vn 0.2976 -0.9486 0.1075
vn 0.2763 -0.8254 0.4924
vn 0.1277 -0.4796 -0.8681
vn -0.0000 -0.6815 0.7318
vn 0.0710 -0.6623 0.7458
vn 0.2533 -0.6640 0.7035
vn 0.0894 0.9818 0.1674
vn -0.0000 0.9928 0.1202
vn 0.1559 0.9530 0.2596
vn 0.4668 -0.7183 0.5159
vn 0.5479 -0.7749 0.3153
vn 0.5679 -0.7922 0.2234
vn 0.5070 -0.8244 0.2516
vn 0.4237 -0.8502 0.3124
vn 0.7239 0.6661 0.1798
vn 0.6657 0.7162 0.2095
vn 0.6949 0.7112 0.1058
vn 0.5523 0.6990 -0.4544
vn 0.4124 0.8229 0.3908
vn 0.2248 0.8472 0.4813
vn -0.0000 0.8728 0.4881
vn 0.3353 -0.6979 -0.6329
vn 0.0524 -0.7280 0.6836
vn -0.0000 -0.7206 0.6933
vn 0.1275 -0.7911 0.5983
vn 0.8582 -0.0097 0.5132
vn 0.6919 0.7207 0.0425
vn 0.4900 0.8715 0.0197
vn 0.1367 0.9613 0.2391
vn 0.1242 0.9563 -0.2645
vn -0.1239 0.8512 -0.5101
vn 0.2372 0.8826 -0.4059
vn 0.0938 0.9025 -0.4203
vn -0.0000 0.9608 -0.2772
vn -0.0000 0.9116 -0.4110
vn 0.8742 0.0687 0.4807
vn 0.9024 -0.1303 0.4108
vn 0.7590 -0.1105 0.6416
vn 0.7097 0.0025 0.7045
vn 0.9393 0.1593 -0.3040
vn 0.9944 -0.0136 -0.1052
vn 0.9824 -0.1004 0.1574
vn 0.9713 0.2197 0.0915
vn 0.8385 0.2072 -0.5039
vn 0.9769 0.1269 -0.1719
vn 0.5298 -0.0815 0.8442
vn 0.5398 -0.1314 0.8315
vn -0.0000 -0.1482 0.9890
vn -0.0000 -0.1141 0.9935
vn -0.6874 0.4540 -0.5669
vn -0.5844 0.1877 0.7895
vn -0.6045 0.2833 0.7446
vn -0.6339 0.5965 -0.4923
vn 0.1153 0.9427 -0.3130
vn 0.0998 0.7185 0.6883
vn 0.6540 0.3757 0.6567
vn 0.7068 0.6334 -0.3150
vn 0.9128 0.0946 -0.3972
vn 0.6328 -0.1000 0.7678
vn 0.8394 0.4454 0.3116
vn 0.9255 0.3596 -0.1191
vn 0.8767 0.2096 -0.4329
vn 0.7068 -0.0572 0.7051
vn 0.6128 -0.4636 0.6400
vn 0.3630 -0.5621 0.7431
vn -0.4171 0.5503 0.7233
vn -0.5734 0.3783 0.7267
vn -0.6625 -0.0202 0.7488
vn -0.6511 0.1215 0.7492
vn 0.1109 0.4966 -0.8609
vn 0.1057 0.3289 -0.9384
vn -0.4609 0.8458 -0.2687
vn -0.5566 0.7152 -0.4226
vn 0.5563 0.1825 0.8107
vn 0.7337 0.0873 0.6738
vn 0.7777 0.5961 0.1998
vn 0.6896 0.7231 0.0402
vn 0.7132 -0.3812 0.5882
vn 0.7257 -0.5199 0.4506
vn 0.0845 0.6177 -0.7819
vn 0.8094 0.3892 -0.4398
vn 0.6751 -0.4322 0.5978
vn 0.6958 -0.5680 0.4395
vn -0.0000 -0.1981 0.9802
vn 0.4867 -0.1706 0.8567
vn -0.0000 -0.6294 0.7771
vn -0.0000 -0.3366 0.9417
vn 0.3347 -0.4292 0.8389
vn 0.2562 -0.6443 0.7206
vn -0.0000 -0.0750 0.9972
vn 0.3772 -0.1167 0.9188
vn 0.9428 -0.2469 0.2239
vn 0.8542 -0.2893 0.4321
vn 0.7000 -0.2154 0.6808
vn 0.7241 0.4887 -0.4868
vn 0.9170 0.3863 -0.0991
vn 0.3608 0.4957 -0.7901
vn 0.3060 0.5776 -0.7568
vn 0.6014 0.4098 -0.6859
vn 0.7233 0.3460 -0.5976
vn 0.8344 0.5486 0.0537
vn 0.4282 0.6804 0.5947
vn 0.7461 0.0252 0.6653
vn -0.0029 -0.5411 0.8409
vn -0.3216 -0.4175 0.8499
vn 0.6836 -0.6049 0.4083
vn 0.5745 -0.7265 0.3771
vn -0.7317 -0.2162 0.6464
vn -0.7091 -0.1387 0.6913
vn 0.5566 0.7152 -0.4226
vn -0.0845 0.6177 -0.7819
vn -0.1153 0.9427 -0.3130
vn 0.4609 0.8458 -0.2687
vn 0.0009 -0.4752 0.8799
vn 0.0512 -0.4496 0.8918
vn 0.0622 -0.4928 0.8679
vn -0.0341 -0.8720 0.4882
vn -0.6188 -0.1769 0.7654
vn -0.6688 -0.5318 0.5195
vn 0.1580 0.7621 -0.6279
vn -0.0000 0.8047 -0.5937
vn -0.0000 0.5452 -0.8383
vn 0.3490 0.6301 -0.6937
vn -0.0000 0.6359 -0.7718
vn -0.0000 0.6345 -0.7729
vn -0.0559 0.4313 0.9005
vn -0.7237 -0.3052 0.6189
vn 0.5445 0.5506 -0.6327
vn 0.2176 0.7746 -0.5939
vn 0.8232 0.2095 0.5278
vn 0.9262 0.1907 0.3252
vn 0.8314 0.4656 0.3032
vn 0.9357 -0.0265 0.3517
vn 0.8724 -0.2136 0.4397
vn 0.4426 -0.6098 0.6575
vn 0.4922 -0.4664 0.7350
vn 0.5733 -0.2671 0.7746
vn 0.3943 0.7792 -0.4871
vn 0.7458 -0.3247 0.5816
vn 0.9934 -0.0698 0.0908
vn 0.9747 0.2038 0.0919
vn 0.8801 0.4527 0.1431
vn 0.4169 0.6065 -0.6771
vn 0.2402 0.6455 -0.7250
vn -0.0000 0.6847 -0.7289
vn 0.8347 -0.2578 -0.4865
vn 0.9957 -0.0926 -0.0078
vn 0.9809 -0.1898 -0.0417
vn 0.7588 -0.2231 -0.6119
vn 0.4262 -0.2662 0.8646
vn 0.4609 -0.1499 0.8747
vn -0.0000 -0.2100 0.9777
vn -0.0000 -0.3147 0.9492
vn 0.9756 0.0312 -0.2172
vn 0.9782 0.1770 0.1083
vn 0.9982 0.0114 0.0590
vn 0.9640 -0.0706 -0.2563
vn -0.0000 -0.6544 -0.7561
vn -0.0000 0.0785 -0.9969
vn -0.2427 0.1313 -0.9612
vn -0.3402 -0.5904 -0.7319
vn 0.9403 -0.3298 -0.0839
vn 0.9963 0.0842 -0.0152
vn 0.9953 0.0520 -0.0812
vn 0.9395 -0.3313 -0.0873
vn 0.4457 0.8932 0.0599
vn -0.0000 0.9993 0.0376
vn -0.0000 0.9991 -0.0430
vn 0.4899 0.8710 -0.0371
vn 0.4735 -0.8620 -0.1810
vn 0.7734 -0.6157 -0.1508
vn 0.7720 -0.6249 -0.1162
vn 0.4902 -0.8609 -0.1360
vn 0.8010 0.5962 0.0540
vn 0.8083 0.5861 -0.0565
vn -0.1652 -0.6288 0.7598
vn -0.5509 -0.8153 0.1785
vn -0.9279 -0.3636 0.0823
vn -0.5852 -0.4787 0.6545
vn 0.8089 -0.1826 0.5589
vn 0.7980 -0.3279 0.5057
vn 0.7899 -0.0861 -0.6071
vn 0.9910 -0.1100 -0.0757
vn 0.9777 -0.2021 -0.0567
vn 0.7811 0.0446 -0.6228
vn 0.3418 0.8718 -0.3509
vn -0.0000 0.9258 -0.3780
vn -0.0000 0.9981 -0.0623
vn 0.3962 0.9178 -0.0247
vn 0.5786 -0.4511 0.6795
vn 0.0644 -0.5462 0.8352
vn 0.0620 -0.7260 0.6849
vn 0.4653 -0.6276 0.6242
vn 0.9631 0.1569 0.2188
vn 0.7542 0.6533 0.0664
vn -0.5658 -0.4623 0.6828
vn -0.4271 -0.6204 0.6578
vn -0.9769 -0.1080 -0.1843
vn -0.7159 -0.0813 -0.6934
vn -0.6753 0.1280 -0.7264
vn -0.9888 -0.0875 -0.1211
vn -0.0000 -0.9062 -0.4229
vn -0.0934 -0.9166 -0.3887
vn 0.3566 -0.9277 -0.1108
vn -0.0000 -0.9667 -0.2559
vn 0.6004 0.7665 -0.2280
vn -0.0000 -0.9930 -0.1185
vn 0.4799 -0.8722 -0.0952
vn 0.3165 -0.9434 -0.0992
vn -0.0000 -0.9998 0.0209
vn -0.0000 -0.9835 -0.1807
vn -0.0000 -0.9880 -0.1546
vn 0.6836 0.7280 0.0524
vn 0.9821 -0.0621 0.1776
vn 0.9894 -0.0189 0.1439
vn 0.6560 0.7543 0.0263
vn 0.4110 0.7522 -0.5150
vn 0.4748 0.7940 -0.3796
vn -0.0000 0.9117 -0.4108
vn -0.0000 0.8117 -0.5841
vn -0.0000 -0.9739 0.2270
vn 0.1168 -0.9753 0.1876
vn 0.0349 -0.8938 0.4472
vn -0.0000 -0.8892 0.4576
vn 0.6620 -0.6956 0.2791
vn -0.0000 -0.9398 0.3417
vn -0.0000 -0.9475 0.3196
vn 0.6785 -0.6848 0.2658
vn 0.4826 0.8552 -0.1890
vn 0.8092 0.5668 -0.1544
vn 0.9725 0.1790 -0.1491
vn 0.7734 -0.6266 -0.0963
vn -0.0000 0.9756 -0.2195
vn 0.9353 -0.3237 -0.1433
vn 0.6888 0.0668 -0.7219
vn 0.9967 0.0437 -0.0687
vn 0.9929 -0.0427 -0.1112
vn 0.6404 -0.1049 -0.7608
vn -0.9986 -0.0033 0.0519
vn -0.8008 0.0764 -0.5940
vn -0.7559 0.0276 -0.6541
vn -0.9989 0.0443 0.0177
vn 0.7800 -0.0176 0.6256
vn 0.0717 -0.0682 0.9951
vn 0.0705 0.1117 0.9912
vn 0.7892 0.0689 0.6102
vn -0.0441 0.1059 -0.9934
vn -0.0265 0.1320 -0.9909
vn 0.8587 0.1186 0.4985
vn 0.8582 -0.0270 0.5126
vn -0.1551 -0.8181 -0.5538
vn -0.7082 -0.3592 -0.6079
vn 0.3114 -0.5157 -0.7982
vn 0.1042 -0.2752 -0.9557
vn 0.2583 -0.4031 0.8779
vn 0.1878 -0.5169 0.8352
vn -0.5513 0.2920 0.7815
vn -0.9850 0.1640 0.0538
vn -0.9828 0.0272 0.1829
vn -0.6671 0.4081 0.6233
vn -0.7553 -0.2839 -0.5907
vn -0.0298 -0.4533 -0.8909
vn -0.0539 -0.1815 -0.9819
vn -0.7759 -0.1005 -0.6228
vn 0.0576 0.2355 0.9702
vn 0.0630 0.4620 0.8846
vn 0.6129 -0.3365 -0.7149
vn 0.9982 -0.0015 -0.0606
vn 0.9690 0.1195 -0.2164
vn 0.6589 -0.0951 -0.7462
vn -0.7014 -0.0484 0.7111
vn -0.7042 0.1213 0.6996
vn 0.9972 -0.0701 -0.0250
vn 0.7494 -0.2077 0.6287
vn 0.8259 -0.2558 0.5025
vn 0.9856 -0.1665 -0.0284
vn -0.6371 -0.1702 0.7518
vn -0.9949 0.0405 0.0920
vn -0.9900 -0.1050 0.0938
vn -0.7281 -0.2219 0.6485
vn -0.8028 0.1014 -0.5875
vn -0.0827 0.1148 -0.9899
vn -0.0771 -0.0697 -0.9946
vn -0.8076 -0.0575 -0.5869
vn 0.0733 -0.1639 0.9837
vn 0.7577 -0.2928 0.5832
vn 0.5023 -0.4569 0.7341
vn 0.0811 -0.4293 0.8995
vn 0.7412 0.0170 -0.6710
vn 0.7053 -0.0952 -0.7025
vn -0.6455 -0.3084 0.6988
vn -0.3515 -0.4588 0.8161
vn -0.3710 -0.3570 0.8573
vn 0.9761 -0.2090 -0.0591
vn -0.9716 -0.2330 0.0412
vn -0.0627 -0.2418 -0.9683
vn -0.7772 -0.2171 -0.5907
vn 0.4943 -0.2005 0.8459
vn 0.5325 -0.3436 0.7735
vn 0.7110 -0.2106 -0.6709
vn 0.9889 0.1460 -0.0259
vn 0.8324 0.2688 -0.4847
vn 0.6017 0.5971 -0.5305
vn 0.9160 0.4013 -0.0014
vn 0.9238 -0.2618 0.2796
vn 0.7129 -0.6690 0.2103
vn 0.4916 -0.6560 0.5727
vn 0.8588 -0.1801 0.4795
vn -0.0255 -0.9807 0.1937
vn -0.6348 -0.7280 -0.2591
vn -0.6037 -0.4593 -0.6516
vn 0.0831 0.6650 -0.7422
vn 0.5271 0.5395 -0.6566
vn 0.6522 0.2031 -0.7303
vn 0.0898 0.2849 -0.9543
vn 0.9939 -0.1096 -0.0128
vn 0.6846 -0.5177 0.5132
vn 0.6958 -0.4754 0.5384
vn 0.9863 -0.1570 -0.0499
vn -0.4134 0.5747 -0.7062
vn -0.5420 0.2815 -0.7918
vn -0.6989 -0.4507 0.5554
vn -0.9899 0.0805 -0.1169
vn -0.9805 0.0208 -0.1952
vn -0.7109 -0.4158 0.5672
vn -0.9024 -0.2709 0.3350
vn -0.6862 -0.5022 0.5262
vn 0.0418 -0.1398 -0.9893
vn 0.0538 0.1320 -0.9898
vn 0.8720 -0.2864 0.3971
vn 0.6871 -0.5410 0.4849
vn -0.8139 -0.2053 -0.5435
vn -0.9440 -0.3009 -0.1350
vn -0.6984 -0.6305 0.3386
vn 0.2588 -0.6412 0.7224
vn 0.1196 -0.0150 -0.9927
vn 0.1263 0.1295 -0.9835
vn 0.8278 -0.2749 0.4890
vn 0.9985 -0.0466 -0.0270
vn 0.8591 0.0358 -0.5106
vn 0.1417 -0.7102 0.6896
vn 0.3455 -0.4904 0.8001
vn -0.0000 -0.5441 0.8390
vn -0.0000 -0.7701 0.6380
vn 0.8787 -0.2543 -0.4041
vn 0.6676 -0.6376 -0.3844
vn 0.9555 0.2879 0.0640
vn 0.8221 0.1918 0.5361
vn -0.6167 0.4570 -0.6410
vn -0.7853 0.1898 -0.5893
vn 0.0562 -0.6574 0.7514
vn 0.0540 -0.5874 0.8075
vn 0.7501 0.3581 -0.5560
vn 0.8878 0.0289 -0.4594
vn 0.3492 0.4629 -0.8148
vn -0.0000 0.4141 -0.9102
vn -0.0172 0.5180 -0.8552
vn -0.0000 -0.1542 0.9880
vn 0.5038 -0.0946 0.8586
vn 0.4251 -0.2777 0.8615
vn 0.6606 0.0472 0.7493
vn 0.5819 0.0067 0.8132
vn 0.8391 0.1722 0.5159
vn 0.7625 0.5103 -0.3978
vn 0.9451 0.2984 0.1332
vn 0.7901 0.5466 -0.2775
vn 0.8335 0.5000 -0.2351
vn 0.2852 0.2802 0.9166
vn 0.3544 0.3764 0.8560
vn 0.1825 -0.3954 0.9002
vn -0.0000 -0.4633 0.8862
vn -0.0000 0.1499 0.9887
vn 0.2465 0.1271 0.9608
vn 0.7621 -0.1504 0.6298
vn 0.2296 -0.2781 0.9327
vn 0.6630 0.1074 0.7409
vn 0.3164 -0.3212 0.8926
vn -0.0867 -0.4624 0.8824
vn -0.3185 -0.5880 0.7435
vn -0.5904 -0.7623 0.2652
vn 0.5556 -0.2543 0.7916
vn -0.0000 -0.2758 0.9612
vn 0.0394 -0.8241 0.5651
vn -0.4190 -0.6325 0.6515
vn 0.8667 -0.1123 0.4860
vn 0.7403 -0.4940 0.4560
vn -0.6298 -0.4128 0.6580
vn -0.2472 -0.6022 0.7591
vn 0.3057 -0.4059 0.8613
vn 0.3179 0.5513 0.7714
vn 0.0126 0.1751 0.9845
vn 0.6899 0.2741 0.6699
vn 0.1477 -0.5254 0.8380
vn 0.9337 0.1962 0.2994
vn 0.0586 -0.1606 -0.9853
vn 0.8372 -0.0966 -0.5383
vn 0.9956 -0.0870 -0.0343
vn 0.7928 -0.2297 0.5646
vn -0.7952 -0.1184 -0.5947
vn -0.7824 -0.3054 0.5427
vn -0.9865 -0.1146 -0.1170
vn 0.0903 -0.3101 0.9464
vn -0.4391 -0.3512 0.8270
vn 0.5533 -0.3068 0.7745
vn 0.9853 -0.1660 -0.0404
vn 0.7493 0.2402 -0.6172
vn 0.0662 -0.7008 0.7103
vn 0.0581 -0.6692 0.7408
vn 0.6627 -0.5456 0.5131
vn -0.6763 -0.4827 0.5564
vn -0.6209 0.3683 -0.6920
vn -0.9925 0.0270 -0.1188
vn 0.0663 0.4358 -0.8976
vn 0.2079 0.6982 -0.6851
vn 0.1284 -0.4130 0.9017
vn -0.7062 -0.3461 0.6177
vn 0.0553 -0.4437 0.8945
vn -0.6139 0.0227 -0.7890
vn -0.9793 -0.0981 -0.1771
vn 0.5444 -0.1172 -0.8306
vn 0.0941 -0.0990 -0.9906
vn 0.7051 -0.3784 0.5997
vn 0.9755 -0.2130 -0.0543
vn 0.7323 -0.0887 -0.6752
vn -0.4231 -0.0252 -0.9057
vn -0.6951 -0.1352 0.7061
vn 0.0388 -0.1850 0.9820
vn -0.5711 0.0855 -0.8164
vn -0.9921 0.0406 -0.1190
vn 0.1174 0.0204 -0.9929
vn 0.6566 0.0648 -0.7515
vn 0.0690 0.0612 -0.9957
vn 0.7148 -0.1024 0.6918
vn 0.9963 0.0372 -0.0777
vn 0.0658 0.5837 -0.8093
vn 0.3914 -0.2045 0.8972
vn 0.2827 -0.4215 0.8617
vn 0.2849 -0.2432 0.9272
vn 0.5602 -0.0369 0.8275
vn 0.9797 -0.1944 -0.0483
vn 0.7176 -0.1335 -0.6836
vn -0.7437 -0.1529 -0.6508
vn -0.9599 -0.2710 0.0712
vn 0.1928 -0.4944 0.8476
vn 0.8054 -0.3420 0.4841
vn -0.0057 -0.0917 -0.9958
vn -0.6089 -0.4377 0.6615
vn 0.0494 -0.2836 0.9577
vn 0.7251 0.1962 0.6601
vn 0.7238 0.4606 0.5138
vn 0.9952 -0.0801 -0.0556
vn 0.7439 -0.1151 0.6584
vn -0.6530 -0.1276 0.7465
vn -0.9944 -0.0913 0.0534
vn -0.7765 -0.0865 -0.6242
vn -0.0663 -0.0973 -0.9930
vn 0.0720 -0.1470 0.9865
vn 0.6953 -0.0821 -0.7140
vn -0.5053 -0.5808 -0.6382
vn -0.1376 -0.6117 -0.7790
vn 0.2733 -0.4853 -0.8305
vn 0.2927 -0.3826 -0.8763
vn 0.4777 -0.3240 -0.8166
vn -0.0436 -0.3405 -0.9392
vn -0.6091 -0.3279 -0.7222
vn -0.0347 -0.7618 -0.6469
vn 0.1328 -0.7545 -0.6427
vn 0.0728 -0.8522 -0.5182
vn -0.0546 -0.8693 -0.4912
vn -0.2460 -0.7726 -0.5854
vn -0.1865 -0.8432 -0.5043
vn 0.5498 -0.5684 -0.6121
vn -0.9923 0.1192 -0.0335
vn -0.7116 -0.4983 -0.4954
vn 0.0339 0.6101 0.7916
vn 0.4061 0.5952 0.6934
vn -0.0169 -0.9751 -0.2210
vn 0.0540 -0.9591 -0.2777
vn 0.0266 -0.9994 -0.0213
vn 0.0043 -1.0000 0.0075
vn -0.3676 0.5512 0.7491
vn -0.7991 0.5363 0.2716
vn -0.3721 0.8000 0.4706
vn 0.8035 0.5762 0.1494
vn 0.9681 0.0205 -0.2497
vn 0.0374 0.8639 0.5022
vn -0.9801 0.1590 -0.1192
vn 0.5337 -0.7584 -0.3742
vn -0.1218 -0.9552 -0.2698
vn -0.0404 -0.9989 -0.0237
vn 0.0123 0.9377 0.3473
vn 0.0047 -0.0204 0.9998
vn -0.6342 -0.2739 0.7230
vn -0.5021 0.3690 0.7821
vn 0.5553 0.3604 0.7495
vn 0.6229 -0.2732 0.7331
vn -0.6451 -0.7561 -0.1105
vn 0.6207 -0.6508 0.4372
vn -0.4681 -0.7961 0.3836
vn -0.2474 0.8943 0.3728
vn -0.0115 0.3527 0.9357
vn -0.6670 -0.1788 0.7233
vn -0.5542 0.4283 0.7138
vn -0.5931 -0.6998 0.3982
vn -0.9949 0.0949 -0.0328
vn -0.6228 -0.2025 0.7557
vn 0.5370 -0.8305 -0.1480
vn 0.4844 -0.8171 0.3126
vn -0.5612 -0.6749 0.4791
vn 0.3687 0.8385 0.4012
vn -0.6690 -0.6677 -0.3264
vn -0.5701 0.4352 0.6968
vn 0.2206 -0.2997 0.9282
vn 0.0943 -0.0434 0.9946
vn 0.4769 -0.2381 0.8461
vn 0.3667 0.4092 0.8355
vn -0.2338 -0.0413 0.9714
vn -0.3591 -0.2664 0.8945
vn -0.6870 0.7026 0.1856
vn -0.5285 -0.1765 0.8304
vn 0.1951 -0.4714 0.8601
vn 0.2476 -0.3386 0.9078
vn 0.7028 -0.3075 0.6415
vn 0.1570 -0.3689 0.9161
vn 0.1160 -0.5557 0.8232
vn 0.7660 0.6200 0.1697
vn 0.2919 0.8752 0.3858
vn -0.3233 0.3707 0.8707
vn 0.6660 0.3554 0.6559
vn 0.1208 0.1182 0.9856
vn 0.9915 -0.0826 -0.1009
vn 0.5996 -0.7085 0.3722
vn -0.0144 -0.4940 0.8694
vn 0.0714 -0.5262 0.8474
vn 0.1045 -0.4083 0.9069
vn 0.6493 -0.2847 0.7052
vn 0.6310 0.3511 0.6917
vn -0.5532 -0.7235 0.4129
vn 0.5641 -0.7206 0.4033
vn -0.0481 -0.4502 0.8917
vn 0.0411 -0.4301 0.9018
vn -0.1018 -0.3121 0.9446
vn 0.0424 -0.0577 0.9974
vn 0.6278 0.0916 0.7729
vn 0.4355 0.6194 0.6532
vn 0.0444 0.5744 0.8174
vn 0.6020 -0.4688 0.6464
vn 0.8725 -0.3236 0.3661
vn 0.9684 0.0751 0.2379
vn 0.7635 0.5382 0.3570
vn 0.2437 -0.5890 0.7705
vn 0.4171 0.8195 -0.3931
vn -0.0000 0.9380 -0.3467
vn 0.7164 0.5436 -0.4374
vn 0.6046 -0.0848 -0.7920
vn -0.0000 -0.5385 -0.8426
vn -0.6160 0.7444 -0.2576
vn -0.0000 0.9938 -0.1108
vn -0.0000 0.4089 -0.9126
vn 0.6160 0.7444 -0.2576
vn -0.0000 0.9997 -0.0243
vn -0.0000 0.9998 -0.0207
vn 0.6160 -0.5520 -0.5620
vn -0.0000 -0.7799 -0.6259
vn -0.0000 -0.6363 -0.7715
vn 0.5547 -0.4288 -0.7131
vn 0.9291 0.0868 -0.3596
vn 0.8490 0.1309 -0.5119
vn -0.0000 0.9993 -0.0375
vn 0.6449 0.7519 -0.1372
vn -0.0000 0.9996 -0.0271
vn 0.7185 0.6899 0.0880
vn 0.9852 -0.0079 0.1714
vn 0.6627 -0.7268 0.1805
vn -0.0000 -0.9829 0.1842
vn 0.0655 -0.2432 0.9678
vn -0.3661 -0.1983 0.9092
vn 0.0373 -0.3698 0.9284
vn 0.5745 0.3784 0.7258
vn -0.4291 0.3971 0.8113
vn -0.3179 0.0625 0.9460
vn 0.3844 0.0911 0.9187
vn 0.9174 -0.2363 0.3203
vn 0.5519 -0.4392 0.7089
vn 0.1833 -0.0214 0.9828
vn 0.1997 -0.1053 0.9742
vn -0.4640 -0.2645 0.8454
vn 0.3272 -0.9202 0.2150
vn -0.4260 -0.8227 0.3764
vn -0.8892 -0.0017 0.4576
vn 0.4935 -0.8649 -0.0914
vn -0.7006 -0.6957 0.1586
vn -0.5632 -0.8155 0.1332
vn 0.3992 -0.9167 -0.0157
vn -0.9435 0.0749 0.3227
vn 0.9665 -0.1981 0.1632
vn -0.3238 0.6183 0.7162
vn 0.5194 0.5572 0.6479
vn -0.5477 0.3937 0.7382
vn -0.9118 -0.2000 0.3586
vn -0.5826 -0.3254 0.7448
vn -0.3970 0.1337 0.9080
vn 0.9009 -0.0103 0.4339
vn 0.4293 0.4604 0.7770
vn 0.3438 0.1895 0.9197
vn 0.4511 -0.2459 0.8579
vn -0.2093 -0.4664 0.8595
vn 0.0943 -0.4709 0.8771
vn -0.3536 -0.8806 0.3154
vn 0.4432 -0.8262 0.3479
vn 0.6700 -0.7303 0.1335
vn -0.5437 -0.8388 0.0270
vn 0.2716 0.6338 0.7243
vn -0.4307 0.5843 0.6878
vn -0.9392 -0.1077 0.3259
vn -0.4199 -0.9064 0.0469
vn 0.5760 -0.8066 0.1331
vn 0.9286 0.1059 0.3557
vn -0.6387 -0.7676 0.0533
vn 0.6431 -0.7631 0.0640
vn 0.3247 -0.8848 0.3343
vn -0.3302 -0.8827 0.3344
vn 0.9183 -0.2129 0.3338
vn 0.5764 -0.3845 0.7211
vn 0.0204 -0.0778 0.9968
vn -0.0645 -0.0860 0.9942
vn 0.0792 -0.2770 0.9576
vn -0.5827 -0.3535 0.7318
vn 0.3207 0.0029 0.9472
vn -0.3114 0.0516 0.9489
vn 0.5685 0.2617 0.7800
vn -0.5229 0.3202 0.7900
vn -0.9092 -0.1473 0.3896
vn -0.3965 0.5303 0.7494
vn -0.9628 0.0066 0.2700
vn -0.5247 -0.8475 0.0800
vn 0.9755 -0.0855 0.2027
vn 0.3871 0.5137 0.7657
vn 0.5231 -0.8472 0.0927
vn 0.6498 -0.7555 0.0833
vn 0.9346 -0.1389 0.3275
vn 0.6901 -0.2012 0.6952
vn 0.3635 -0.7667 0.5292
vn -0.4674 0.3172 0.8252
vn -0.9116 -0.1276 0.3907
vn -0.6511 -0.2108 0.7291
vn -0.2976 0.0666 0.9524
vn 0.1070 -0.1887 0.9762
vn 0.0579 -0.1512 0.9868
vn -0.0354 -0.3465 0.9374
vn -0.3480 -0.7687 0.5367
vn 0.4148 0.0539 0.9083
vn 0.6129 0.2851 0.7370
vn -0.6439 -0.7586 0.0997
vn 0.5727 0.4309 0.6973
vn -0.3702 0.5077 0.7780
vn -0.5016 -0.8539 0.1388
vn 0.5424 -0.8294 0.1334
vn -0.9485 -0.0731 0.3081
vn 0.9633 -0.1033 0.2477
vn -0.9958 0.0829 0.0377
vn -0.0965 -0.6729 -0.7335
vn -0.3072 -0.9342 0.1815
vn 0.7831 -0.5967 0.1754
vn -0.1072 -0.2984 0.9484
vn -0.8274 -0.2155 0.5187
vn -0.3796 -0.7691 0.5143
vn -0.9228 -0.3068 0.2332
vn -0.9229 -0.3568 -0.1447
vn -0.1357 -0.2213 -0.9657
vn -0.5212 -0.3320 -0.7862
vn -0.0238 0.0286 -0.9993
vn 0.5996 0.0697 -0.7973
vn 0.4092 -0.1059 -0.9063
vn -0.0467 -0.1336 -0.9899
vn -0.7043 0.0752 -0.7059
vn -0.5604 -0.1456 -0.8154
vn -0.0859 -0.6802 -0.7280
vn -0.2199 -0.6863 -0.6932
vn -0.6808 -0.3700 -0.6322
vn -0.0576 -0.4194 -0.9060
vn 0.5039 -0.4036 -0.7636
vn 0.9488 0.1415 -0.2824
vn -0.9863 0.1285 -0.1033
vn 0.7513 0.2007 0.6287
vn 0.0698 0.0572 0.9959
vn 0.0349 0.1401 0.9895
vn 0.4130 0.1758 0.8936
vn -0.0167 -0.9687 -0.2475
vn 0.0732 -0.9418 -0.3281
vn 0.0275 -0.9993 -0.0239
vn 0.0041 -1.0000 0.0060
vn -0.3617 0.1241 0.9240
vn -0.7329 0.1201 0.6697
vn -0.8380 0.4145 0.3549
vn -0.4324 0.6468 0.6283
vn 0.8389 0.5120 0.1845
vn 0.9612 0.0290 -0.2743
vn 0.0499 0.7364 0.6747
vn -0.9926 0.0972 -0.0723
vn 0.5558 -0.7169 -0.4209
vn -0.1448 -0.9432 -0.2991
vn -0.0431 -0.9990 -0.0153
vn 0.0151 0.9486 0.3161
vn 0.0045 -0.0203 0.9998
vn -0.6325 -0.2758 0.7238
vn -0.5012 0.3682 0.7831
vn 0.5554 0.3607 0.7493
vn 0.6214 -0.2725 0.7346
vn -0.6404 -0.7635 -0.0829
vn 0.6026 -0.6471 0.4670
vn -0.4832 -0.7957 0.3653
vn -0.2431 0.8986 0.3653
vn -0.0152 0.2900 0.9569
vn -0.6648 -0.1802 0.7250
vn -0.5575 0.4260 0.7126
vn -0.5929 -0.6998 0.3985
vn -0.9977 0.0669 0.0114
vn -0.6553 -0.2036 0.7275
vn 0.5530 -0.8236 -0.1263
vn 0.4846 -0.8196 0.3056
vn -0.5620 -0.6654 0.4913
vn 0.4071 0.7331 0.5448
vn -0.6539 -0.6843 -0.3229
vn 0.0730 -0.6966 -0.7138
vn -0.6068 0.4310 0.6679
vn 0.1626 -0.2993 0.9402
vn 0.0283 -0.0432 0.9987
vn 0.4275 -0.2440 0.8705
vn 0.3296 0.4086 0.8511
vn -0.3095 -0.0412 0.9500
vn -0.4317 -0.2663 0.8618
vn -0.6807 0.6962 0.2281
vn -0.4992 -0.1759 0.8485
vn 0.2698 -0.4703 0.8403
vn 0.3271 -0.3390 0.8821
vn 0.7270 -0.3044 0.6154
vn 0.2348 -0.3676 0.8998
vn 0.1851 -0.5557 0.8105
vn 0.7651 0.6236 0.1603
vn 0.2914 0.8863 0.3599
vn -0.3007 0.3705 0.8788
vn 0.6877 0.3465 0.6380
vn 0.1177 0.2163 0.9692
vn 0.9936 -0.0731 -0.0857
vn 0.6002 -0.7077 0.3727
vn -0.0153 -0.4942 0.8692
vn 0.0744 -0.5266 0.8469
vn 0.1084 -0.4085 0.9063
vn 0.6490 -0.2837 0.7059
vn 0.6334 0.3513 0.6895
vn -0.5549 -0.7218 0.4135
vn 0.5650 -0.7193 0.4041
vn -0.0503 -0.4507 0.8913
vn 0.0430 -0.4305 0.9015
vn -0.1055 -0.3118 0.9443
vn 0.6348 0.3769 0.6745
vn -0.3691 0.3969 0.8404
vn -0.2512 0.0620 0.9660
vn 0.4647 0.0910 0.8808
vn 0.9427 -0.2296 0.2420
vn 0.6096 -0.4331 0.6639
vn 0.2672 -0.0212 0.9634
vn 0.2832 -0.1051 0.9533
vn -0.4035 -0.2643 0.8760
vn 0.3502 -0.9178 0.1871
vn -0.4010 -0.8204 0.4075
vn -0.8590 -0.0016 0.5119
vn 0.4925 -0.8608 -0.1284
vn -0.6915 -0.6936 0.2018
vn -0.5499 -0.8180 0.1685
vn 0.4027 -0.9142 -0.0456
vn -0.9211 0.0733 0.3824
vn 0.9775 -0.1931 0.0849
vn -0.2641 0.6208 0.7382
vn 0.5730 0.5552 0.6029
vn -0.6037 0.3919 0.6942
vn -0.9382 -0.1939 0.2866
vn -0.6353 -0.3216 0.7021
vn -0.4683 0.1330 0.8735
vn 0.8761 -0.0097 0.4820
vn 0.3798 0.4608 0.8022
vn 0.2868 0.1896 0.9390
vn 0.3971 -0.2450 0.8844
vn -0.2770 -0.4654 0.8406
vn 0.0370 -0.4715 0.8811
vn -0.3813 -0.8782 0.2886
vn 0.4234 -0.8239 0.3768
vn 0.6646 -0.7275 0.1702
vn -0.5501 -0.8350 -0.0125
vn 0.2179 0.6359 0.7404
vn -0.4830 0.5829 0.6534
vn -0.9619 -0.1045 0.2525
vn -0.4265 -0.9043 0.0172
vn 0.5647 -0.8088 0.1645
vn 0.9080 0.1036 0.4061
vn -0.6432 -0.7641 0.0488
vn 0.6476 -0.7597 0.0592
vn 0.3325 -0.8824 0.3328
vn -0.3383 -0.8801 0.3332
vn 0.9229 -0.2068 0.3247
vn 0.5795 -0.3804 0.7207
vn 0.0216 -0.0777 0.9967
vn -0.0670 -0.0859 0.9940
vn 0.0822 -0.2772 0.9573
vn -0.5869 -0.3499 0.7301
vn 0.3298 0.0033 0.9440
vn -0.3212 0.0516 0.9456
vn 0.5712 0.2634 0.7774
vn -0.5286 0.3200 0.7863
vn -0.9139 -0.1430 0.3799
vn -0.3990 0.5306 0.7478
vn -0.9652 0.0068 0.2613
vn -0.5254 -0.8473 0.0778
vn 0.9772 -0.0826 0.1958
vn 0.3863 0.5157 0.7648
vn 0.5238 -0.8471 0.0901
vn 0.6537 -0.7527 0.0781
vn 0.9386 -0.1344 0.3176
vn 0.6920 -0.1969 0.6945
vn 0.3701 -0.7652 0.5268
vn -0.4707 0.3180 0.8230
vn -0.9168 -0.1235 0.3799
vn -0.6536 -0.2067 0.7281
vn -0.3055 0.0668 0.9498
vn 0.1106 -0.1888 0.9758
vn 0.0594 -0.1511 0.9867
vn -0.0368 -0.3465 0.9373
vn -0.3549 -0.7668 0.5349
vn 0.4248 0.0540 0.9037
vn 0.6182 0.2860 0.7321
vn -0.6485 -0.7554 0.0939
vn 0.5763 0.4325 0.6935
vn -0.3673 0.5111 0.7771
vn -0.5016 -0.8546 0.1344
vn 0.5428 -0.8298 0.1293
vn -0.9519 -0.0705 0.2982
vn 0.9658 -0.0998 0.2394
vn 0.9720 0.0374 -0.2321
vn 0.6632 0.7439 -0.0824
vn 0.6702 0.7413 -0.0367
vn 0.9967 0.0002 -0.0813
vn 0.9972 -0.0126 0.0741
vn 0.6692 0.7430 0.0117
vn -0.0000 -0.9106 -0.4132
vn 0.6601 -0.6554 -0.3670
vn 0.6880 -0.7173 -0.1102
vn -0.0000 -0.9928 -0.1200
vn -0.0000 -0.9877 0.1565
vn 0.6938 -0.7076 0.1337
vn -0.0000 0.9999 -0.0136
vn -0.0000 1.0000 -0.0078
vn -0.0000 0.9999 -0.0127
vn -0.3662 0.9068 0.2086
vn -0.3525 0.8884 0.2941
vn -0.3792 0.9157 0.1330
vn -0.6659 0.7385 0.1054
vn -0.8322 0.5479 0.0852
vn -0.8363 0.5292 0.1435
vn -0.6476 0.7433 0.1677
vn -0.6519 0.7171 0.2466
vn -0.3173 -0.8651 0.3884
vn -0.5931 -0.3120 0.7422
vn -0.5312 -0.3920 0.7511
vn -0.0668 -0.8048 0.5898
vn -0.9603 0.2782 0.0209
vn -0.8032 0.4502 0.3902
vn -0.7113 -0.1698 0.6820
vn -0.6747 -0.7338 0.0803
vn -0.6009 0.0557 0.7974
vn 0.1304 0.0190 0.9913
vn 0.0618 0.8638 0.5000
vn -0.4516 0.6238 0.6379
vn -0.4365 0.7553 0.4889
vn -0.1168 0.9472 0.2987
vn -0.3281 0.9446 0.0033
vn -0.5409 0.7753 0.3261
vn -0.4700 0.3055 0.8281
vn -0.5977 0.2382 0.7655
vn -0.7774 0.1415 0.6128
vn -0.7698 0.2895 0.5689
vn -0.6677 0.7401 0.0796
vn -0.6650 0.7413 0.0902
vn -0.7701 0.6303 0.0983
vn -0.8094 0.5793 0.0968
vn -0.3872 0.9152 0.1116
vn -0.3844 0.9190 0.0878
vn -0.9436 -0.1991 0.2646
vn -0.8341 -0.4893 0.2545
vn -0.8278 -0.4695 0.3072
vn -0.9415 -0.1807 0.2843
vn -0.6959 -0.4850 0.5297
vn -0.8602 -0.2571 0.4405
vn -0.9011 0.4202 0.1072
vn -0.9633 0.2001 0.1792
vn -0.9275 0.1399 0.3466
vn -0.9237 0.2632 0.2784
vn -0.8521 0.5007 0.1527
vn -0.9295 0.2887 0.2295
vn -0.7453 0.6528 0.1355
vn -0.6250 0.7195 0.3028
vn -0.7499 0.6307 0.1997
vn -0.2353 0.5946 0.7688
vn -0.3679 0.7915 0.4880
vn -0.1534 0.6341 0.7578
vn -0.1601 0.8513 0.4996
vn -0.1361 0.9904 -0.0222
vn -0.1561 0.9455 0.2856
vn -0.9706 -0.0169 0.2402
vn -0.9313 -0.0585 0.3596
vn -0.9631 0.0011 0.2690
vn -0.6648 0.4638 0.5856
vn -0.6855 0.5529 0.4737
vn -0.3783 0.6114 0.6951
vn -0.0959 0.0678 0.9931
vn -0.9400 0.2029 0.2744
vn -0.5829 0.5010 0.6397
vn -0.5135 -0.5022 0.6958
vn -0.7341 -0.3184 0.5998
vn -0.3754 0.6797 0.6301
vn -0.4112 -0.4927 0.7669
vn -0.7022 0.6960 0.1500
vn -0.4111 0.8796 0.2393
vn -0.6896 0.5105 0.5137
vn -0.3566 -0.6153 0.7030
vn -0.5971 -0.3784 0.7073
vn -0.7907 -0.2373 0.5643
vn -0.6623 -0.4371 0.6085
vn -0.6459 -0.5184 0.5605
vn -0.8178 -0.2734 0.5064
vn -0.8259 -0.2077 0.5242
vn -0.6966 -0.3863 0.6046
vn -0.8374 0.0235 0.5461
vn -0.8643 0.0205 0.5026
vn -0.8387 0.4161 0.3515
vn -0.7914 0.2863 0.5402
vn -0.8427 0.2735 0.4637
vn -0.9035 -0.2488 0.3491
vn -0.9312 -0.0035 0.3644
vn -0.9341 -0.1688 0.3145
vn -0.8726 0.4182 0.2523
vn -0.7736 -0.1607 0.6129
vn -0.3418 -0.0678 0.9373
vn -0.3313 -0.5620 0.7579
vn -0.7137 -0.2992 0.6334
vn -0.0874 -0.4806 0.8726
vn -0.1232 -0.2184 0.9681
vn -0.6996 -0.1275 0.7031
vn -0.6549 0.1495 0.7408
vn -0.1588 0.1573 0.9747
vn -0.3275 0.6771 0.6590
vn -0.7409 -0.0109 0.6715
vn -0.5888 0.4824 0.6486
vn -0.6273 -0.6943 0.3527
vn -0.2876 0.5702 0.7695
vn -0.4261 0.6902 0.5849
vn -0.7610 0.4932 0.4215
vn -0.7852 0.4428 0.4329
vn -0.7253 0.4439 0.5262
vn -0.7135 0.6648 0.2214
vn -0.8065 0.5418 0.2368
vn -0.3910 0.8930 0.2228
vn -0.3482 -0.1049 0.9315
vn -0.7077 0.0572 0.7042
vn -0.4986 -0.7167 0.4876
vn -0.1614 -0.8328 0.5296
vn -0.2616 -0.8348 0.4844
vn -0.2784 -0.9555 0.0977
vn -0.2187 -0.9641 0.1505
vn -0.1470 -0.9510 0.2721
vn -0.9419 0.0844 0.3251
vn -0.5795 -0.7601 0.2939
vn -0.9677 0.0957 0.2330
vn -0.6125 -0.7738 0.1616
vn -0.5989 -0.7831 0.1675
vn -0.9719 0.0747 0.2232
vn -0.8711 0.0753 -0.4854
vn -0.4982 -0.7399 0.4520
vn -0.0546 -0.6738 0.7369
vn -0.7463 -0.5352 0.3957
vn -0.7951 -0.5187 0.3142
vn -0.6476 -0.6888 0.3258
vn -0.0188 -0.2016 -0.9793
vn -0.0724 -0.8872 -0.4557
vn -0.0199 0.7057 -0.7082
vn -0.0573 0.9976 0.0379
vn -0.0428 0.9830 -0.1788
vn -0.1824 -0.9052 0.3839
vn -0.0748 -0.8359 0.5437
vn -0.1476 -0.9888 -0.0216
vn -0.1968 -0.9696 0.1454
vn -0.0839 0.9755 0.2032
vn -0.3618 0.9139 0.1843
vn -0.4493 0.8856 0.1174
vn -0.3919 -0.9025 0.1784
vn -0.3689 -0.8763 0.3098
vn -0.3878 0.9169 -0.0942
vn -0.2689 0.6207 -0.7365
vn -0.1766 -0.9838 -0.0295
vn -0.2976 -0.9486 0.1075
vn -0.2763 -0.8254 0.4924
vn -0.1277 -0.4796 -0.8681
vn -0.0710 -0.6623 0.7458
vn -0.2533 -0.6640 0.7035
vn -0.0894 0.9818 0.1674
vn -0.1559 0.9530 0.2596
vn -0.4668 -0.7183 0.5159
vn -0.5479 -0.7749 0.3153
vn -0.5679 -0.7922 0.2234
vn -0.5070 -0.8244 0.2516
vn -0.4237 -0.8502 0.3124
vn -0.7239 0.6661 0.1798
vn -0.6657 0.7162 0.2095
vn -0.6949 0.7112 0.1058
vn -0.5523 0.6990 -0.4544
vn -0.4124 0.8229 0.3908
vn -0.2248 0.8472 0.4813
vn -0.3353 -0.6979 -0.6329
vn -0.0524 -0.7279 0.6836
vn -0.1275 -0.7911 0.5983
vn -0.8582 -0.0097 0.5132
vn -0.4900 0.8715 0.0197
vn -0.6919 0.7207 0.0425
vn -0.1367 0.9613 0.2391
vn -0.1242 0.9563 -0.2645
vn -0.0938 0.9025 -0.4203
vn -0.2372 0.8826 -0.4059
vn 0.1239 0.8512 -0.5101
vn -0.8742 0.0687 0.4807
vn -0.7097 0.0025 0.7045
vn -0.7590 -0.1105 0.6416
vn -0.9024 -0.1303 0.4108
vn -0.9393 0.1593 -0.3040
vn -0.9713 0.2197 0.0915
vn -0.9824 -0.1004 0.1574
vn -0.9944 -0.0136 -0.1052
vn -0.8385 0.2072 -0.5039
vn -0.9769 0.1269 -0.1719
vn -0.5298 -0.0815 0.8442
vn -0.5398 -0.1314 0.8315
vn -0.6751 -0.4322 0.5978
vn -0.6958 -0.5680 0.4395
vn -0.7257 -0.5199 0.4506
vn -0.7132 -0.3812 0.5882
vn -0.7068 0.6334 -0.3150
vn -0.6540 0.3757 0.6567
vn -0.0998 0.7185 0.6883
vn -0.9128 0.0946 -0.3972
vn -0.9255 0.3596 -0.1191
vn -0.8394 0.4454 0.3116
vn -0.6328 -0.1000 0.7678
vn -0.8767 0.2096 -0.4329
vn -0.7068 -0.0572 0.7051
vn 0.5844 0.1877 0.7895
vn 0.6045 0.2833 0.7446
vn 0.3216 -0.4175 0.8499
vn -0.7461 0.0252 0.6653
vn 0.6188 -0.1769 0.7654
vn 0.6874 0.4540 -0.5669
vn 0.6339 0.5965 -0.4923
vn 0.4171 0.5503 0.7233
vn 0.5734 0.3783 0.7267
vn -0.5563 0.1825 0.8107
vn -0.6896 0.7231 0.0402
vn -0.7777 0.5961 0.1998
vn -0.7337 0.0873 0.6738
vn 0.7237 -0.3052 0.6189
vn 0.6688 -0.5318 0.5195
vn -0.8094 0.3892 -0.4398
vn -0.1057 0.3289 -0.9384
vn -0.1109 0.4966 -0.8609
vn -0.4867 -0.1706 0.8567
vn -0.2562 -0.6443 0.7206
vn -0.3347 -0.4292 0.8389
vn -0.3772 -0.1167 0.9188
vn -0.8542 -0.2893 0.4321
vn -0.9428 -0.2469 0.2239
vn -0.7000 -0.2154 0.6808
vn -0.7241 0.4887 -0.4868
vn -0.9170 0.3863 -0.0991
vn -0.3608 0.4957 -0.7901
vn -0.7233 0.3460 -0.5976
vn -0.6014 0.4098 -0.6859
vn -0.3060 0.5776 -0.7568
vn -0.4282 0.6804 0.5947
vn -0.8344 0.5486 0.0537
vn 0.0029 -0.5411 0.8409
vn 0.6511 0.1215 0.7492
vn -0.3630 -0.5621 0.7431
vn -0.6128 -0.4636 0.6400
vn 0.6625 -0.0202 0.7488
vn -0.0009 -0.4752 0.8799
vn -0.0512 -0.4496 0.8918
vn 0.7091 -0.1387 0.6913
vn 0.7317 -0.2162 0.6464
vn -0.0622 -0.4928 0.8679
vn -0.6836 -0.6049 0.4083
vn -0.5745 -0.7265 0.3771
vn 0.0341 -0.8720 0.4882
vn -0.1580 0.7621 -0.6279
vn -0.3490 0.6301 -0.6937
vn 0.0559 0.4313 0.9005
vn -0.5445 0.5506 -0.6327
vn -0.2176 0.7746 -0.5939
vn -0.8314 0.4656 0.3032
vn -0.9262 0.1907 0.3252
vn -0.8232 0.2095 0.5278
vn -0.9357 -0.0265 0.3517
vn -0.8724 -0.2136 0.4397
vn -0.4426 -0.6098 0.6575
vn -0.4922 -0.4664 0.7350
vn -0.5733 -0.2671 0.7746
vn -0.3943 0.7792 -0.4871
vn -0.7458 -0.3247 0.5816
vn -0.9934 -0.0698 0.0908
vn -0.9747 0.2038 0.0919
vn -0.8801 0.4527 0.1431
vn -0.4169 0.6065 -0.6771
vn -0.2402 0.6455 -0.7250
vn -0.8347 -0.2578 -0.4865
vn -0.7588 -0.2231 -0.6119
vn -0.9809 -0.1898 -0.0417
vn -0.9957 -0.0926 -0.0078
vn -0.4262 -0.2662 0.8646
vn -0.4609 -0.1499 0.8747
vn -0.9756 0.0312 -0.2172
vn -0.9640 -0.0706 -0.2563
vn -0.9982 0.0114 0.0590
vn -0.9782 0.1770 0.1083
vn 0.3402 -0.5904 -0.7319
vn 0.2427 0.1313 -0.9612
vn -0.9403 -0.3298 -0.0839
vn -0.9395 -0.3313 -0.0873
vn -0.9953 0.0520 -0.0812
vn -0.9963 0.0842 -0.0152
vn -0.4457 0.8932 0.0599
vn -0.4899 0.8710 -0.0371
vn -0.4735 -0.8620 -0.1810
vn -0.4902 -0.8609 -0.1360
vn -0.7720 -0.6249 -0.1162
vn -0.7734 -0.6157 -0.1508
vn -0.8083 0.5861 -0.0565
vn -0.8010 0.5962 0.0540
vn 0.1652 -0.6288 0.7598
vn 0.5852 -0.4787 0.6545
vn 0.9279 -0.3636 0.0823
vn 0.5509 -0.8153 0.1785
vn -0.7980 -0.3279 0.5057
vn -0.8089 -0.1826 0.5589
vn -0.7899 -0.0861 -0.6071
vn -0.7811 0.0446 -0.6228
vn -0.9777 -0.2021 -0.0567
vn -0.9910 -0.1100 -0.0757
vn -0.3418 0.8718 -0.3509
vn -0.3962 0.9178 -0.0247
vn -0.5786 -0.4511 0.6795
vn -0.4653 -0.6276 0.6242
vn -0.0620 -0.7260 0.6849
vn -0.0644 -0.5462 0.8352
vn -0.9631 0.1569 0.2188
vn -0.7542 0.6533 0.0664
vn 0.4271 -0.6204 0.6578
vn 0.5658 -0.4623 0.6828
vn 0.9769 -0.1080 -0.1843
vn 0.9888 -0.0875 -0.1211
vn 0.6753 0.1280 -0.7264
vn 0.7159 -0.0813 -0.6934
vn -0.3566 -0.9277 -0.1108
vn 0.0934 -0.9166 -0.3887
vn -0.6004 0.7665 -0.2280
vn -0.3165 -0.9434 -0.0992
vn -0.4799 -0.8722 -0.0952
vn -0.6836 0.7280 0.0524
vn -0.6560 0.7543 0.0263
vn -0.9894 -0.0189 0.1439
vn -0.9821 -0.0621 0.1776
vn -0.4110 0.7522 -0.5150
vn -0.4748 0.7940 -0.3796
vn -0.0349 -0.8938 0.4472
vn -0.1168 -0.9753 0.1876
vn -0.6620 -0.6956 0.2791
vn -0.6785 -0.6848 0.2658
vn -0.8092 0.5668 -0.1544
vn -0.4826 0.8552 -0.1890
vn -0.9725 0.1790 -0.1491
vn -0.7734 -0.6266 -0.0963
vn -0.9353 -0.3237 -0.1433
vn -0.6888 0.0668 -0.7219
vn -0.6404 -0.1049 -0.7608
vn -0.9929 -0.0427 -0.1112
vn -0.9967 0.0437 -0.0687
vn 0.9986 -0.0033 0.0519
vn 0.9989 0.0443 0.0177
vn 0.7559 0.0276 -0.6541
vn 0.8008 0.0764 -0.5940
vn -0.7800 -0.0176 0.6256
vn -0.7892 0.0689 0.6102
vn -0.0705 0.1117 0.9912
vn -0.0717 -0.0682 0.9951
vn 0.0441 0.1059 -0.9934
vn 0.0265 0.1320 -0.9909
vn -0.8582 -0.0270 0.5126
vn -0.8587 0.1186 0.4985
vn 0.7082 -0.3592 -0.6079
vn 0.1551 -0.8181 -0.5538
vn -0.1042 -0.2752 -0.9557
vn -0.3114 -0.5157 -0.7982
vn -0.2583 -0.4031 0.8779
vn -0.1878 -0.5169 0.8352
vn 0.5513 0.2920 0.7815
vn 0.6671 0.4081 0.6233
vn 0.9828 0.0272 0.1829
vn 0.9850 0.1640 0.0538
vn 0.7553 -0.2839 -0.5907
vn 0.7759 -0.1005 -0.6228
vn 0.0539 -0.1815 -0.9819
vn 0.0298 -0.4533 -0.8909
vn -0.0576 0.2355 0.9702
vn -0.0630 0.4620 0.8846
vn -0.6129 -0.3365 -0.7149
vn -0.6589 -0.0951 -0.7462
vn -0.9690 0.1195 -0.2164
vn -0.9982 -0.0015 -0.0606
vn 0.7042 0.1213 0.6996
vn 0.7014 -0.0484 0.7111
vn -0.9972 -0.0701 -0.0250
vn -0.9856 -0.1665 -0.0284
vn -0.8259 -0.2558 0.5025
vn -0.7494 -0.2077 0.6287
vn 0.6371 -0.1702 0.7518
vn 0.7281 -0.2219 0.6485
vn 0.9900 -0.1050 0.0938
vn 0.9949 0.0405 0.0920
vn 0.8028 0.1014 -0.5875
vn 0.8076 -0.0575 -0.5869
vn 0.0771 -0.0697 -0.9946
vn 0.0827 0.1148 -0.9899
vn -0.0733 -0.1639 0.9837
vn -0.0811 -0.4293 0.8995
vn -0.5023 -0.4569 0.7341
vn -0.7577 -0.2928 0.5832
vn -0.7053 -0.0952 -0.7025
vn -0.7412 0.0170 -0.6710
vn 0.3710 -0.3570 0.8573
vn 0.3515 -0.4588 0.8161
vn 0.6455 -0.3084 0.6988
vn -0.9761 -0.2090 -0.0591
vn 0.9716 -0.2330 0.0412
vn 0.7772 -0.2171 -0.5907
vn 0.0627 -0.2418 -0.9683
vn -0.5325 -0.3436 0.7735
vn -0.4943 -0.2005 0.8459
vn -0.7110 -0.2106 -0.6709
vn -0.9889 0.1460 -0.0259
vn -0.9160 0.4013 -0.0014
vn -0.6017 0.5971 -0.5305
vn -0.8324 0.2688 -0.4847
vn -0.9238 -0.2618 0.2796
vn -0.8588 -0.1801 0.4795
vn -0.4916 -0.6560 0.5727
vn -0.7129 -0.6690 0.2103
vn 0.0255 -0.9807 0.1937
vn 0.6348 -0.7280 -0.2591
vn 0.6037 -0.4593 -0.6516
vn -0.0831 0.6650 -0.7422
vn -0.0898 0.2849 -0.9543
vn -0.6522 0.2031 -0.7303
vn -0.5271 0.5395 -0.6566
vn -0.9939 -0.1096 -0.0128
vn -0.9863 -0.1570 -0.0499
vn -0.6958 -0.4754 0.5384
vn -0.6846 -0.5177 0.5132
vn 0.4134 0.5747 -0.7062
vn 0.5420 0.2815 -0.7918
vn 0.6989 -0.4507 0.5554
vn 0.7109 -0.4158 0.5672
vn 0.9805 0.0208 -0.1952
vn 0.9899 0.0805 -0.1169
vn 0.9024 -0.2709 0.3350
vn 0.6862 -0.5022 0.5262
vn -0.0538 0.1320 -0.9898
vn -0.0418 -0.1398 -0.9893
vn -0.6871 -0.5410 0.4849
vn -0.8720 -0.2864 0.3971
vn 0.8139 -0.2053 -0.5435
vn 0.9440 -0.3009 -0.1350
vn 0.6984 -0.6305 0.3386
vn -0.2588 -0.6412 0.7224
vn -0.1196 -0.0150 -0.9927
vn -0.1263 0.1295 -0.9835
vn -0.8278 -0.2749 0.4890
vn -0.9985 -0.0466 -0.0270
vn -0.8591 0.0358 -0.5106
vn -0.1417 -0.7102 0.6896
vn -0.3455 -0.4904 0.8001
vn -0.8787 -0.2543 -0.4041
vn -0.6676 -0.6376 -0.3844
vn -0.9555 0.2879 0.0640
vn -0.8221 0.1918 0.5361
vn 0.7853 0.1898 -0.5893
vn 0.6167 0.4570 -0.6410
vn -0.0562 -0.6574 0.7514
vn -0.0540 -0.5874 0.8075
vn -0.7501 0.3581 -0.5560
vn -0.8878 0.0289 -0.4594
vn -0.3492 0.4629 -0.8148
vn 0.0172 0.5180 -0.8552
vn -0.5038 -0.0946 0.8586
vn -0.4251 -0.2777 0.8615
vn -0.6606 0.0472 0.7493
vn -0.5819 0.0067 0.8132
vn -0.8391 0.1722 0.5159
vn -0.7625 0.5103 -0.3978
vn -0.9451 0.2984 0.1332
vn -0.7901 0.5466 -0.2775
vn -0.8335 0.5000 -0.2351
vn -0.2852 0.2802 0.9166
vn -0.3544 0.3764 0.8560
vn -0.1825 -0.3954 0.9002
vn -0.2465 0.1271 0.9608
vn -0.7621 -0.1504 0.6298
vn -0.6630 0.1075 0.7409
vn -0.2296 -0.2781 0.9327
vn -0.3164 -0.3212 0.8926
vn 0.0867 -0.4624 0.8824
vn 0.3185 -0.5880 0.7435
vn 0.5904 -0.7623 0.2652
vn -0.5556 -0.2543 0.7916
vn 0.4190 -0.6325 0.6515
vn -0.0394 -0.8241 0.5651
vn -0.7403 -0.4940 0.4560
vn -0.8667 -0.1123 0.4860
vn 0.2472 -0.6022 0.7591
vn 0.6298 -0.4128 0.6580
vn -0.0126 0.1751 0.9845
vn -0.3179 0.5513 0.7714
vn -0.3057 -0.4059 0.8613
vn -0.6899 0.2741 0.6699
vn -0.1477 -0.5254 0.8380
vn -0.9337 0.1962 0.2994
vn -0.0586 -0.1606 -0.9853
vn -0.8372 -0.0966 -0.5383
vn -0.9956 -0.0870 -0.0343
vn -0.7928 -0.2297 0.5646
vn 0.7952 -0.1184 -0.5947
vn 0.7824 -0.3054 0.5427
vn 0.9865 -0.1146 -0.1170
vn -0.0903 -0.3101 0.9464
vn 0.4391 -0.3512 0.8270
vn -0.5533 -0.3068 0.7745
vn -0.7493 0.2402 -0.6172
vn -0.9853 -0.1660 -0.0404
vn -0.6627 -0.5456 0.5131
vn -0.0581 -0.6692 0.7408
vn -0.0662 -0.7008 0.7103
vn 0.6763 -0.4827 0.5564
vn 0.9925 0.0270 -0.1188
vn 0.6209 0.3683 -0.6920
vn -0.0663 0.4358 -0.8976
vn -0.2079 0.6982 -0.6851
vn -0.1284 -0.4130 0.9017
vn -0.0553 -0.4437 0.8945
vn 0.7062 -0.3461 0.6177
vn 0.9793 -0.0981 -0.1771
vn 0.6139 0.0227 -0.7890
vn -0.0941 -0.0990 -0.9906
vn -0.5444 -0.1172 -0.8306
vn -0.9755 -0.2130 -0.0543
vn -0.7051 -0.3784 0.5997
vn -0.7323 -0.0887 -0.6752
vn 0.4231 -0.0252 -0.9057
vn -0.0388 -0.1850 0.9820
vn 0.6951 -0.1352 0.7061
vn 0.9921 0.0406 -0.1190
vn 0.5711 0.0855 -0.8164
vn -0.1174 0.0204 -0.9929
vn -0.0690 0.0612 -0.9957
vn -0.6566 0.0648 -0.7515
vn -0.9963 0.0372 -0.0777
vn -0.7148 -0.1024 0.6918
vn -0.0658 0.5837 -0.8093
vn -0.3914 -0.2045 0.8972
vn -0.2849 -0.2432 0.9272
vn -0.2827 -0.4215 0.8617
vn -0.5602 -0.0369 0.8275
vn -0.7176 -0.1335 -0.6836
vn -0.9797 -0.1944 -0.0483
vn 0.9599 -0.2710 0.0712
vn 0.7437 -0.1529 -0.6508
vn -0.8054 -0.3420 0.4841
vn -0.1928 -0.4944 0.8476
vn 0.0057 -0.0917 -0.9958
vn 0.6089 -0.4377 0.6615
vn -0.0494 -0.2836 0.9577
vn -0.7238 0.4606 0.5138
vn -0.7251 0.1962 0.6601
vn -0.9952 -0.0801 -0.0556
vn -0.7439 -0.1151 0.6584
vn 0.6530 -0.1276 0.7465
vn 0.9944 -0.0913 0.0534
vn 0.7765 -0.0865 -0.6242
vn 0.0663 -0.0973 -0.9930
vn -0.0720 -0.1470 0.9865
vn -0.6953 -0.0821 -0.7140
vn 0.1376 -0.6117 -0.7790
vn 0.5053 -0.5808 -0.6382
vn -0.2927 -0.3826 -0.8763
vn -0.2733 -0.4853 -0.8305
vn 0.0436 -0.3405 -0.9392
vn -0.4777 -0.3240 -0.8166
vn 0.6091 -0.3279 -0.7222
vn 0.0347 -0.7618 -0.6469
vn 0.0546 -0.8693 -0.4912
vn -0.0728 -0.8522 -0.5182
vn -0.1328 -0.7545 -0.6427
vn 0.2460 -0.7726 -0.5854
vn 0.1865 -0.8432 -0.5043
vn -0.5498 -0.5684 -0.6121
vn 0.9923 0.1192 -0.0335
vn 0.7116 -0.4983 -0.4954
vn -0.4061 0.5952 0.6934
vn -0.0339 0.6101 0.7916
vn 0.0169 -0.9751 -0.2210
vn -0.0043 -1.0000 0.0075
vn -0.0266 -0.9994 -0.0213
vn -0.0540 -0.9591 -0.2777
vn 0.3676 0.5512 0.7491
vn 0.3721 0.8000 0.4706
vn 0.7991 0.5363 0.2716
vn -0.9681 0.0205 -0.2497
vn -0.8035 0.5762 0.1494
vn -0.0374 0.8639 0.5022
vn 0.9801 0.1590 -0.1192
vn -0.5337 -0.7584 -0.3742
vn 0.1218 -0.9552 -0.2698
vn 0.0404 -0.9989 -0.0237
vn -0.0123 0.9377 0.3473
vn 0.5021 0.3690 0.7821
vn 0.6342 -0.2739 0.7230
vn -0.0047 -0.0204 0.9998
vn -0.6229 -0.2732 0.7331
vn -0.5553 0.3604 0.7495
vn 0.6451 -0.7561 -0.1105
vn 0.4681 -0.7961 0.3836
vn -0.6207 -0.6508 0.4372
vn 0.2474 0.8943 0.3728
vn 0.5542 0.4283 0.7138
vn 0.6670 -0.1788 0.7233
vn 0.0115 0.3527 0.9357
vn 0.5931 -0.6998 0.3982
vn 0.9949 0.0949 -0.0328
vn 0.6228 -0.2025 0.7557
vn 0.5612 -0.6749 0.4791
vn -0.4844 -0.8171 0.3126
vn -0.5370 -0.8305 -0.1480
vn -0.3687 0.8385 0.4012
vn 0.6690 -0.6677 -0.3264
vn 0.5701 0.4352 0.6968
vn -0.0943 -0.0434 0.9946
vn -0.2206 -0.2997 0.9282
vn -0.4769 -0.2381 0.8461
vn 0.3591 -0.2664 0.8945
vn 0.2338 -0.0413 0.9714
vn -0.3667 0.4092 0.8355
vn 0.6870 0.7026 0.1856
vn 0.5285 -0.1765 0.8304
vn -0.2476 -0.3386 0.9078
vn -0.1951 -0.4714 0.8601
vn -0.1160 -0.5557 0.8232
vn -0.1570 -0.3689 0.9161
vn -0.7028 -0.3075 0.6415
vn -0.7660 0.6200 0.1697
vn -0.6660 0.3554 0.6559
vn 0.3233 0.3707 0.8707
vn -0.2919 0.8752 0.3858
vn -0.1208 0.1182 0.9856
vn -0.9915 -0.0826 -0.1009
vn -0.0714 -0.5262 0.8474
vn 0.0144 -0.4940 0.8694
vn -0.5996 -0.7085 0.3722
vn -0.1045 -0.4083 0.9069
vn -0.6493 -0.2847 0.7052
vn -0.6310 0.3511 0.6917
vn 0.5532 -0.7235 0.4129
vn -0.0411 -0.4301 0.9018
vn 0.0481 -0.4502 0.8917
vn -0.5641 -0.7206 0.4033
vn 0.1018 -0.3121 0.9446
vn -0.0424 -0.0577 0.9974
vn -0.0444 0.5744 0.8174
vn -0.4354 0.6194 0.6532
vn -0.6278 0.0916 0.7729
vn -0.9684 0.0751 0.2379
vn -0.8725 -0.3236 0.3661
vn -0.6020 -0.4688 0.6464
vn -0.7635 0.5382 0.3570
vn -0.2437 -0.5890 0.7705
vn -0.4171 0.8195 -0.3931
vn -0.7164 0.5436 -0.4374
vn -0.6046 -0.0848 -0.7920
vn -0.5547 -0.4288 -0.7131
vn -0.8490 0.1309 -0.5119
vn -0.6160 -0.5520 -0.5620
vn -0.9291 0.0868 -0.3596
vn -0.6449 0.7519 -0.1372
vn -0.7185 0.6899 0.0880
vn -0.9852 -0.0079 0.1714
vn -0.6627 -0.7268 0.1805
vn -0.0655 -0.2432 0.9678
vn -0.0373 -0.3698 0.9284
vn 0.3661 -0.1983 0.9092
vn -0.5745 0.3784 0.7258
vn -0.3844 0.0911 0.9187
vn 0.3179 0.0625 0.9460
vn 0.4291 0.3971 0.8113
vn -0.9174 -0.2363 0.3203
vn -0.5519 -0.4392 0.7089
vn -0.1833 -0.0214 0.9828
vn -0.1997 -0.1053 0.9742
vn 0.4640 -0.2646 0.8454
vn -0.3272 -0.9202 0.2150
vn 0.4260 -0.8227 0.3764
vn 0.8892 -0.0017 0.4576
vn -0.4935 -0.8649 -0.0914
vn 0.7006 -0.6957 0.1586
vn 0.5632 -0.8155 0.1332
vn -0.3992 -0.9167 -0.0157
vn 0.9435 0.0749 0.3227
vn -0.9665 -0.1981 0.1632
vn 0.3238 0.6183 0.7162
vn -0.5194 0.5572 0.6479
vn 0.5477 0.3937 0.7382
vn 0.3970 0.1337 0.9080
vn 0.5826 -0.3254 0.7448
vn 0.9118 -0.2000 0.3586
vn -0.9009 -0.0104 0.4339
vn -0.4511 -0.2459 0.8579
vn -0.3438 0.1895 0.9197
vn -0.4293 0.4604 0.7770
vn 0.2093 -0.4664 0.8595
vn -0.0943 -0.4709 0.8771
vn -0.4432 -0.8262 0.3479
vn 0.3536 -0.8806 0.3154
vn -0.6700 -0.7303 0.1335
vn 0.5437 -0.8388 0.0270
vn -0.2716 0.6338 0.7243
vn 0.4307 0.5843 0.6878
vn 0.9392 -0.1077 0.3259
vn 0.4199 -0.9064 0.0469
vn -0.5760 -0.8066 0.1331
vn -0.9286 0.1059 0.3557
vn 0.6387 -0.7676 0.0533
vn 0.3302 -0.8827 0.3344
vn -0.3247 -0.8848 0.3343
vn -0.6431 -0.7631 0.0640
vn -0.5764 -0.3845 0.7211
vn -0.9183 -0.2129 0.3338
vn 0.0645 -0.0860 0.9942
vn -0.0204 -0.0778 0.9968
vn -0.0792 -0.2770 0.9576
vn 0.5827 -0.3535 0.7318
vn 0.3114 0.0516 0.9489
vn -0.3207 0.0029 0.9472
vn -0.5685 0.2617 0.7800
vn 0.5229 0.3202 0.7900
vn 0.9092 -0.1473 0.3896
vn 0.3965 0.5303 0.7494
vn 0.9628 0.0066 0.2700
vn 0.5247 -0.8475 0.0800
vn -0.9755 -0.0855 0.2027
vn -0.3871 0.5137 0.7657
vn -0.5231 -0.8472 0.0927
vn -0.6498 -0.7555 0.0833
vn -0.3635 -0.7667 0.5292
vn -0.6901 -0.2012 0.6952
vn -0.9346 -0.1389 0.3275
vn 0.4674 0.3172 0.8252
vn 0.2976 0.0666 0.9524
vn 0.6511 -0.2108 0.7291
vn 0.9116 -0.1276 0.3907
vn -0.0579 -0.1512 0.9868
vn -0.1070 -0.1887 0.9762
vn 0.0354 -0.3465 0.9374
vn 0.3480 -0.7687 0.5367
vn -0.4148 0.0539 0.9083
vn -0.6129 0.2851 0.7370
vn 0.6439 -0.7586 0.0997
vn -0.5727 0.4309 0.6973
vn 0.3702 0.5077 0.7780
vn 0.5016 -0.8539 0.1388
vn -0.5424 -0.8294 0.1334
vn 0.9485 -0.0731 0.3081
vn -0.9633 -0.1033 0.2477
vn 0.9958 0.0829 0.0377
vn 0.3072 -0.9342 0.1815
vn 0.0965 -0.6729 -0.7335
vn -0.7831 -0.5967 0.1754
vn 0.1072 -0.2984 0.9484
vn 0.3796 -0.7691 0.5143
vn 0.8274 -0.2155 0.5187
vn 0.9228 -0.3068 0.2332
vn 0.9229 -0.3568 -0.1447
vn 0.1357 -0.2213 -0.9657
vn 0.5212 -0.3320 -0.7862
vn 0.0238 0.0286 -0.9993
vn 0.0467 -0.1336 -0.9899
vn -0.4092 -0.1059 -0.9063
vn -0.5996 0.0697 -0.7973
vn 0.7043 0.0752 -0.7059
vn 0.5604 -0.1456 -0.8154
vn 0.0859 -0.6802 -0.7280
vn 0.0576 -0.4194 -0.9060
vn 0.6808 -0.3700 -0.6322
vn 0.2199 -0.6863 -0.6932
vn -0.5039 -0.4036 -0.7636
vn -0.9488 0.1415 -0.2824
vn 0.9863 0.1285 -0.1033
vn -0.7513 0.2007 0.6287
vn -0.4130 0.1758 0.8936
vn -0.0349 0.1401 0.9895
vn -0.0698 0.0572 0.9959
vn 0.0167 -0.9687 -0.2475
vn -0.0041 -1.0000 0.0060
vn -0.0275 -0.9993 -0.0239
vn -0.0732 -0.9418 -0.3281
vn 0.3617 0.1241 0.9240
vn 0.4324 0.6468 0.6283
vn 0.8380 0.4145 0.3549
vn 0.7329 0.1201 0.6697
vn -0.9612 0.0290 -0.2743
vn -0.8389 0.5120 0.1845
vn -0.0499 0.7364 0.6747
vn 0.9926 0.0972 -0.0723
vn -0.5558 -0.7169 -0.4209
vn 0.1448 -0.9432 -0.2991
vn 0.0431 -0.9990 -0.0153
vn -0.0151 0.9486 0.3161
vn 0.5012 0.3682 0.7831
vn 0.6325 -0.2758 0.7238
vn -0.0045 -0.0203 0.9998
vn -0.6214 -0.2725 0.7346
vn -0.5554 0.3607 0.7493
vn 0.6404 -0.7635 -0.0829
vn 0.4832 -0.7957 0.3653
vn -0.6026 -0.6471 0.4670
vn 0.2431 0.8986 0.3653
vn 0.5575 0.4260 0.7126
vn 0.6648 -0.1802 0.7250
vn 0.0152 0.2900 0.9569
vn 0.5929 -0.6998 0.3985
vn 0.9977 0.0669 0.0114
vn 0.6553 -0.2036 0.7275
vn 0.5620 -0.6654 0.4913
vn -0.4846 -0.8196 0.3056
vn -0.5530 -0.8236 -0.1263
vn -0.4071 0.7331 0.5448
vn 0.6539 -0.6843 -0.3229
vn -0.0730 -0.6966 -0.7138
vn 0.6068 0.4310 0.6679
vn -0.0283 -0.0432 0.9987
vn -0.1626 -0.2993 0.9402
vn -0.4275 -0.2440 0.8705
vn 0.4317 -0.2663 0.8618
vn 0.3095 -0.0412 0.9500
vn -0.3296 0.4086 0.8511
vn 0.6807 0.6962 0.2281
vn 0.4992 -0.1759 0.8485
vn -0.3271 -0.3390 0.8821
vn -0.2698 -0.4703 0.8403
vn -0.1851 -0.5557 0.8105
vn -0.2348 -0.3676 0.8998
vn -0.7270 -0.3044 0.6154
vn -0.7651 0.6236 0.1603
vn -0.6877 0.3465 0.6380
vn 0.3007 0.3705 0.8788
vn -0.2914 0.8863 0.3599
vn -0.1177 0.2163 0.9692
vn -0.9936 -0.0731 -0.0857
vn -0.0744 -0.5266 0.8469
vn 0.0153 -0.4942 0.8692
vn -0.6002 -0.7077 0.3727
vn -0.1084 -0.4085 0.9063
vn -0.6490 -0.2837 0.7059
vn -0.6334 0.3513 0.6895
vn 0.5549 -0.7218 0.4135
vn -0.0430 -0.4305 0.9015
vn 0.0503 -0.4507 0.8913
vn -0.5650 -0.7193 0.4041
vn 0.1055 -0.3118 0.9443
vn -0.6348 0.3769 0.6745
vn -0.4647 0.0910 0.8808
vn 0.2512 0.0620 0.9660
vn 0.3691 0.3969 0.8404
vn -0.9427 -0.2296 0.2420
vn -0.6096 -0.4331 0.6639
vn -0.2672 -0.0212 0.9634
vn -0.2832 -0.1051 0.9533
vn 0.4035 -0.2643 0.8760
vn -0.3502 -0.9178 0.1871
vn 0.4010 -0.8204 0.4075
vn 0.8590 -0.0016 0.5119
vn -0.4925 -0.8608 -0.1284
vn 0.6915 -0.6936 0.2018
vn 0.5499 -0.8180 0.1685
vn -0.4027 -0.9142 -0.0456
vn 0.9211 0.0733 0.3824
vn -0.9775 -0.1931 0.0849
vn 0.2641 0.6208 0.7382
vn -0.5730 0.5552 0.6029
vn 0.6037 0.3919 0.6942
vn 0.4683 0.1330 0.8735
vn 0.6353 -0.3216 0.7021
vn 0.9382 -0.1939 0.2866
vn -0.8761 -0.0097 0.4820
vn -0.3971 -0.2450 0.8844
vn -0.2868 0.1896 0.9390
vn -0.3798 0.4608 0.8022
vn 0.2770 -0.4654 0.8406
vn -0.0370 -0.4715 0.8811
vn -0.4234 -0.8239 0.3768
vn 0.3813 -0.8782 0.2886
vn -0.6646 -0.7275 0.1702
vn 0.5501 -0.8350 -0.0125
vn -0.2179 0.6359 0.7404
vn 0.4830 0.5829 0.6534
vn 0.9619 -0.1045 0.2525
vn 0.4265 -0.9043 0.0172
vn -0.5647 -0.8088 0.1645
vn -0.9080 0.1036 0.4061
vn 0.6432 -0.7641 0.0488
vn 0.3383 -0.8801 0.3332
vn -0.3325 -0.8824 0.3328
vn -0.6476 -0.7597 0.0592
vn -0.5795 -0.3804 0.7207
vn -0.9229 -0.2068 0.3247
vn 0.0670 -0.0859 0.9940
vn -0.0216 -0.0777 0.9967
vn -0.0822 -0.2772 0.9573
vn 0.5869 -0.3499 0.7301
vn 0.3212 0.0516 0.9456
vn -0.3298 0.0033 0.9440
vn -0.5712 0.2634 0.7774
vn 0.5286 0.3200 0.7863
vn 0.9139 -0.1430 0.3799
vn 0.3990 0.5306 0.7478
vn 0.9652 0.0068 0.2613
vn 0.5254 -0.8473 0.0778
vn -0.9772 -0.0826 0.1958
vn -0.3863 0.5157 0.7648
vn -0.5238 -0.8471 0.0901
vn -0.6537 -0.7527 0.0781
vn -0.3701 -0.7652 0.5268
vn -0.6920 -0.1969 0.6945
vn -0.9386 -0.1344 0.3176
vn 0.4707 0.3180 0.8230
vn 0.3055 0.0668 0.9498
vn 0.6536 -0.2067 0.7281
vn 0.9168 -0.1235 0.3799
vn -0.0594 -0.1511 0.9867
vn -0.1106 -0.1888 0.9758
vn 0.0368 -0.3465 0.9373
vn 0.3549 -0.7668 0.5349
vn -0.4248 0.0540 0.9037
vn -0.6182 0.2860 0.7321
vn 0.6485 -0.7554 0.0939
vn -0.5763 0.4325 0.6935
vn 0.3673 0.5111 0.7771
vn 0.5016 -0.8546 0.1344
vn -0.5428 -0.8298 0.1293
vn 0.9519 -0.0705 0.2982
vn -0.9658 -0.0998 0.2394
vn -0.9720 0.0374 -0.2321
vn -0.9967 0.0002 -0.0813
vn -0.6702 0.7413 -0.0367
vn -0.6632 0.7439 -0.0824
vn -0.9972 -0.0126 0.0741
vn -0.6692 0.7430 0.0117
vn -0.6880 -0.7173 -0.1102
vn -0.6601 -0.6554 -0.3670
vn -0.6938 -0.7076 0.1337
vt 0.272330 0.837192
vt 0.277457 0.838444
vt 0.277457 0.846859
vt 0.272473 0.845290
vt 0.271702 0.825374
vt 0.277457 0.826058
vt 0.265798 0.825402
vt 0.267019 0.836596
vt 0.261787 0.836839
vt 0.259464 0.826008
vt 0.267480 0.843788
vt 0.250766 0.762169
vt 0.244846 0.755380
vt 0.244825 0.753265
vt 0.253168 0.761778
vt 0.250751 0.777306
vt 0.252966 0.769631
vt 0.256574 0.772312
vt 0.254200 0.781642
vt 0.239727 0.753414
vt 0.238583 0.750193
vt 0.237525 0.760401
vt 0.238632 0.768465
vt 0.237086 0.769801
vt 0.236008 0.758458
vt 0.245223 0.779019
vt 0.245190 0.775691
vt 0.255302 0.759502
vt 0.262842 0.774344
vt 0.236424 0.746481
vt 0.246444 0.748976
vt 0.264363 0.813275
vt 0.256915 0.813578
vt 0.253590 0.799918
vt 0.262811 0.801777
vt 0.277457 0.813797
vt 0.271028 0.813293
vt 0.270297 0.801842
vt 0.277457 0.802190
vt 0.225464 0.820962
vt 0.233075 0.833391
vt 0.228685 0.836280
vt 0.220428 0.824287
vt 0.237530 0.841775
vt 0.233673 0.843742
vt 0.253714 0.826802
vt 0.257327 0.838340
vt 0.250118 0.836825
vt 0.246973 0.827590
vt 0.249597 0.813914
vt 0.241442 0.814579
vt 0.253219 0.790575
vt 0.244606 0.798227
vt 0.242694 0.787244
vt 0.277457 0.785306
vt 0.270250 0.784902
vt 0.271189 0.778737
vt 0.277457 0.778896
vt 0.271476 0.767734
vt 0.277457 0.769162
vt 0.270866 0.752057
vt 0.277457 0.752393
vt 0.277457 0.735817
vt 0.270531 0.735247
vt 0.269756 0.709311
vt 0.277457 0.709559
vt 0.243292 0.839326
vt 0.239754 0.830358
vt 0.232562 0.817225
vt 0.230778 0.772224
vt 0.231408 0.754060
vt 0.240617 0.755724
vt 0.239036 0.760508
vt 0.245832 0.774062
vt 0.249574 0.775362
vt 0.251368 0.769482
vt 0.249512 0.763017
vt 0.240142 0.767744
vt 0.243963 0.756783
vt 0.261680 0.791097
vt 0.269553 0.791946
vt 0.277457 0.792181
vt 0.261988 0.782591
vt 0.241322 0.850210
vt 0.237330 0.852171
vt 0.199010 0.764529
vt 0.205773 0.788315
vt 0.194776 0.785338
vt 0.190211 0.763663
vt 0.194960 0.738970
vt 0.182603 0.742445
vt 0.209520 0.762255
vt 0.214762 0.784790
vt 0.233733 0.796816
vt 0.219632 0.760401
vt 0.221706 0.780383
vt 0.223747 0.803628
vt 0.215909 0.808397
vt 0.262889 0.843883
vt 0.259455 0.845334
vt 0.254831 0.846827
vt 0.258451 0.851620
vt 0.256919 0.860384
vt 0.253021 0.858666
vt 0.255984 0.866998
vt 0.252617 0.866762
vt 0.242200 0.860428
vt 0.246888 0.860153
vt 0.247061 0.867426
vt 0.241930 0.866855
vt 0.245593 0.848998
vt 0.249724 0.859459
vt 0.249986 0.847751
vt 0.250240 0.867150
vt 0.277457 0.853130
vt 0.272472 0.851379
vt 0.267742 0.849446
vt 0.264025 0.848596
vt 0.261672 0.848452
vt 0.260655 0.754276
vt 0.265056 0.764784
vt 0.233694 0.735385
vt 0.248535 0.742552
vt 0.225467 0.735758
vt 0.235783 0.716592
vt 0.250470 0.725584
vt 0.263573 0.730294
vt 0.165168 0.838549
vt 0.163870 0.831556
vt 0.168485 0.831733
vt 0.168782 0.836670
vt 0.159302 0.831200
vt 0.160122 0.842685
vt 0.177925 0.786225
vt 0.179120 0.801529
vt 0.170468 0.799000
vt 0.168045 0.789964
vt 0.173567 0.813112
vt 0.166812 0.809105
vt 0.167039 0.822633
vt 0.162175 0.819366
vt 0.174449 0.831330
vt 0.172446 0.826151
vt 0.190184 0.813847
vt 0.181968 0.823279
vt 0.178462 0.817013
vt 0.185518 0.805131
vt 0.196496 0.806916
vt 0.188666 0.789708
vt 0.237345 0.860416
vt 0.237940 0.865849
vt 0.202409 0.804673
vt 0.211621 0.814117
vt 0.196493 0.800939
vt 0.201260 0.831985
vt 0.203102 0.832016
vt 0.202419 0.841789
vt 0.200920 0.841790
vt 0.196847 0.832948
vt 0.197255 0.842731
vt 0.183785 0.841310
vt 0.191832 0.835751
vt 0.192751 0.844922
vt 0.184487 0.849484
vt 0.222956 0.849380
vt 0.231376 0.855778
vt 0.229941 0.862380
vt 0.220859 0.856363
vt 0.208165 0.834627
vt 0.206549 0.843724
vt 0.214896 0.840607
vt 0.212507 0.848610
vt 0.174457 0.845570
vt 0.173867 0.852519
vt 0.176299 0.838064
vt 0.184057 0.830913
vt 0.217347 0.829537
vt 0.225396 0.840969
vt 0.191822 0.822877
vt 0.197468 0.817058
vt 0.202667 0.815734
vt 0.208533 0.820356
vt 0.229815 0.847107
vt 0.201762 0.816114
vt 0.233908 0.864344
vt 0.234172 0.858027
vt 0.234226 0.851616
vt 0.168312 0.844036
vt 0.164987 0.849401
vt 0.170816 0.841627
vt 0.231616 0.844856
vt 0.227302 0.838499
vt 0.219089 0.826687
vt 0.210046 0.816739
vt 0.201716 0.809369
vt 0.182955 0.825962
vt 0.175372 0.833805
vt 0.190995 0.817226
vt 0.196451 0.812082
vt 0.169608 0.838935
vt 0.166319 0.841513
vt 0.161947 0.846262
vt 0.200064 0.808863
vt 0.232370 0.856560
vt 0.231028 0.862975
vt 0.232477 0.852064
vt 0.206589 0.734905
vt 0.250123 0.712903
vt 0.257084 0.715167
vt 0.264061 0.707415
vt 0.269832 0.687196
vt 0.264561 0.685033
vt 0.261524 0.668250
vt 0.269949 0.670415
vt 0.277457 0.686972
vt 0.277457 0.672970
vt 0.156589 0.656710
vt 0.167338 0.678892
vt 0.144021 0.700832
vt 0.130144 0.684932
vt 0.216242 0.632432
vt 0.210279 0.661064
vt 0.189059 0.664959
vt 0.190487 0.625152
vt 0.231510 0.643543
vt 0.221195 0.665731
vt 0.113710 0.704299
vt 0.126190 0.717287
vt 0.111765 0.738819
vt 0.098469 0.730252
vt 0.080665 0.804977
vt 0.077187 0.831147
vt 0.069073 0.830897
vt 0.071886 0.810263
vt 0.048339 0.815393
vt 0.045263 0.819470
vt 0.041708 0.811316
vt 0.046272 0.808702
vt 0.064058 0.759302
vt 0.047941 0.751875
vt 0.048880 0.737723
vt 0.066963 0.745500
vt 0.056906 0.776890
vt 0.045148 0.774685
vt 0.058599 0.835211
vt 0.049466 0.828852
vt 0.050256 0.825486
vt 0.060274 0.829812
vt 0.040317 0.774643
vt 0.042369 0.756245
vt 0.066179 0.791472
vt 0.071988 0.778680
vt 0.052840 0.819736
vt 0.063554 0.815085
vt 0.022908 0.756357
vt 0.013069 0.759154
vt 0.012344 0.741614
vt 0.024288 0.737723
vt 0.076808 0.839353
vt 0.080972 0.840288
vt 0.081480 0.855091
vt 0.077178 0.851517
vt 0.059984 0.801749
vt 0.051992 0.790197
vt 0.068236 0.838439
vt 0.067756 0.846752
vt 0.125544 0.750895
vt 0.137374 0.735185
vt 0.161030 0.781645
vt 0.153274 0.772840
vt 0.162599 0.761381
vt 0.169523 0.772328
vt 0.142896 0.764717
vt 0.149845 0.751384
vt 0.189922 0.692039
vt 0.173820 0.704428
vt 0.155448 0.721668
vt 0.240869 0.657377
vt 0.229958 0.670110
vt 0.259070 0.588997
vt 0.262726 0.614624
vt 0.244914 0.625745
vt 0.236456 0.602012
vt 0.240895 0.707902
vt 0.239702 0.698453
vt 0.250230 0.699989
vt 0.042733 0.789890
vt 0.043362 0.821509
vt 0.039086 0.810966
vt 0.040767 0.741408
vt 0.057747 0.840519
vt 0.049104 0.832871
vt 0.032978 0.776638
vt 0.031679 0.763101
vt 0.258907 0.703867
vt 0.051467 0.907946
vt 0.047897 0.921282
vt 0.036252 0.907638
vt 0.040753 0.903295
vt 0.022620 0.767662
vt 0.024011 0.781459
vt 0.017346 0.785816
vt 0.013303 0.769446
vt 0.027234 0.795793
vt 0.031965 0.811275
vt 0.027509 0.808419
vt 0.022689 0.799395
vt 0.038532 0.790864
vt 0.041464 0.823954
vt 0.035831 0.809433
vt 0.268552 0.648563
vt 0.277457 0.649421
vt 0.277457 0.588195
vt 0.256720 0.560048
vt 0.277457 0.557103
vt 0.277457 0.615515
vt 0.030291 0.754508
vt 0.080929 0.830818
vt 0.034043 0.791508
vt 0.085150 0.803049
vt 0.076403 0.762430
vt 0.261776 0.655736
vt 0.215958 0.733556
vt 0.215380 0.710794
vt 0.223460 0.713198
vt 0.206373 0.708297
vt 0.192219 0.715260
vt 0.180617 0.767726
vt 0.171873 0.750249
vt 0.163420 0.736605
vt 0.233302 0.698468
vt 0.246512 0.668464
vt 0.236345 0.674297
vt 0.251708 0.662464
vt 0.176755 0.724976
vt 0.206642 0.685909
vt 0.218876 0.688350
vt 0.226543 0.692217
vt 0.252856 0.646272
vt 0.266031 0.634332
vt 0.277457 0.633606
vt 0.946573 0.338318
vt 0.913201 0.345936
vt 0.907088 0.306443
vt 0.930477 0.297581
vt 0.056023 0.649574
vt 0.079613 0.673944
vt 0.061787 0.695827
vt 0.036546 0.663343
vt 0.142622 0.478390
vt 0.138552 0.544614
vt 0.111803 0.524744
vt 0.120200 0.480003
vt 0.129848 0.039382
vt 0.177191 0.000257
vt 0.179775 0.027110
vt 0.139248 0.051844
vt 0.148551 0.290860
vt 0.183864 0.290488
vt 0.171606 0.367481
vt 0.132892 0.356509
vt 0.253554 0.280194
vt 0.277457 0.277746
vt 0.277457 0.387648
vt 0.247224 0.381874
vt 0.083692 0.259598
vt 0.116996 0.279116
vt 0.100154 0.344800
vt 0.073567 0.336078
vt 0.219331 0.284920
vt 0.209704 0.372625
vt 0.840775 0.312263
vt 0.817243 0.277154
vt 0.820458 0.264006
vt 0.843043 0.286124
vt 0.875435 0.353391
vt 0.877875 0.314589
vt 0.674407 0.174039
vt 0.693141 0.202193
vt 0.674947 0.227915
vt 0.660591 0.205389
vt 0.253785 0.140529
vt 0.277457 0.135487
vt 0.277457 0.201170
vt 0.254023 0.207245
vt 0.710281 0.234860
vt 0.717821 0.252551
vt 0.701052 0.264800
vt 0.700690 0.250767
vt 0.186382 0.247911
vt 0.224851 0.220343
vt 0.723733 0.270662
vt 0.706673 0.271987
vt 0.621439 0.137308
vt 0.644708 0.146958
vt 0.634637 0.181109
vt 0.612991 0.168178
vt 0.103972 0.102728
vt 0.111606 0.108188
vt 0.088499 0.210811
vt 0.076500 0.201368
vt 0.232589 0.158242
vt 0.034792 0.373212
vt 0.055465 0.381738
vt 0.032975 0.427190
vt 0.018693 0.421696
vt 0.068046 0.250609
vt 0.048877 0.327355
vt 0.926464 0.929302
vt 0.915020 0.934321
vt 0.895401 0.894321
vt 0.910400 0.886043
vt 0.247207 0.531301
vt 0.242136 0.490547
vt 0.277457 0.491538
vt 0.277457 0.525861
vt 0.004293 0.484342
vt 0.014384 0.486596
vt 0.013269 0.532990
vt 0.000257 0.535204
vt 0.903767 0.937811
vt 0.890494 0.951448
vt 0.864411 0.920378
vt 0.879763 0.903974
vt 0.244550 0.436553
vt 0.204082 0.442774
vt 0.165834 0.466611
vt 0.090582 0.395115
vt 0.277457 0.445077
vt 0.123784 0.414937
vt 0.906270 0.135721
vt 0.895079 0.137648
vt 0.895352 0.122346
vt 0.906433 0.122591
vt 0.939290 0.127089
vt 0.928570 0.130391
vt 0.925468 0.118179
vt 0.937078 0.115281
vt 0.883112 0.139584
vt 0.871887 0.140711
vt 0.871768 0.124807
vt 0.883242 0.123407
vt 0.917355 0.133384
vt 0.917424 0.124963
vt 0.108817 0.595530
vt 0.088424 0.575286
vt 0.990588 0.249386
vt 0.963542 0.263134
vt 0.961747 0.249595
vt 0.986694 0.237692
vt 0.952325 0.284679
vt 0.943899 0.265891
vt 0.859470 0.335282
vt 0.860986 0.300469
vt 0.860711 0.111904
vt 0.850185 0.117564
vt 0.848602 0.109183
vt 0.854163 0.092740
vt 0.927730 0.102476
vt 0.916872 0.098833
vt 0.916938 0.081908
vt 0.933084 0.079984
vt 0.870545 0.109136
vt 0.868191 0.092687
vt 0.904656 0.106114
vt 0.892342 0.106746
vt 0.891134 0.080145
vt 0.901486 0.084996
vt 0.861078 0.140699
vt 0.860452 0.126573
vt 0.849540 0.138672
vt 0.848203 0.127915
vt 0.899835 0.248025
vt 0.878612 0.253979
vt 0.882966 0.234043
vt 0.898434 0.230418
vt 0.848609 0.244539
vt 0.830279 0.231527
vt 0.833515 0.217101
vt 0.847262 0.226324
vt 0.953034 0.220381
vt 0.937658 0.230427
vt 0.934371 0.216552
vt 0.949366 0.207438
vt 0.868143 0.199978
vt 0.881816 0.213626
vt 0.874353 0.221462
vt 0.867148 0.211906
vt 0.920623 0.240606
vt 0.919207 0.223471
vt 0.852484 0.208280
vt 0.858092 0.217901
vt 0.854686 0.227398
vt 0.974150 0.207646
vt 0.969600 0.194445
vt 0.898456 0.210252
vt 0.838109 0.199297
vt 0.929768 0.198658
vt 0.943749 0.191687
vt 0.872691 0.244669
vt 0.875137 0.232291
vt 0.915713 0.205195
vt 0.959462 0.180695
vt 0.764510 0.099484
vt 0.733282 0.066340
vt 0.760856 0.014217
vt 0.800333 0.056642
vt 0.157285 0.252709
vt 0.124206 0.240482
vt 0.126523 0.220435
vt 0.155693 0.230320
vt 0.104010 0.197090
vt 0.122104 0.114280
vt 0.143671 0.074984
vt 0.623915 0.235998
vt 0.627746 0.246526
vt 0.623755 0.256827
vt 0.615929 0.249360
vt 0.645477 0.258348
vt 0.655063 0.271093
vt 0.642242 0.283042
vt 0.632894 0.270406
vt 0.615206 0.233644
vt 0.609424 0.240377
vt 0.665293 0.312251
vt 0.665750 0.336802
vt 0.654266 0.345142
vt 0.652410 0.320893
vt 0.724281 0.290575
vt 0.725075 0.324404
vt 0.699093 0.323542
vt 0.697475 0.290702
vt 0.661307 0.153411
vt 0.645916 0.189923
vt 0.702994 0.220302
vt 0.686165 0.246905
vt 0.660704 0.073952
vt 0.635311 0.062008
vt 0.635284 0.044398
vt 0.669155 0.049704
vt 0.773829 0.315431
vt 0.773000 0.252920
vt 0.789704 0.230923
vt 0.784496 0.306275
vt 0.766118 0.214179
vt 0.797664 0.194285
vt 0.690870 0.088283
vt 0.705092 0.046783
vt 0.750242 0.186145
vt 0.808964 0.146420
vt 0.730478 0.148624
vt 0.706717 0.116940
vt 0.018786 0.571471
vt 0.033198 0.612887
vt 0.017610 0.627884
vt 0.004284 0.579811
vt 0.117748 0.452840
vt 0.077654 0.429961
vt 0.158062 0.552312
vt 0.123693 0.618707
vt 0.603417 0.208301
vt 0.614803 0.226250
vt 0.605022 0.235895
vt 0.597032 0.224946
vt 0.661949 0.292800
vt 0.648678 0.302973
vt 0.633872 0.245416
vt 0.627283 0.263194
vt 0.728881 0.023500
vt 0.217609 0.019187
vt 0.212410 0.049831
vt 0.080324 0.713991
vt 0.096653 0.689467
vt 0.101786 0.464933
vt 0.066167 0.444850
vt 0.063760 0.577879
vt 0.053328 0.555813
vt 0.071512 0.555813
vt 0.042585 0.443934
vt 0.027419 0.487197
vt 0.091402 0.509770
vt 0.032202 0.538532
vt 0.116577 0.665686
vt 0.099129 0.648282
vt 0.138636 0.635265
vt 0.224376 0.579612
vt 0.175271 0.590251
vt 0.213007 0.555212
vt 0.202080 0.516117
vt 0.259886 0.853225
vt 0.259912 0.857108
vt 0.260156 0.863400
vt 0.260625 0.867049
vt 0.277457 0.859286
vt 0.273047 0.857916
vt 0.266013 0.860821
vt 0.266438 0.863516
vt 0.262182 0.860755
vt 0.268885 0.854203
vt 0.266337 0.852047
vt 0.263841 0.851538
vt 0.262259 0.851824
vt 0.269829 0.857213
vt 0.267651 0.865621
vt 0.266817 0.854727
vt 0.264774 0.853495
vt 0.264872 0.858705
vt 0.267072 0.857298
vt 0.262594 0.852798
vt 0.261228 0.851841
vt 0.264045 0.855415
vt 0.261807 0.856833
vt 0.261645 0.854044
vt 0.262942 0.858146
vt 0.038745 0.572621
vt 0.184578 0.222796
vt 0.819063 0.098580
vt 0.674260 0.123922
vt 0.688898 0.148386
vt 0.711054 0.177527
vt 0.731139 0.206483
vt 0.651031 0.113736
vt 0.749465 0.262727
vt 0.749087 0.319746
vt 0.626449 0.102009
vt 0.739898 0.234712
vt 0.737672 0.249884
vt 0.727704 0.226958
vt 0.661270 0.242079
vt 0.648594 0.224476
vt 0.688820 0.273324
vt 0.678571 0.280754
vt 0.672264 0.257278
vt 0.683015 0.300444
vt 0.625901 0.202829
vt 0.610088 0.187276
vt 0.682660 0.328441
vt 0.636140 0.211847
vt 0.172246 0.066638
vt 0.191303 0.078331
vt 0.208632 0.109238
vt 0.232200 0.085648
vt 0.202187 0.179475
vt 0.752109 0.224739
vt 0.639507 0.328330
vt 0.635033 0.313578
vt 0.600683 0.252590
vt 0.590227 0.239053
vt 0.615765 0.263683
vt 0.608744 0.260783
vt 0.629539 0.296002
vt 0.622720 0.283904
vt 0.615718 0.271219
vt 0.643946 0.347230
vt 0.605692 0.251355
vt 0.619603 0.343166
vt 0.614534 0.332544
vt 0.582059 0.281085
vt 0.575800 0.265966
vt 0.605736 0.266043
vt 0.593820 0.298876
vt 0.587771 0.290002
vt 0.607887 0.319918
vt 0.600790 0.309994
vt 0.624370 0.354768
vt 0.626100 0.231422
vt 0.070182 0.629267
vt 0.046241 0.599763
vt 0.072144 0.614876
vt 0.089963 0.610216
vt 0.902876 0.271842
vt 0.924628 0.263502
vt 0.957527 0.238066
vt 0.980736 0.225254
vt 0.862779 0.278934
vt 0.881063 0.282541
vt 0.940778 0.249967
vt 0.844385 0.268329
vt 0.824873 0.250314
vt 0.861715 0.260265
vt 0.881204 0.107407
vt 0.880245 0.083275
vt 0.896496 0.174333
vt 0.881490 0.176872
vt 0.859227 0.174482
vt 0.845466 0.168233
vt 0.934256 0.161493
vt 0.922507 0.166540
vt 0.870508 0.172097
vt 0.910696 0.170719
vt 0.947777 0.154074
vt 0.924142 0.105790
vt 0.918423 0.103957
vt 0.911917 0.107716
vt 0.911821 0.116435
vt 0.151777 0.965373
vt 0.139671 0.975635
vt 0.137113 0.962038
vt 0.145588 0.954132
vt 0.160486 0.949592
vt 0.152138 0.943354
vt 0.142035 0.947521
vt 0.136117 0.952727
vt 0.129191 0.943205
vt 0.136310 0.935103
vt 0.146448 0.939893
vt 0.141598 0.927355
vt 0.127995 0.953801
vt 0.127145 0.976059
vt 0.164100 0.933483
vt 0.149207 0.927912
vt 0.864530 0.075154
vt 0.874605 0.075624
vt 0.126858 0.918762
vt 0.120456 0.935722
vt 0.109976 0.928948
vt 0.119977 0.905482
vt 0.856475 0.080655
vt 0.846446 0.082342
vt 0.850653 0.072397
vt 0.885023 0.068712
vt 0.893986 0.068956
vt 0.862835 0.062226
vt 0.846109 0.094398
vt 0.840013 0.089067
vt 0.118712 0.963629
vt 0.118563 0.945401
vt 0.137775 0.911896
vt 0.135771 0.895087
vt 0.860478 0.050475
vt 0.855426 0.029632
vt 0.862011 0.019214
vt 0.865887 0.029311
vt 0.848361 0.040549
vt 0.846779 0.027639
vt 0.146090 0.902347
vt 0.143731 0.888075
vt 0.149317 0.893530
vt 0.844840 0.059741
vt 0.832487 0.051747
vt 0.834700 0.037116
vt 0.841629 0.043348
vt 0.113425 0.893705
vt 0.107808 0.903163
vt 0.103595 0.893904
vt 0.154760 0.905243
vt 0.155859 0.892244
vt 0.111748 0.943416
vt 0.105270 0.946518
vt 0.103315 0.938955
vt 0.877127 0.063265
vt 0.145725 0.911443
vt 0.156904 0.918967
vt 0.831916 0.069475
vt 0.824235 0.075912
vt 0.823989 0.074480
vt 0.829540 0.069323
vt 0.826474 0.057935
vt 0.834570 0.063436
vt 0.831201 0.063084
vt 0.826257 0.058720
vt 0.138483 0.879643
vt 0.145987 0.877716
vt 0.840687 0.073901
vt 0.832826 0.083424
vt 0.096892 0.939269
vt 0.101792 0.941234
vt 0.096975 0.940480
vt 0.102737 0.955368
vt 0.102016 0.954334
vt 0.103693 0.947491
vt 0.886383 0.056767
vt 0.877442 0.048059
vt 0.886846 0.041964
vt 0.889690 0.047034
vt 0.099377 0.929282
vt 0.111482 0.958612
vt 0.895227 0.058540
vt 0.898158 0.044116
vt 0.103758 0.914786
vt 0.102843 0.912115
vt 0.105774 0.903581
vt 0.102403 0.895202
vt 0.096303 0.914290
vt 0.883918 0.030871
vt 0.872518 0.032976
vt 0.875746 0.021699
vt 0.128576 0.883593
vt 0.120662 0.886409
vt 0.121188 0.884071
vt 0.127063 0.881887
vt 0.115220 0.879611
vt 0.116191 0.878174
vt 0.130105 0.872657
vt 0.248830 0.773686
vt 0.244762 0.765448
vt 0.248455 0.763711
vt 0.250048 0.769025
vt 0.241319 0.767047
vt 0.240495 0.760998
vt 0.241311 0.757636
vt 0.243565 0.758415
vt 0.246217 0.772710
vt 0.264872 0.100193
vt 0.277457 0.104195
vt 0.248189 0.075797
vt 0.236711 0.050811
vt 0.232974 0.030362
vt 0.879406 0.707024
vt 0.876231 0.710430
vt 0.874042 0.703299
vt 0.872441 0.711831
vt 0.940911 0.921074
vt 0.927199 0.876417
vt 0.851472 0.726140
vt 0.842319 0.718920
vt 0.869969 0.690036
vt 0.867328 0.703968
vt 0.861548 0.730075
vt 0.869228 0.709863
vt 0.881214 0.726656
vt 0.871390 0.730479
vt 0.953095 0.960755
vt 0.944197 0.967068
vt 0.933155 0.967347
vt 0.922653 0.967542
vt 0.912496 0.976262
vt 0.863045 0.249392
vt 0.855735 0.238780
vt 0.864826 0.230852
vt 0.890706 0.030671
vt 0.895778 0.037622
vt 0.894486 0.034576
vt 0.899231 0.029866
vt 0.899450 0.030402
vt 0.899303 0.036670
vt 0.900009 0.029937
vt 0.892037 0.043639
vt 0.898223 0.042482
vt 0.889133 0.039055
vt 0.891464 0.030844
vt 0.899477 0.029158
vt 0.095649 0.952013
vt 0.095627 0.952805
vt 0.094965 0.951405
vt 0.095436 0.951474
vt 0.895026 0.029774
vt 0.099282 0.950262
vt 0.099156 0.954636
vt 0.095447 0.945218
vt 0.097911 0.946312
vt 0.823072 0.067628
vt 0.820128 0.070133
vt 0.817243 0.064127
vt 0.817746 0.063957
vt 0.821859 0.059158
vt 0.824006 0.063363
vt 0.817897 0.063182
vt 0.817389 0.062847
vt 0.146613 0.877857
vt 0.145085 0.886498
vt 0.149988 0.891838
vt 0.155283 0.891152
vt 0.155697 0.879822
vt 0.155120 0.879672
vt 0.154693 0.879036
vt 0.154843 0.878208
vt 0.150248 0.881752
vt 0.150158 0.878106
vt 0.153225 0.885318
vt 0.155282 0.885906
vt 0.124807 0.875599
vt 0.120626 0.877395
vt 0.121204 0.869121
vt 0.121476 0.869007
vt 0.118174 0.874255
vt 0.120971 0.868950
vt 0.840878 0.039796
vt 0.846205 0.036757
vt 0.845528 0.027394
vt 0.128750 0.872435
vt 0.835649 0.035442
vt 0.836207 0.020523
vt 0.836673 0.020063
vt 0.836709 0.020456
vt 0.836431 0.020734
vt 0.121635 0.868715
vt 0.841708 0.027751
vt 0.838020 0.030525
vt 0.842040 0.022935
vt 0.125879 0.870866
vt 0.835010 0.028978
vt 0.099575 0.907462
vt 0.095901 0.908475
vt 0.094965 0.901497
vt 0.095362 0.901065
vt 0.867360 0.018879
vt 0.865521 0.013613
vt 0.869153 0.007233
vt 0.869386 0.008014
vt 0.866467 0.025527
vt 0.872172 0.027860
vt 0.863338 0.018056
vt 0.096401 0.912369
vt 0.874789 0.020264
vt 0.095549 0.899671
vt 0.095604 0.900346
vt 0.870239 0.007373
vt 0.869967 0.008033
vt 0.873211 0.015066
vt 0.871246 0.020019
vt 0.099845 0.896735
vt 0.101546 0.901722
vt 0.943557 0.094836
vt 0.939300 0.103675
vt 0.945906 0.089934
vt 0.944313 0.084815
vt 0.948823 0.085767
vt 0.947355 0.081715
vt 0.846888 0.101688
vt 0.845671 0.106503
vt 0.842153 0.102112
vt 0.844962 0.099137
vt 0.851290 0.098931
vt 0.847344 0.098545
vt 0.848593 0.106799
vt 0.942929 0.074147
vt 0.945958 0.079127
vt 0.940249 0.084258
vt 0.944281 0.092772
vt 0.918587 0.118794
vt 0.923075 0.114682
vt 0.348464 0.973432
vt 0.336252 0.982231
vt 0.334253 0.971538
vt 0.343958 0.964421
vt 0.356809 0.957630
vt 0.350406 0.952012
vt 0.334447 0.944589
vt 0.339750 0.937855
vt 0.346517 0.936981
vt 0.338200 0.953562
vt 0.325253 0.960198
vt 0.325897 0.982988
vt 0.360807 0.945892
vt 0.588977 0.340422
vt 0.601700 0.348059
vt 0.594490 0.361293
vt 0.588628 0.350651
vt 0.324876 0.928781
vt 0.319097 0.944086
vt 0.307226 0.935756
vt 0.317292 0.913096
vt 0.601246 0.368046
vt 0.607848 0.366093
vt 0.608438 0.380810
vt 0.600655 0.379482
vt 0.580391 0.330915
vt 0.577722 0.343539
vt 0.572519 0.333510
vt 0.588255 0.371093
vt 0.615834 0.375091
vt 0.615300 0.384974
vt 0.316717 0.970500
vt 0.317030 0.952962
vt 0.334946 0.923358
vt 0.332853 0.903894
vt 0.580557 0.382752
vt 0.571061 0.401906
vt 0.561506 0.400749
vt 0.565396 0.389974
vt 0.581179 0.403100
vt 0.574548 0.413119
vt 0.343006 0.911576
vt 0.341460 0.897185
vt 0.346326 0.903217
vt 0.594007 0.395057
vt 0.595776 0.414867
vt 0.586073 0.420922
vt 0.586179 0.408960
vt 0.310954 0.901087
vt 0.305136 0.910356
vt 0.301090 0.900907
vt 0.351819 0.915069
vt 0.352911 0.902348
vt 0.308929 0.950134
vt 0.302678 0.952830
vt 0.300272 0.946208
vt 0.580426 0.354180
vt 0.342449 0.922982
vt 0.354008 0.929475
vt 0.327558 0.951689
vt 0.606173 0.404620
vt 0.613945 0.409529
vt 0.613304 0.410608
vt 0.607407 0.407428
vt 0.602773 0.418151
vt 0.601560 0.405214
vt 0.603133 0.409420
vt 0.603335 0.417937
vt 0.336041 0.888724
vt 0.343877 0.886979
vt 0.604497 0.391333
vt 0.613758 0.396175
vt 0.293906 0.946346
vt 0.298856 0.948383
vt 0.294027 0.947562
vt 0.300256 0.961798
vt 0.299533 0.960870
vt 0.301098 0.953997
vt 0.570308 0.350102
vt 0.570161 0.365394
vt 0.561473 0.358421
vt 0.563169 0.352439
vt 0.296661 0.935951
vt 0.308859 0.965655
vt 0.566397 0.339175
vt 0.557079 0.344166
vt 0.301155 0.921445
vt 0.300227 0.918833
vt 0.303131 0.910626
vt 0.299913 0.902116
vt 0.293686 0.920848
vt 0.556497 0.368638
vt 0.564049 0.380420
vt 0.555799 0.383853
vt 0.326005 0.891857
vt 0.318353 0.894058
vt 0.318874 0.891771
vt 0.324603 0.890020
vt 0.313032 0.887031
vt 0.313993 0.885671
vt 0.327894 0.881040
vt 0.552828 0.360518
vt 0.554501 0.350630
vt 0.553299 0.353786
vt 0.548249 0.350650
vt 0.548469 0.350102
vt 0.552282 0.346870
vt 0.547938 0.349672
vt 0.559961 0.351562
vt 0.556144 0.344982
vt 0.558607 0.357495
vt 0.552539 0.359538
vt 0.547704 0.350730
vt 0.293092 0.959180
vt 0.293095 0.959965
vt 0.292396 0.958633
vt 0.292868 0.958677
vt 0.550150 0.355803
vt 0.296678 0.957109
vt 0.296687 0.961432
vt 0.292662 0.952464
vt 0.295152 0.953443
vt 0.610021 0.415884
vt 0.613136 0.417409
vt 0.611559 0.424509
vt 0.611170 0.424085
vt 0.606145 0.422744
vt 0.607205 0.417564
vt 0.610668 0.424433
vt 0.610791 0.425218
vt 0.344489 0.887178
vt 0.342801 0.895725
vt 0.347110 0.901589
vt 0.352402 0.901260
vt 0.353452 0.890095
vt 0.352888 0.889882
vt 0.352509 0.889224
vt 0.352691 0.888413
vt 0.348009 0.891484
vt 0.348061 0.887826
vt 0.350668 0.895284
vt 0.352686 0.896085
vt 0.322539 0.883571
vt 0.318447 0.885066
vt 0.319175 0.876843
vt 0.319441 0.876747
vt 0.316056 0.881821
vt 0.318947 0.876658
vt 0.584532 0.412062
vt 0.580098 0.407949
vt 0.575039 0.414668
vt 0.326591 0.880715
vt 0.584690 0.420855
vt 0.575984 0.429688
vt 0.575484 0.429462
vt 0.575687 0.429166
vt 0.575987 0.429300
vt 0.319607 0.876466
vt 0.577242 0.418851
vt 0.580670 0.421212
vt 0.574288 0.421523
vt 0.323762 0.878923
vt 0.581400 0.425633
vt 0.296978 0.914119
vt 0.293298 0.915092
vt 0.292396 0.908106
vt 0.292795 0.907683
vt 0.558561 0.394923
vt 0.556437 0.400315
vt 0.550838 0.400099
vt 0.551181 0.399356
vt 0.562912 0.391743
vt 0.561281 0.383965
vt 0.560177 0.400019
vt 0.293788 0.918992
vt 0.555511 0.385753
vt 0.292989 0.906320
vt 0.293036 0.906995
vt 0.550379 0.398785
vt 0.550901 0.398692
vt 0.553340 0.390679
vt 0.557250 0.389927
vt 0.297325 0.903548
vt 0.298938 0.908604
vt 0.577419 0.319074
vt 0.569719 0.304112
vt 0.560095 0.290786
vt 0.556731 0.279897
vt 0.860795 0.770940
vt 0.876114 0.767291
vt 0.884768 0.808471
vt 0.866902 0.818064
vt 0.878483 0.856715
vt 0.896340 0.848205
vt 0.828094 0.768946
vt 0.844583 0.771689
vt 0.847864 0.826796
vt 0.828094 0.833275
vt 0.840349 0.878955
vt 0.859674 0.865754
vt 0.891348 0.759659
vt 0.902941 0.797417
vt 0.915209 0.837368
vt 0.950488 0.981313
vt 0.935889 0.978575
vt 0.926188 0.977094
vt 0.917060 0.983466
vt 0.957696 0.975738
vt 0.282584 0.837192
vt 0.282440 0.845290
vt 0.283211 0.825374
vt 0.289116 0.825402
vt 0.295449 0.826008
vt 0.293126 0.836839
vt 0.287894 0.836596
vt 0.287434 0.843788
vt 0.304148 0.762169
vt 0.301745 0.761778
vt 0.310089 0.753265
vt 0.310067 0.755380
vt 0.304162 0.777306
vt 0.300713 0.781642
vt 0.298339 0.772312
vt 0.301947 0.769631
vt 0.316330 0.750194
vt 0.315186 0.753414
vt 0.317389 0.760401
vt 0.318905 0.758458
vt 0.317827 0.769802
vt 0.316281 0.768465
vt 0.309723 0.775691
vt 0.309691 0.779019
vt 0.292072 0.774344
vt 0.299611 0.759502
vt 0.308470 0.748976
vt 0.318489 0.746481
vt 0.290550 0.813275
vt 0.292102 0.801777
vt 0.301323 0.799918
vt 0.297998 0.813578
vt 0.284616 0.801842
vt 0.283885 0.813294
vt 0.329449 0.820962
vt 0.334485 0.824287
vt 0.326228 0.836280
vt 0.321838 0.833391
vt 0.321241 0.843742
vt 0.317383 0.841775
vt 0.301199 0.826802
vt 0.307940 0.827590
vt 0.304795 0.836825
vt 0.297586 0.838340
vt 0.305317 0.813914
vt 0.313471 0.814579
vt 0.301694 0.790574
vt 0.312219 0.787244
vt 0.310307 0.798227
vt 0.283724 0.778737
vt 0.284663 0.784902
vt 0.283437 0.767734
vt 0.284048 0.752057
vt 0.285157 0.709311
vt 0.284382 0.735247
vt 0.315160 0.830358
vt 0.311621 0.839326
vt 0.322351 0.817225
vt 0.323505 0.754060
vt 0.324135 0.772224
vt 0.315878 0.760508
vt 0.314296 0.755724
vt 0.305340 0.775362
vt 0.309082 0.774062
vt 0.305401 0.763017
vt 0.303545 0.769482
vt 0.314772 0.767744
vt 0.310951 0.756783
vt 0.293233 0.791097
vt 0.285360 0.791946
vt 0.292925 0.782591
vt 0.317583 0.852171
vt 0.313591 0.850210
vt 0.355904 0.764529
vt 0.364703 0.763663
vt 0.360137 0.785338
vt 0.349140 0.788315
vt 0.359954 0.738970
vt 0.372310 0.742445
vt 0.345393 0.762255
vt 0.340151 0.784790
vt 0.321180 0.796816
vt 0.335281 0.760401
vt 0.333208 0.780383
vt 0.339005 0.808397
vt 0.331166 0.803627
vt 0.295458 0.845334
vt 0.292024 0.843883
vt 0.300083 0.846827
vt 0.301892 0.858666
vt 0.297995 0.860385
vt 0.296462 0.851620
vt 0.302296 0.866762
vt 0.298929 0.866998
vt 0.312714 0.860427
vt 0.312984 0.866855
vt 0.307853 0.867426
vt 0.308026 0.860153
vt 0.309320 0.848998
vt 0.304927 0.847751
vt 0.305189 0.859459
vt 0.304673 0.867150
vt 0.282441 0.851379
vt 0.290888 0.848596
vt 0.287171 0.849446
vt 0.293241 0.848452
vt 0.289857 0.764784
vt 0.294258 0.754276
vt 0.306378 0.742552
vt 0.321220 0.735385
vt 0.329446 0.735758
vt 0.304443 0.725584
vt 0.319131 0.716592
vt 0.291340 0.730294
vt 0.389745 0.838549
vt 0.386132 0.836670
vt 0.386429 0.831733
vt 0.391043 0.831556
vt 0.395611 0.831200
vt 0.394791 0.842685
vt 0.376988 0.786225
vt 0.386868 0.789964
vt 0.384445 0.799000
vt 0.375793 0.801529
vt 0.388101 0.809105
vt 0.381347 0.813112
vt 0.387874 0.822633
vt 0.392739 0.819366
vt 0.380464 0.831330
vt 0.382467 0.826151
vt 0.364730 0.813847
vt 0.369396 0.805131
vt 0.376451 0.817013
vt 0.372945 0.823279
vt 0.358417 0.806915
vt 0.366247 0.789708
vt 0.317568 0.860416
vt 0.316973 0.865849
vt 0.352504 0.804673
vt 0.343292 0.814117
vt 0.358421 0.800939
vt 0.353653 0.831985
vt 0.353993 0.841790
vt 0.352494 0.841789
vt 0.351811 0.832016
vt 0.358066 0.832948
vt 0.357658 0.842731
vt 0.371128 0.841310
vt 0.370426 0.849484
vt 0.362162 0.844922
vt 0.363081 0.835751
vt 0.331958 0.849380
vt 0.334054 0.856363
vt 0.324972 0.862380
vt 0.323537 0.855778
vt 0.348365 0.843724
vt 0.346748 0.834626
vt 0.340017 0.840607
vt 0.342406 0.848610
vt 0.380456 0.845570
vt 0.381047 0.852519
vt 0.378615 0.838064
vt 0.370856 0.830913
vt 0.337566 0.829537
vt 0.329517 0.840969
vt 0.363091 0.822877
vt 0.357445 0.817058
vt 0.352246 0.815734
vt 0.346380 0.820356
vt 0.325098 0.847107
vt 0.353151 0.816114
vt 0.320741 0.858027
vt 0.321005 0.864344
vt 0.320688 0.851616
vt 0.386601 0.844036
vt 0.389926 0.849401
vt 0.384097 0.841627
vt 0.323297 0.844856
vt 0.327612 0.838499
vt 0.335824 0.826687
vt 0.344867 0.816739
vt 0.353197 0.809369
vt 0.371958 0.825962
vt 0.379541 0.833805
vt 0.363919 0.817226
vt 0.358463 0.812082
vt 0.385306 0.838934
vt 0.388595 0.841513
vt 0.392966 0.846262
vt 0.354849 0.808863
vt 0.323885 0.862975
vt 0.322543 0.856560
vt 0.322436 0.852064
vt 0.348324 0.734905
vt 0.297829 0.715167
vt 0.304790 0.712902
vt 0.290852 0.707415
vt 0.285081 0.687196
vt 0.284964 0.670416
vt 0.293389 0.668250
vt 0.290353 0.685033
vt 0.398324 0.656710
vt 0.424770 0.684932
vt 0.410893 0.700832
vt 0.387576 0.678893
vt 0.338671 0.632432
vt 0.364427 0.625152
vt 0.365855 0.664959
vt 0.344634 0.661064
vt 0.323403 0.643543
vt 0.333719 0.665731
vt 0.441203 0.704299
vt 0.456444 0.730252
vt 0.443148 0.738819
vt 0.428723 0.717287
vt 0.056149 0.884592
vt 0.055669 0.876280
vt 0.065091 0.871515
vt 0.064720 0.883679
vt 0.034185 0.914329
vt 0.029621 0.911716
vt 0.033176 0.903562
vt 0.051971 0.963729
vt 0.054876 0.977531
vt 0.036793 0.985308
vt 0.035854 0.971157
vt 0.044819 0.946141
vt 0.033061 0.948346
vt 0.065100 0.891884
vt 0.056986 0.892134
vt 0.026998 0.912066
vt 0.030646 0.933141
vt 0.026445 0.932167
vt 0.068578 0.918054
vt 0.059799 0.912769
vt 0.038169 0.897545
vt 0.048187 0.893219
vt 0.010821 0.966675
vt 0.012201 0.985308
vt 0.000257 0.981418
vt 0.000982 0.963878
vt 0.069392 0.867940
vt 0.068885 0.882743
vt 0.021956 0.931523
vt 0.023743 0.913599
vt 0.039905 0.932835
vt 0.059901 0.944352
vt 0.054092 0.931559
vt 0.429369 0.750895
vt 0.417540 0.735185
vt 0.393884 0.781645
vt 0.385390 0.772328
vt 0.392314 0.761381
vt 0.401640 0.772840
vt 0.412017 0.764717
vt 0.405068 0.751384
vt 0.381094 0.704428
vt 0.364991 0.692040
vt 0.399465 0.721668
vt 0.314045 0.657377
vt 0.324956 0.670110
vt 0.295843 0.588997
vt 0.318457 0.602012
vt 0.310000 0.625745
vt 0.292188 0.614624
vt 0.304684 0.699989
vt 0.315211 0.698453
vt 0.314018 0.707902
vt 0.031274 0.901522
vt 0.030282 0.966787
vt 0.028680 0.981623
vt 0.037379 0.894180
vt 0.046512 0.887820
vt 0.028230 0.948389
vt 0.296007 0.703867
vt 0.010533 0.955369
vt 0.001216 0.953585
vt 0.005259 0.937216
vt 0.011924 0.941572
vt 0.019592 0.959930
vt 0.020891 0.946394
vt 0.015147 0.927239
vt 0.010602 0.923637
vt 0.015422 0.914612
vt 0.019878 0.911757
vt 0.029377 0.899078
vt 0.037017 0.890161
vt 0.286361 0.648563
vt 0.298194 0.560048
vt 0.018204 0.968523
vt 0.068842 0.892213
vt 0.073063 0.919982
vt 0.064316 0.960601
vt 0.045659 0.882513
vt 0.293138 0.655736
vt 0.331453 0.713198
vt 0.339533 0.710794
vt 0.338955 0.733556
vt 0.348541 0.708297
vt 0.362694 0.715260
vt 0.374296 0.767726
vt 0.383040 0.750249
vt 0.391493 0.736605
vt 0.321612 0.698468
vt 0.308402 0.668464
vt 0.318568 0.674297
vt 0.303206 0.662464
vt 0.378159 0.724976
vt 0.348271 0.685909
vt 0.336037 0.688350
vt 0.328371 0.692217
vt 0.302058 0.646272
vt 0.288882 0.634332
vt 0.919299 0.372122
vt 0.903071 0.412807
vt 0.879711 0.403870
vt 0.885951 0.364397
vt 0.498891 0.649574
vt 0.518367 0.663343
vt 0.493126 0.695827
vt 0.475300 0.673944
vt 0.412291 0.478390
vt 0.434713 0.480003
vt 0.443110 0.524744
vt 0.416362 0.544614
vt 0.425065 0.039382
vt 0.415666 0.051844
vt 0.375138 0.027110
vt 0.377722 0.000257
vt 0.406363 0.290860
vt 0.422021 0.356509
vt 0.383307 0.367481
vt 0.371050 0.290488
vt 0.301359 0.280194
vt 0.307689 0.381874
vt 0.471222 0.259598
vt 0.481346 0.336078
vt 0.454759 0.344800
vt 0.437917 0.279116
vt 0.345210 0.372625
vt 0.335582 0.284920
vt 0.813417 0.397835
vt 0.815601 0.423982
vt 0.792945 0.446026
vt 0.789772 0.432869
vt 0.850525 0.395629
vt 0.848210 0.356820
vt 0.657745 0.709295
vt 0.649264 0.676102
vt 0.667123 0.656239
vt 0.680848 0.684599
vt 0.301128 0.140529
vt 0.300891 0.207245
vt 0.703118 0.655189
vt 0.696269 0.637923
vt 0.698930 0.624140
vt 0.713461 0.638976
vt 0.368531 0.247911
vt 0.330062 0.220343
vt 0.705655 0.617973
vt 0.722266 0.622081
vt 0.599466 0.736831
vt 0.596201 0.704993
vt 0.619676 0.695792
vt 0.624004 0.731132
vt 0.450941 0.102728
vt 0.478413 0.201368
vt 0.466414 0.210811
vt 0.443307 0.108188
vt 0.322325 0.158242
vt 0.520121 0.373212
vt 0.536220 0.421696
vt 0.521938 0.427190
vt 0.499449 0.381738
vt 0.486867 0.250609
vt 0.506036 0.327355
vt 0.954475 0.909969
vt 0.943000 0.863543
vt 0.956949 0.851841
vt 0.964460 0.900198
vt 0.307707 0.531301
vt 0.312777 0.490547
vt 0.550620 0.484342
vt 0.554656 0.535204
vt 0.541645 0.532990
vt 0.540529 0.486596
vt 0.973546 0.889651
vt 0.972009 0.840307
vt 0.990304 0.833488
vt 0.989087 0.883399
vt 0.350831 0.442774
vt 0.310363 0.436553
vt 0.389079 0.466611
vt 0.464331 0.395115
vt 0.431129 0.414938
vt 0.878342 0.574588
vt 0.878462 0.587718
vt 0.867380 0.587928
vt 0.867157 0.572625
vt 0.911334 0.583327
vt 0.909084 0.595127
vt 0.897483 0.592192
vt 0.900624 0.579990
vt 0.855196 0.570650
vt 0.855274 0.586827
vt 0.843805 0.585391
vt 0.843975 0.569487
vt 0.889419 0.576961
vt 0.889461 0.585382
vt 0.466489 0.575286
vt 0.446097 0.595530
vt 0.963027 0.461196
vt 0.959095 0.472878
vt 0.934186 0.460894
vt 0.936025 0.447361
vt 0.916391 0.444540
vt 0.924878 0.425780
vt 0.832187 0.374877
vt 0.833590 0.409695
vt 0.832706 0.598258
vt 0.826096 0.617400
vt 0.820588 0.600940
vt 0.822198 0.592564
vt 0.899694 0.607902
vt 0.904975 0.630412
vt 0.888836 0.628435
vt 0.888824 0.611511
vt 0.842531 0.601058
vt 0.840124 0.617499
vt 0.876632 0.604190
vt 0.873393 0.625297
vt 0.863027 0.630115
vt 0.864320 0.603518
vt 0.832494 0.583588
vt 0.833166 0.569464
vt 0.820249 0.582206
vt 0.821621 0.571454
vt 0.872269 0.462264
vt 0.870812 0.479866
vt 0.855355 0.476191
vt 0.851066 0.456242
vt 0.821033 0.465585
vt 0.819626 0.483795
vt 0.805849 0.492974
vt 0.802661 0.478537
vt 0.925379 0.490080
vt 0.921669 0.503010
vt 0.906703 0.493848
vt 0.910035 0.479984
vt 0.840423 0.510208
vt 0.839466 0.498277
vt 0.846702 0.488745
vt 0.854140 0.496605
vt 0.891562 0.486881
vt 0.893034 0.469750
vt 0.827055 0.482745
vt 0.830430 0.492253
vt 0.824790 0.501856
vt 0.946453 0.502883
vt 0.941861 0.516069
vt 0.870769 0.500032
vt 0.810386 0.510793
vt 0.916001 0.518743
vt 0.902043 0.511727
vt 0.847521 0.477918
vt 0.845115 0.465532
vt 0.888009 0.505145
vt 0.931678 0.529786
vt 0.734386 0.797632
vt 0.762690 0.845773
vt 0.716783 0.881141
vt 0.698140 0.825199
vt 0.397628 0.252709
vt 0.399220 0.230320
vt 0.428390 0.220435
vt 0.430707 0.240482
vt 0.450904 0.197090
vt 0.432809 0.114280
vt 0.411242 0.074984
vt 0.618111 0.639887
vt 0.612427 0.625396
vt 0.621373 0.619314
vt 0.623618 0.630131
vt 0.643050 0.621381
vt 0.632617 0.607420
vt 0.643913 0.596490
vt 0.654598 0.610382
vt 0.609133 0.640780
vt 0.604536 0.633188
vt 0.671447 0.571462
vt 0.660157 0.560822
vt 0.665969 0.537207
vt 0.675928 0.547319
vt 0.726075 0.602528
vt 0.699654 0.598002
vt 0.706642 0.565873
vt 0.732412 0.569289
vt 0.632249 0.688949
vt 0.641437 0.727492
vt 0.681307 0.639348
vt 0.693540 0.668353
vt 0.627797 0.805774
vt 0.632152 0.831081
vt 0.597869 0.830754
vt 0.600788 0.813387
vt 0.779031 0.586144
vt 0.788051 0.596927
vt 0.780817 0.672112
vt 0.767951 0.647670
vt 0.782654 0.709560
vt 0.754802 0.684757
vt 0.659906 0.796591
vt 0.667123 0.839862
vt 0.785943 0.758631
vt 0.734540 0.709803
vt 0.708883 0.743571
vt 0.680243 0.770924
vt 0.536128 0.571471
vt 0.550629 0.579811
vt 0.537303 0.627884
vt 0.521715 0.612887
vt 0.437165 0.452840
vt 0.477259 0.429962
vt 0.396851 0.552312
vt 0.431220 0.618707
vt 0.593344 0.663843
vt 0.589778 0.646375
vt 0.599457 0.636887
vt 0.607523 0.648007
vt 0.664954 0.590100
vt 0.653533 0.577886
vt 0.629479 0.632232
vt 0.625899 0.613613
vt 0.686766 0.866735
vt 0.337304 0.019187
vt 0.342503 0.049831
vt 0.474590 0.713991
vt 0.458260 0.689466
vt 0.453127 0.464933
vt 0.488746 0.444850
vt 0.491153 0.577879
vt 0.483401 0.555813
vt 0.501586 0.555813
vt 0.527495 0.487197
vt 0.512328 0.443934
vt 0.463511 0.509770
vt 0.522712 0.538532
vt 0.438336 0.665686
vt 0.455784 0.648282
vt 0.416277 0.635265
vt 0.330537 0.579611
vt 0.379642 0.590250
vt 0.341906 0.555212
vt 0.352833 0.516117
vt 0.295027 0.853225
vt 0.295001 0.857108
vt 0.294757 0.863400
vt 0.294289 0.867049
vt 0.281866 0.857916
vt 0.288900 0.860821
vt 0.292731 0.860755
vt 0.288475 0.863516
vt 0.286029 0.854203
vt 0.288576 0.852047
vt 0.291072 0.851538
vt 0.292654 0.851824
vt 0.285084 0.857213
vt 0.287263 0.865621
vt 0.290139 0.853495
vt 0.288096 0.854727
vt 0.287842 0.857298
vt 0.290041 0.858705
vt 0.293685 0.851841
vt 0.292319 0.852798
vt 0.293268 0.854044
vt 0.293107 0.856833
vt 0.290868 0.855415
vt 0.291971 0.858146
vt 0.516168 0.572621
vt 0.370335 0.222796
vt 0.788051 0.807479
vt 0.649372 0.758707
vt 0.667829 0.736979
vt 0.694469 0.711870
vt 0.719034 0.686605
vt 0.624786 0.764942
vt 0.746346 0.634133
vt 0.755334 0.577825
vt 0.598613 0.772474
vt 0.732309 0.660197
vt 0.732604 0.644866
vt 0.719008 0.665844
vt 0.640563 0.655304
vt 0.655957 0.640022
vt 0.669298 0.626834
vt 0.679373 0.604711
vt 0.688263 0.613724
vt 0.686990 0.586018
vt 0.596472 0.685678
vt 0.614625 0.672932
vt 0.691235 0.558343
vt 0.626205 0.665718
vt 0.382667 0.066638
vt 0.363610 0.078331
vt 0.346281 0.109238
vt 0.322713 0.085648
vt 0.352726 0.179475
vt 0.742717 0.672039
vt 0.641814 0.565185
vt 0.648651 0.551367
vt 0.585382 0.631343
vt 0.597918 0.619706
vt 0.607215 0.612948
vt 0.614616 0.611240
vt 0.624798 0.592435
vt 0.633510 0.581620
vt 0.615808 0.603799
vt 0.656131 0.533453
vt 0.602656 0.621746
vt 0.624707 0.543111
vt 0.631452 0.533465
vt 0.575569 0.602426
vt 0.584225 0.588540
vt 0.605112 0.607265
vt 0.591323 0.580682
vt 0.598748 0.572922
vt 0.607448 0.563099
vt 0.616078 0.554475
vt 0.638059 0.522803
vt 0.619515 0.644760
vt 0.484731 0.629267
vt 0.482769 0.614876
vt 0.508672 0.599763
vt 0.464950 0.610216
vt 0.897112 0.446867
vt 0.875387 0.438457
vt 0.953096 0.485297
vt 0.929929 0.472410
vt 0.853609 0.427688
vt 0.835314 0.431235
vt 0.913219 0.460454
vt 0.816885 0.441781
vt 0.797315 0.459733
vt 0.834189 0.449901
vt 0.852147 0.626950
vt 0.853185 0.602821
vt 0.868692 0.535945
vt 0.853695 0.533358
vt 0.831424 0.535675
vt 0.817643 0.541880
vt 0.906411 0.548907
vt 0.894678 0.543821
vt 0.842698 0.538097
vt 0.882880 0.539604
vt 0.919908 0.556369
vt 0.890392 0.606391
vt 0.896117 0.604576
vt 0.883830 0.593892
vt 0.883898 0.602611
vt 0.243129 0.888702
vt 0.236940 0.899943
vt 0.228465 0.892037
vt 0.231023 0.878440
vt 0.251838 0.904483
vt 0.243490 0.910721
vt 0.233387 0.906554
vt 0.227662 0.918972
vt 0.220543 0.910870
vt 0.227469 0.901348
vt 0.237800 0.914181
vt 0.232950 0.926719
vt 0.219347 0.900274
vt 0.218497 0.878016
vt 0.255452 0.920592
vt 0.240559 0.926163
vt 0.846483 0.634583
vt 0.836406 0.635020
vt 0.218210 0.935313
vt 0.211329 0.948593
vt 0.201328 0.925127
vt 0.211808 0.918352
vt 0.828369 0.629493
vt 0.822520 0.637732
vt 0.818346 0.627774
vt 0.865842 0.641313
vt 0.856878 0.641528
vt 0.834669 0.647943
vt 0.811934 0.621028
vt 0.818047 0.615717
vt 0.209915 0.908674
vt 0.210064 0.890446
vt 0.229127 0.942178
vt 0.227123 0.958988
vt 0.832274 0.659686
vt 0.837615 0.680867
vt 0.833706 0.690952
vt 0.827155 0.680512
vt 0.818501 0.682477
vt 0.820125 0.669572
vt 0.237442 0.951728
vt 0.240669 0.960545
vt 0.235083 0.966000
vt 0.816666 0.650369
vt 0.813403 0.666751
vt 0.806454 0.672962
vt 0.804288 0.658323
vt 0.204777 0.960369
vt 0.194947 0.960171
vt 0.199160 0.950912
vt 0.246112 0.948832
vt 0.247211 0.961831
vt 0.194667 0.915120
vt 0.196622 0.907557
vt 0.203100 0.910659
vt 0.848965 0.646949
vt 0.248256 0.935108
vt 0.237077 0.942632
vt 0.803774 0.640593
vt 0.801398 0.640738
vt 0.795863 0.635563
vt 0.796114 0.634131
vt 0.798295 0.652116
vt 0.798080 0.651331
vt 0.803038 0.646982
vt 0.806408 0.646641
vt 0.237339 0.976359
vt 0.229835 0.974431
vt 0.812559 0.636196
vt 0.804729 0.626648
vt 0.188244 0.914806
vt 0.188327 0.913595
vt 0.193144 0.912841
vt 0.195045 0.906584
vt 0.193368 0.899741
vt 0.194089 0.898707
vt 0.858199 0.653477
vt 0.861476 0.663221
vt 0.858615 0.668281
vt 0.849231 0.662157
vt 0.190729 0.924793
vt 0.202834 0.895462
vt 0.867049 0.651733
vt 0.869934 0.666167
vt 0.197126 0.950494
vt 0.194195 0.941960
vt 0.195110 0.939289
vt 0.193755 0.958872
vt 0.187655 0.939785
vt 0.855651 0.679365
vt 0.847449 0.688511
vt 0.844258 0.677224
vt 0.219928 0.970482
vt 0.218415 0.972188
vt 0.212540 0.970004
vt 0.212014 0.967666
vt 0.207543 0.975901
vt 0.206572 0.974464
vt 0.221457 0.981418
vt 0.306084 0.773686
vt 0.304866 0.769025
vt 0.306458 0.763711
vt 0.310151 0.765448
vt 0.313602 0.757636
vt 0.314418 0.760998
vt 0.313594 0.767048
vt 0.311348 0.758415
vt 0.308696 0.772710
vt 0.290041 0.100193
vt 0.306725 0.075797
vt 0.318203 0.050811
vt 0.321939 0.030362
vt 0.878746 0.696088
vt 0.880498 0.702084
vt 0.900292 0.692444
vt 0.902586 0.677324
vt 0.895734 0.706480
vt 0.889539 0.717953
vt 0.962081 0.954724
vt 0.969403 0.942329
vt 0.976331 0.930495
vt 0.987354 0.924596
vt 0.835484 0.460778
vt 0.837205 0.479324
vt 0.828140 0.471367
vt 0.862438 0.679587
vt 0.867533 0.672653
vt 0.871181 0.679884
vt 0.870961 0.680419
vt 0.866231 0.675694
vt 0.871055 0.673617
vt 0.871739 0.680351
vt 0.869993 0.667801
vt 0.863811 0.666624
vt 0.860892 0.671198
vt 0.863197 0.679417
vt 0.871204 0.681129
vt 0.187001 0.902061
vt 0.186788 0.902600
vt 0.186317 0.902670
vt 0.186979 0.901270
vt 0.866755 0.680499
vt 0.190634 0.903813
vt 0.190508 0.899439
vt 0.186799 0.908857
vt 0.189263 0.907763
vt 0.794924 0.642412
vt 0.789586 0.646066
vt 0.789084 0.645894
vt 0.791988 0.639897
vt 0.793683 0.650878
vt 0.789226 0.647174
vt 0.789735 0.646842
vt 0.795844 0.646680
vt 0.236437 0.967576
vt 0.237965 0.976218
vt 0.241340 0.962237
vt 0.246635 0.962923
vt 0.247049 0.974252
vt 0.246195 0.975867
vt 0.246045 0.975038
vt 0.246472 0.974403
vt 0.241600 0.972323
vt 0.241510 0.975968
vt 0.244577 0.968757
vt 0.246634 0.968169
vt 0.216160 0.978476
vt 0.212828 0.985068
vt 0.212556 0.984953
vt 0.211978 0.976680
vt 0.212324 0.985125
vt 0.209526 0.979819
vt 0.817958 0.673357
vt 0.812640 0.670301
vt 0.817250 0.682718
vt 0.220102 0.981640
vt 0.807397 0.674639
vt 0.807906 0.689559
vt 0.808132 0.689349
vt 0.808409 0.689627
vt 0.808372 0.690021
vt 0.212987 0.985360
vt 0.813431 0.682349
vt 0.809752 0.679563
vt 0.813748 0.687166
vt 0.217231 0.983209
vt 0.806737 0.681101
vt 0.190927 0.946613
vt 0.186715 0.953010
vt 0.186317 0.952578
vt 0.187253 0.945600
vt 0.839055 0.691304
vt 0.841045 0.702175
vt 0.840810 0.702956
vt 0.837199 0.696564
vt 0.843896 0.682339
vt 0.838183 0.684653
vt 0.835030 0.692114
vt 0.187753 0.941706
vt 0.846488 0.689942
vt 0.186901 0.954404
vt 0.186956 0.953729
vt 0.841627 0.702158
vt 0.841896 0.702819
vt 0.844893 0.695135
vt 0.842944 0.690176
vt 0.191197 0.957340
vt 0.192898 0.952353
vt 0.911267 0.606740
vt 0.915496 0.615593
vt 0.917829 0.620503
vt 0.920733 0.624680
vt 0.916220 0.625617
vt 0.919252 0.628727
vt 0.818850 0.608429
vt 0.814116 0.607990
vt 0.817648 0.603610
vt 0.816915 0.610974
vt 0.819295 0.611574
vt 0.823243 0.611201
vt 0.820572 0.603324
vt 0.912154 0.626161
vt 0.917847 0.631310
vt 0.914802 0.636280
vt 0.916214 0.617659
vt 0.890604 0.591554
vt 0.895079 0.595681
vt 0.454594 0.883696
vt 0.450088 0.892707
vt 0.440383 0.885590
vt 0.442381 0.874898
vt 0.462939 0.899499
vt 0.456536 0.905116
vt 0.440577 0.912540
vt 0.444330 0.903566
vt 0.452647 0.920147
vt 0.445880 0.919273
vt 0.431383 0.896931
vt 0.432027 0.874141
vt 0.466937 0.911237
vt 0.600791 0.531144
vt 0.602125 0.520997
vt 0.609656 0.511461
vt 0.614595 0.525699
vt 0.431006 0.928347
vt 0.423422 0.944032
vt 0.413356 0.921373
vt 0.425227 0.913043
vt 0.617429 0.505909
vt 0.618723 0.494531
vt 0.626619 0.494500
vt 0.623620 0.508920
vt 0.590760 0.539112
vt 0.583422 0.535260
vt 0.590200 0.526221
vt 0.605114 0.500771
vt 0.634071 0.491518
vt 0.632976 0.501355
vt 0.423159 0.904167
vt 0.422847 0.886629
vt 0.441076 0.933771
vt 0.438982 0.953235
vt 0.599434 0.488006
vt 0.585665 0.478393
vt 0.583597 0.467125
vt 0.593212 0.467553
vt 0.598493 0.457064
vt 0.603389 0.468037
vt 0.449136 0.945552
vt 0.452456 0.953911
vt 0.447590 0.959944
vt 0.614722 0.478076
vt 0.609283 0.463076
vt 0.611143 0.451259
vt 0.619720 0.458825
vt 0.417084 0.956042
vt 0.407220 0.956222
vt 0.411266 0.946773
vt 0.457949 0.942059
vt 0.459041 0.954780
vt 0.406402 0.910920
vt 0.408808 0.904299
vt 0.415059 0.906994
vt 0.594615 0.516169
vt 0.460138 0.927654
vt 0.448579 0.934146
vt 0.433688 0.905440
vt 0.628293 0.470641
vt 0.629972 0.468073
vt 0.636310 0.465905
vt 0.636766 0.467074
vt 0.627161 0.456735
vt 0.627680 0.457038
vt 0.626083 0.465406
vt 0.623840 0.469297
vt 0.450006 0.970149
vt 0.442171 0.968405
vt 0.624458 0.483472
vt 0.634389 0.480216
vt 0.400036 0.910782
vt 0.400157 0.909566
vt 0.404986 0.908746
vt 0.407227 0.903131
vt 0.405663 0.896259
vt 0.406386 0.895330
vt 0.583965 0.518530
vt 0.577306 0.515054
vt 0.576615 0.508874
vt 0.586330 0.503422
vt 0.402791 0.921178
vt 0.414989 0.891473
vt 0.578313 0.528667
vt 0.569940 0.522214
vt 0.409261 0.946502
vt 0.406357 0.938296
vt 0.407285 0.935683
vt 0.406043 0.955012
vt 0.399816 0.936280
vt 0.573384 0.497978
vt 0.575193 0.482855
vt 0.582768 0.487596
vt 0.432135 0.965272
vt 0.430733 0.967109
vt 0.425004 0.965357
vt 0.424483 0.963070
vt 0.420123 0.971457
vt 0.419162 0.970097
vt 0.434024 0.976088
vt 0.568432 0.505386
vt 0.568458 0.515415
vt 0.562422 0.514945
vt 0.562294 0.514369
vt 0.567791 0.512104
vt 0.565652 0.518760
vt 0.561828 0.515283
vt 0.569152 0.521256
vt 0.573997 0.515392
vt 0.573636 0.509317
vt 0.567985 0.506306
vt 0.561770 0.514200
vt 0.399222 0.897949
vt 0.398998 0.898452
vt 0.398526 0.898495
vt 0.399225 0.897163
vt 0.565016 0.509598
vt 0.402807 0.900019
vt 0.402817 0.895697
vt 0.398791 0.904664
vt 0.401282 0.903686
vt 0.633938 0.460161
vt 0.636418 0.452260
vt 0.636871 0.451905
vt 0.637261 0.459168
vt 0.631241 0.452757
vt 0.636230 0.451080
vt 0.635980 0.451834
vt 0.631437 0.458041
vt 0.448931 0.961403
vt 0.450619 0.969950
vt 0.453240 0.955539
vt 0.458532 0.955868
vt 0.459582 0.967033
vt 0.458821 0.968715
vt 0.458639 0.967904
vt 0.459017 0.967247
vt 0.454139 0.965644
vt 0.454191 0.969303
vt 0.456798 0.961844
vt 0.458816 0.961043
vt 0.428669 0.973557
vt 0.425571 0.980381
vt 0.425305 0.980286
vt 0.424577 0.972063
vt 0.425077 0.980470
vt 0.422186 0.975308
vt 0.603119 0.463075
vt 0.608168 0.459746
vt 0.599231 0.455617
vt 0.432721 0.976413
vt 0.609767 0.451099
vt 0.602630 0.440956
vt 0.602568 0.441339
vt 0.602250 0.441422
vt 0.602099 0.441097
vt 0.425737 0.980662
vt 0.602091 0.451853
vt 0.605861 0.450087
vt 0.599616 0.448732
vt 0.429892 0.978205
vt 0.607306 0.445845
vt 0.403108 0.943010
vt 0.398924 0.949445
vt 0.398526 0.949023
vt 0.399428 0.942037
vt 0.579735 0.472389
vt 0.573183 0.466805
vt 0.572967 0.466016
vt 0.578525 0.466721
vt 0.580619 0.483645
vt 0.583505 0.476240
vt 0.582166 0.467627
vt 0.399918 0.938136
vt 0.575221 0.480933
vt 0.399119 0.950808
vt 0.399166 0.950133
vt 0.572798 0.467414
vt 0.572299 0.467236
vt 0.573888 0.475718
vt 0.577622 0.477102
vt 0.403454 0.953580
vt 0.405068 0.948525
vt 0.585885 0.550305
vt 0.575833 0.563799
vt 0.564151 0.575365
vt 0.559046 0.585554
vt 0.916931 0.732196
vt 0.936839 0.769794
vt 0.920360 0.783905
vt 0.905121 0.747271
vt 0.948894 0.808118
vt 0.932970 0.822923
vt 0.937185 0.693653
vt 0.969782 0.735484
vt 0.953643 0.753789
vt 0.927852 0.714217
vt 0.984961 0.779146
vt 0.965705 0.792573
vt 0.965209 0.971153
vt 0.973314 0.952745
vt 0.978872 0.940733
vt 0.988037 0.934479
s 1
usemtl Material.001
f 3/1/1 7/2/2 6/3/3 8/4/4
f 7/2/2 3/1/1 2/5/5 1/6/6
f 88/7/7 89/8/8 9/9/9 10/10/10
f 89/8/8 3/1/1 8/4/4 90/11/11
f 11/12/12 17/13/13 23/14/14 26/15/15
f 13/16/16 12/17/17 25/18/18 24/19/19
f 17/13/13 18/20/20 22/21/21 23/14/14
f 19/22/22 20/23/23 15/24/24 16/25/25
f 12/17/17 11/12/12 26/15/15 25/18/18
f 13/16/16 24/19/19 14/26/26 21/27/27
f 18/20/20 19/22/22 16/25/25 22/21/21
f 20/23/23 21/27/27 14/26/26 15/24/24
f 25/18/18 26/15/15 30/28/28 29/29/29
f 23/14/14 22/21/21 27/30/30 28/31/31
f 26/15/15 23/14/14 28/31/31 30/28/28
f 161/32/32 154/33/33 33/34/34 91/35/35
f 156/36/36 155/37/37 32/38/38 31/39/39
f 162/40/40 124/41/41 166/42/42 167/43/43
f 124/41/41 125/44/44 165/45/45 166/42/42
f 41/46/46 42/47/47 39/48/48 38/49/49
f 159/50/50 41/46/46 38/49/49 158/51/51
f 154/33/33 10/10/10 41/46/46 159/50/50
f 10/10/10 9/9/9 42/47/47 41/46/46
f 43/52/52 33/34/34 40/53/53 44/54/54
f 24/19/19 43/52/52 44/54/54 14/26/26
f 59/55/55 61/56/56 46/57/57 45/58/58
f 45/58/58 46/57/57 48/59/59 47/60/60
f 47/60/60 48/59/59 50/61/61 49/62/62
f 100/63/63 99/64/64 52/65/65 51/66/66
f 38/49/49 39/48/48 54/67/67 53/68/68
f 158/51/51 38/49/49 53/68/68 160/69/69
f 16/25/25 15/24/24 56/70/70 57/71/71
f 56/70/70 15/24/24 14/26/26 44/54/54
f 27/30/30 22/21/21 16/25/25 57/71/71
f 19/22/22 18/20/20 622/72/72 623/73/73
f 13/16/16 21/27/27 625/74/74 620/75/75
f 11/12/12 12/17/17 618/76/76 619/77/77
f 20/23/23 19/22/22 623/73/73 624/78/78
f 18/20/20 17/13/13 621/79/79 622/72/72
f 12/17/17 13/16/16 620/75/75 618/76/76
f 17/13/13 11/12/12 619/77/77 621/79/79
f 21/27/27 20/23/23 624/78/78 625/74/74
f 92/80/80 91/35/35 33/34/34 43/52/52
f 31/39/39 32/38/38 58/81/81 62/82/82
f 29/29/29 46/57/57 61/56/56 60/83/83
f 25/18/18 29/29/29 60/83/83 24/19/19
f 59/55/55 62/82/82 58/81/81 61/56/56
f 165/45/45 125/44/44 130/84/84 81/85/85
f 180/86/86 66/87/87 64/88/88 68/89/89
f 69/90/90 180/86/86 68/89/89 65/91/91
f 127/92/92 67/93/93 66/87/87 180/86/86
f 56/70/70 44/54/54 40/53/53 37/94/94
f 275/95/95 56/70/70 37/94/94 274/96/96
f 66/87/87 67/93/93 55/97/97 126/98/98
f 9/9/9 5/99/99 4/100/100 42/47/47
f 80/101/101 924/102/102 433/103/103 72/104/104
f 72/104/104 433/103/103 73/105/105 74/106/106
f 129/107/107 78/108/108 76/109/109 128/110/110
f 130/84/84 82/111/111 78/108/108 129/107/107
f 125/44/44 54/67/67 82/111/111 130/84/84
f 80/101/101 72/104/104 83/112/112 85/113/113
f 72/104/104 74/106/106 84/114/114 83/112/112
f 39/48/48 42/47/47 80/101/101 85/113/113
f 82/111/111 54/67/67 39/48/48 85/113/113
f 78/108/108 82/111/111 85/113/113 83/112/112
f 76/109/109 78/108/108 83/112/112 84/114/114
f 6/3/3 87/115/115 435/116/116 8/4/4
f 92/80/80 43/52/52 24/19/19 60/83/83
f 58/81/81 32/38/38 91/35/35 92/80/80
f 155/37/37 161/32/32 91/35/35 32/38/38
f 9/9/9 89/8/8 90/11/11 5/99/99
f 2/5/5 3/1/1 89/8/8 88/7/7
f 58/81/81 92/80/80 60/83/83 61/56/56
f 5/99/99 90/11/11 437/117/117 94/118/118
f 437/117/117 90/11/11 8/4/4 435/116/116
f 432/119/119 4/100/100 5/99/99 94/118/118
f 29/29/29 30/28/28 98/120/120 97/121/121
f 28/31/31 27/30/30 95/122/122 96/123/123
f 30/28/28 28/31/31 96/123/123 98/120/120
f 48/59/59 46/57/57 29/29/29 97/121/121
f 49/62/62 50/61/61 99/64/64 100/63/63
f 95/122/122 27/30/30 57/71/71 70/124/124
f 50/61/61 48/59/59 97/121/121 98/120/120
f 96/123/123 95/122/122 101/125/125 102/126/126
f 98/120/120 96/123/123 102/126/126 103/127/127
f 99/64/64 50/61/61 98/120/120 103/127/127
f 175/128/128 120/129/129 117/130/130 174/131/131
f 110/132/132 120/129/129 175/128/128 176/133/133
f 121/134/134 118/135/135 112/136/136 113/137/137
f 118/135/135 119/138/138 111/139/139 112/136/136
f 135/140/140 120/129/129 110/132/132 133/141/141
f 170/142/142 174/131/131 117/130/130 134/143/143
f 172/144/144 171/145/145 116/146/146 115/147/147
f 173/148/148 172/144/144 115/147/147 114/149/149
f 134/143/143 117/130/130 120/129/129 135/140/140
f 115/147/147 116/146/146 119/138/138 118/135/135
f 114/149/149 115/147/147 118/135/135 121/134/134
f 81/85/85 130/84/84 129/107/107 77/150/150
f 77/150/150 129/107/107 128/110/110 75/151/151
f 169/152/152 66/87/87 126/98/98 168/153/153
f 53/68/68 54/67/67 125/44/44 124/41/41
f 160/69/69 53/68/68 124/41/41 162/40/40
f 177/154/154 173/148/148 114/149/149 64/88/88
f 169/152/152 177/154/154 64/88/88 66/87/87
f 116/146/146 134/143/143 135/140/140 119/138/138
f 171/145/145 170/142/142 134/143/143 116/146/146
f 119/138/138 135/140/140 133/141/141 111/139/139
f 145/155/155 146/156/156 139/157/157 143/158/158
f 147/159/159 145/155/155 143/158/158 142/160/160
f 148/161/161 149/162/162 141/163/163 140/164/164
f 150/165/165 151/166/166 179/167/167 137/168/168
f 146/156/156 152/169/169 138/170/170 139/157/157
f 149/162/162 147/159/159 142/160/160 141/163/163
f 164/171/171 150/165/165 137/168/168 163/172/172
f 153/173/173 148/161/161 140/164/164 144/174/174
f 916/175/175 917/176/176 148/161/161 153/173/173
f 913/177/177 912/178/178 150/165/165 164/171/171
f 918/179/179 919/180/180 147/159/159 149/162/162
f 915/181/181 914/182/182 152/169/169 146/156/156
f 912/178/178 34/183/183 151/166/166 150/165/165
f 917/176/176 918/179/179 149/162/162 148/161/161
f 919/180/180 923/184/184 145/155/155 147/159/159
f 923/184/184 915/181/181 146/156/156 145/155/155
f 75/151/151 909/185/185 908/186/186 77/150/150
f 908/186/186 910/187/187 81/85/85 77/150/150
f 921/188/188 153/173/173 144/174/174 922/189/189
f 153/173/173 921/188/188 106/190/190 916/175/175
f 914/182/182 913/177/177 164/171/171 152/169/169
f 152/169/169 164/171/171 163/172/172 138/170/170
f 55/97/97 160/69/69 162/40/40 126/98/98
f 2/5/5 88/7/7 161/32/32 155/37/37
f 37/94/94 158/51/51 160/69/69 55/97/97
f 33/34/34 154/33/33 159/50/50 40/53/53
f 40/53/53 159/50/50 158/51/51 37/94/94
f 126/98/98 162/40/40 167/43/43 168/153/153
f 1/6/6 2/5/5 155/37/37 156/36/36
f 88/7/7 10/10/10 154/33/33 161/32/32
f 911/191/191 35/192/192 166/42/42 165/45/45
f 157/193/193 36/194/194 168/153/153 167/43/43
f 36/194/194 63/195/195 169/152/152 168/153/153
f 107/196/196 132/197/197 170/142/142 171/145/145
f 108/198/198 107/196/196 171/145/145 172/144/144
f 109/199/199 108/198/198 172/144/144 173/148/148
f 920/200/200 123/201/201 175/128/128 174/131/131
f 123/201/201 122/202/202 176/133/133 175/128/128
f 131/203/203 109/199/199 173/148/148 177/154/154
f 63/195/195 131/203/203 177/154/154 169/152/152
f 132/197/197 920/200/200 174/131/131 170/142/142
f 179/167/167 151/166/166 178/204/204 136/205/205
f 151/166/166 34/183/183 202/206/206 178/204/204
f 35/192/192 157/193/193 167/43/43 166/42/42
f 127/92/92 180/86/86 69/90/90 104/207/207
f 103/127/127 102/126/126 259/208/208 261/209/209
f 52/65/65 99/64/64 103/127/127 219/210/210
f 185/211/211 187/212/212 186/213/213 184/214/214
f 51/66/66 52/65/65 185/211/211 188/215/215
f 188/215/215 185/211/211 184/214/214 183/216/216
f 52/65/65 219/210/210 187/212/212 185/211/211
f 197/217/217 196/218/218 191/219/219 190/220/220
f 194/221/221 195/222/222 193/223/223 192/224/224
f 189/225/225 218/226/226 195/222/222 194/221/221
f 192/224/224 193/223/223 196/218/218 197/217/217
f 200/227/227 201/228/228 199/229/229 198/230/230
f 190/220/220 191/219/219 201/228/228 200/227/227
f 81/85/85 910/187/187 911/191/191 165/45/45
f 238/231/231 241/232/232 1819/233/233 1809/234/234
f 209/235/235 221/236/236 222/237/237 206/238/238
f 242/239/239 239/240/240 207/241/241 208/242/242
f 1814/243/243 1822/244/244 239/240/240 242/239/239
f 1811/245/245 203/246/246 220/247/247 1820/248/248
f 1816/249/249 243/250/250 239/240/240 1822/244/244
f 238/231/231 1809/234/234 1818/251/251 240/252/252
f 204/253/253 220/247/247 221/236/236 209/235/235
f 1810/254/254 1820/248/248 220/247/247 204/253/253
f 225/255/255 227/256/256 182/257/257 181/258/258
f 244/259/259 182/260/257 227/261/256 247/262/260
f 1817/263/261 209/235/235 206/238/238 1813/264/262
f 240/252/252 1818/251/251 1814/243/243 242/239/239
f 1812/265/263 244/259/259 247/262/260 1827/266/264
f 214/267/265 199/229/229 201/228/228 215/268/266
f 256/269/267 212/270/268 213/271/269 257/272/270
f 270/273/271 214/267/265 215/268/266 271/274/272
f 196/218/218 193/223/223 266/275/273 217/276/274
f 191/219/219 196/218/218 217/276/274 216/277/275
f 215/268/266 201/228/228 191/219/219 216/277/275
f 263/278/276 262/279/277 218/226/226 189/225/225
f 237/280/278 276/281/279 249/282/280 250/283/281
f 259/208/208 260/284/282 224/285/283 181/286/258
f 206/238/238 222/237/237 1821/287/284 1813/264/262
f 210/288/285 205/289/286 222/237/237 221/236/236
f 243/250/250 224/290/283 207/241/241 239/240/240
f 203/246/246 210/288/285 221/236/236 220/247/247
f 203/246/246 1811/245/245 1828/291/287 228/292/288
f 243/250/250 1816/249/249 1825/293/289 246/294/290
f 219/210/210 103/127/127 261/209/209 182/295/257
f 1829/296/291 1838/297/292 1119/298/293 1114/299/294
f 245/300/295 1824/301/296 1827/302/264 247/303/260
f 1823/304/297 223/305/298 228/306/288 1828/307/287
f 246/294/290 1825/293/289 1824/301/296 245/300/295
f 205/289/286 1815/308/299 1821/287/284 222/237/237
f 210/288/285 203/246/246 228/292/288 223/309/298
f 205/289/286 210/288/285 223/309/298 229/310/300
f 183/216/216 184/214/214 231/311/301 230/312/302
f 236/313/303 237/280/278 235/314/304 234/315/305
f 277/316/306 276/281/279 237/280/278 236/313/303
f 101/125/125 260/284/282 259/208/208 102/126/126
f 226/317/307 225/255/255 181/258/258 224/290/283
f 225/255/255 245/300/295 247/303/260 227/256/256
f 226/317/307 246/294/290 245/300/295 225/255/255
f 182/260/257 244/259/259 241/232/232 219/318/210
f 1826/319/308 229/310/300 223/305/298 1823/304/297
f 187/320/212 219/318/210 241/232/232 238/231/231
f 211/321/309 240/252/252 242/239/239 208/242/242
f 244/259/259 1812/265/263 1819/233/233 241/232/232
f 187/320/212 238/231/231 240/252/252 211/321/309
f 224/290/283 243/250/250 246/294/290 226/317/307
f 1815/308/299 205/289/286 229/310/300 1826/319/308
f 248/322/310 231/311/301 184/214/214 186/213/213
f 70/124/124 105/323/311 268/324/312 269/325/313
f 105/323/311 104/207/207 267/326/314 268/324/312
f 104/207/207 69/90/90 252/327/315 267/326/314
f 101/125/125 95/122/122 70/124/124 269/325/313
f 258/328/316 257/272/270 213/271/269 255/329/317
f 272/330/318 271/274/272 215/268/266 216/277/275
f 114/149/149 121/134/134 257/272/270 258/328/316
f 113/137/137 256/269/267 257/272/270 121/134/134
f 68/89/89 64/88/88 114/149/149 258/328/316
f 182/295/257 261/209/209 259/208/208 181/286/258
f 207/331/241 224/285/283 260/284/282 101/125/125
f 211/332/309 208/333/242 262/279/277 263/278/276
f 265/334/319 186/213/213 187/212/212 211/332/309
f 65/91/91 68/89/89 258/328/316 255/329/317
f 273/335/320 272/330/318 216/277/275 217/276/274
f 253/336/321 266/275/273 193/223/223 195/222/222
f 254/337/322 253/336/321 195/222/222 218/226/226
f 251/338/323 254/337/322 218/226/226 262/279/277
f 251/338/323 262/279/277 208/333/242 207/331/241
f 251/338/323 207/331/241 101/125/125 269/325/313
f 254/337/322 251/338/323 269/325/313 268/324/312
f 253/336/321 254/337/322 268/324/312 267/326/314
f 266/275/273 253/336/321 267/326/314 252/327/315
f 65/91/91 255/329/317 272/330/318 273/335/320
f 255/329/317 213/271/269 271/274/272 272/330/318
f 212/270/268 270/273/271 271/274/272 213/271/269
f 252/327/315 69/90/90 65/91/91 273/335/320
f 266/275/273 252/327/315 273/335/320 217/276/274
f 127/92/92 275/95/95 274/96/96 67/93/93
f 67/93/93 274/96/96 37/94/94 55/97/97
f 275/95/95 127/92/92 104/207/207 105/323/311
f 275/95/95 105/323/311 70/124/124 57/71/71
f 249/282/280 264/339/324 263/278/276 189/225/225
f 248/322/310 186/213/213 265/334/319 264/339/324
f 230/312/302 231/311/301 233/340/325 232/341/326
f 233/340/325 231/311/301 248/322/310 264/339/324
f 277/316/306 232/341/326 233/340/325 276/281/279
f 265/334/319 211/332/309 263/278/276 264/339/324
f 249/282/280 276/281/279 233/340/325 264/339/324
f 275/95/95 57/71/71 56/70/70
f 414/342/327 413/343/328 325/344/329 326/345/330
f 394/346/331 306/347/332 286/348/333 393/349/334
f 391/350/335 390/351/336 330/352/337 558/353/338
f 281/354/339 404/355/340 455/356/341 361/357/342
f 383/358/343 359/359/344 291/360/345 380/361/346
f 314/362/347 299/363/348 289/364/349 308/365/350
f 362/366/351 388/367/352 287/368/353 309/369/354
f 359/359/344 298/370/355 288/371/356 291/360/345
f 407/372/357 408/373/358 327/374/359 324/375/360
f 413/343/328 409/376/361 322/377/362 325/344/329
f 464/378/363 463/379/364 366/380/365 365/381/366
f 628/382/367 282/383/368 295/384/369 312/385/370
f 462/386/371 458/387/372 371/388/373 367/389/374
f 456/390/375 294/391/376 298/370/355 359/359/344
f 458/387/372 459/392/377 370/393/378 371/388/373
f 312/385/370 295/384/369 299/363/348 314/362/347
f 460/394/379 461/395/380 368/396/381 369/397/382
f 294/391/376 312/385/370 314/362/347 298/370/355
f 296/398/383 363/399/384 386/400/385 300/401/386
f 280/402/387 628/382/367 312/385/370 294/391/376
f 281/354/339 361/357/342 363/399/384 296/398/383
f 318/403/388 320/404/389 418/405/390 417/406/391
f 387/407/392 362/366/351 309/369/354 290/408/393
f 298/370/355 314/362/347 308/365/350 288/371/356
f 639/409/394 637/410/395 940/411/396 932/412/397
f 427/413/398 430/414/399 431/415/400 426/416/401
f 292/417/402 310/418/403 415/419/404 416/420/405
f 640/421/406 641/422/407 938/423/408 935/424/409
f 288/371/356 308/365/350 321/425/410 316/426/411
f 290/408/393 309/369/354 320/404/389 318/403/388
f 291/360/345 288/371/356 316/426/411 319/427/412
f 309/369/354 287/368/353 385/428/413 320/404/389
f 308/365/350 289/364/349 317/429/414 321/425/410
f 380/361/346 291/360/345 319/427/412 384/430/415
f 543/431/416 545/432/417 336/433/418 337/434/419
f 549/435/420 544/436/421 339/437/422 338/438/423
f 547/439/424 542/440/425 334/441/426 333/442/427
f 548/443/428 543/431/416 337/434/419 340/444/429
f 390/351/336 392/445/430 331/446/431 330/352/337
f 408/447/358 412/448/432 328/449/433 327/450/359
f 412/448/432 411/451/434 329/452/435 328/449/433
f 410/453/436 407/372/357 324/375/360 323/454/437
f 551/455/438 556/456/439 745/457/440 536/458/441
f 555/459/442 554/460/443 541/461/444 540/462/445
f 550/463/446 551/455/438 536/458/441 535/464/447
f 552/465/448 553/466/449 537/467/450 538/468/451
f 542/440/425 546/469/452 335/470/453 334/441/426
f 544/436/421 548/443/428 340/444/429 339/437/422
f 546/469/452 549/471/420 338/472/423 335/470/453
f 545/432/417 547/439/424 333/442/427 336/433/418
f 410/453/436 323/454/437 322/377/362 409/376/361
f 414/342/327 326/345/330 329/452/435 411/451/434
f 529/473/454 531/474/455 341/475/456 346/476/457
f 530/477/458 533/478/459 345/479/460 347/480/461
f 528/481/462 532/482/463 342/483/464 344/484/465
f 348/485/466 353/486/467 642/487/468 648/488/469
f 532/482/463 527/489/470 343/490/471 342/483/464
f 347/480/461 352/491/472 649/492/473 647/493/474
f 533/494/459 528/481/462 344/484/465 345/495/460
f 527/489/470 529/473/454 346/476/457 343/490/471
f 346/476/457 341/475/456 353/486/467 351/496/475
f 347/480/461 345/479/460 355/497/476 352/491/472
f 344/484/465 342/483/464 354/498/477 350/499/478
f 341/475/456 531/474/455 650/500/479 643/501/480
f 342/483/464 343/490/471 349/502/481 354/498/477
f 353/486/467 341/475/456 643/501/480 642/487/468
f 345/495/460 344/484/465 350/499/478 355/503/476
f 343/490/471 346/476/457 351/496/475 349/502/481
f 374/504/482 372/505/483 356/506/484 358/507/485
f 389/508/486 302/509/487 376/510/488 375/511/489
f 378/512/490 376/510/488 302/509/487 386/400/385
f 379/513/491 378/512/490 386/400/385 363/399/384
f 377/514/492 379/513/491 363/399/384 361/357/342
f 907/515/493 508/516/494 400/517/495 396/518/496
f 511/519/497 507/520/498 401/521/499 398/522/500
f 509/523/501 907/515/493 396/518/496 904/524/502
f 510/525/503 506/526/504 399/527/505 403/528/506
f 482/529/507 460/530/379 369/531/382 483/532/508
f 461/395/380 465/533/509 364/534/510 368/396/381
f 463/379/364 487/535/511 484/536/512 366/380/365
f 465/533/509 464/378/363 365/381/366 364/534/510
f 305/537/513 311/538/514 379/539/491 377/540/492
f 311/541/514 313/542/515 378/543/490 379/544/491
f 313/542/515 360/545/516 376/546/488 378/543/490
f 279/547/517 305/537/513 377/540/492 373/548/518
f 360/545/516 301/549/519 375/550/489 376/546/488
f 301/549/519 297/551/520 374/504/482 375/550/489
f 297/551/520 284/552/521 372/505/483 374/504/482
f 284/552/521 279/547/517 373/548/518 372/505/483
f 304/553/522 382/554/523 381/555/524 283/556/525
f 287/368/353 380/361/346 384/430/415 385/428/413
f 388/367/352 383/358/343 380/361/346 287/368/353
f 332/557/526 315/558/527 385/428/413 384/430/415
f 300/401/386 386/400/385 362/366/351 387/407/392
f 388/367/352 362/366/351 386/400/385 302/509/487
f 389/508/486 383/358/343 388/367/352 302/509/487
f 293/559/528 285/560/529 392/445/430 390/351/336
f 319/427/412 293/559/528 390/351/336 391/350/335
f 382/554/523 394/346/331 393/349/334 381/555/524
f 391/350/335 332/557/526 384/430/415 319/427/412
f 506/561/504 906/562/530 402/563/531 399/564/505
f 512/565/532 510/525/503 403/528/506 397/566/533
f 507/520/498 512/565/532 397/566/533 401/521/499
f 902/567/534 511/519/497 398/522/500 901/568/535
f 356/506/484 372/505/483 373/548/518 357/569/536
f 631/570/537 630/571/538 455/356/341 404/355/340
f 389/508/486 456/390/375 359/359/344 383/358/343
f 422/572/539 286/348/333 306/347/332 423/573/540
f 250/283/281 249/282/280 189/225/225 194/221/221
f 414/574/327 411/575/434 315/558/527 332/557/526
f 278/576/541 410/577/436 409/578/361 331/446/431
f 310/418/403 418/405/390 412/579/432 408/580/358
f 330/352/337 331/446/431 409/578/361 413/581/328
f 558/353/338 330/352/337 413/581/328 414/574/327
f 407/582/357 415/419/404 310/418/403 408/580/358
f 417/406/391 418/405/390 310/418/403 292/417/402
f 424/583/542 423/573/540 306/347/332 419/584/543
f 425/585/544 424/583/542 419/584/543 285/560/529
f 315/558/527 411/575/434 412/579/432 418/405/390
f 385/428/413 315/558/527 418/405/390 320/404/389
f 235/314/304 237/280/278 250/283/281 420/586/545
f 420/586/545 250/283/281 194/221/221 192/224/224
f 197/217/217 190/220/220 424/583/542 425/585/544
f 192/224/224 197/217/217 425/585/544 421/587/546
f 190/220/220 200/227/227 423/573/540 424/583/542
f 198/230/230 422/572/539 423/573/540 200/227/227
f 421/587/546 425/585/544 285/560/529 293/559/528
f 235/314/304 427/413/398 426/416/401 234/315/305
f 428/588/547 427/413/398 235/314/304 420/586/545
f 428/588/547 420/586/545 192/224/224 421/587/546
f 430/414/399 427/413/398 428/588/547 429/589/548
f 429/589/548 428/588/547 421/587/546 293/559/528
f 430/414/399 321/425/410 317/429/414 431/415/400
f 316/426/411 321/425/410 430/414/399 429/589/548
f 319/427/412 316/426/411 429/589/548 293/559/528
f 925/590/549 71/591/550 433/103/103 924/102/102
f 440/592/551 434/593/552 73/105/105 433/103/103
f 436/594/553 86/595/554 435/116/116 87/115/115
f 443/596/555 444/597/556 440/592/551 441/598/557
f 439/599/558 93/600/559 437/117/117 435/116/116
f 93/600/559 438/601/560 94/118/118 437/117/117
f 438/601/560 79/602/561 432/119/119 94/118/118
f 440/592/551 433/103/103 71/591/550 441/598/557
f 442/603/562 439/599/558 435/116/116 86/595/554
f 444/597/556 86/595/554 436/594/553 445/604/563
f 440/592/551 444/597/556 445/604/563 434/593/552
f 442/603/562 86/595/554 444/597/556 443/596/555
f 93/600/559 439/599/558 449/605/564 448/606/565
f 442/603/562 443/596/555 451/607/566 452/608/567
f 79/602/561 438/601/560 450/609/568 446/610/569
f 438/601/560 93/600/559 448/606/565 450/609/568
f 450/609/568 454/611/570 447/612/571 926/613/572
f 454/611/570 451/607/566 453/614/573 447/612/571
f 448/606/565 449/605/564 454/611/570 450/609/568
f 449/605/564 452/608/567 451/607/566 454/611/570
f 443/596/555 441/598/557 453/614/573 451/607/566
f 71/591/550 925/590/549 926/613/572 447/612/571
f 439/599/558 442/603/562 452/608/567 449/605/564
f 441/598/557 71/591/550 447/612/571 453/614/573
f 416/420/405 415/419/404 304/553/522 283/556/525
f 304/553/522 415/419/404 407/582/357 513/615/574
f 456/390/375 389/508/486 375/511/489 457/616/575
f 457/617/575 375/550/489 374/504/482 358/507/485
f 481/618/576 477/619/577 464/378/363 465/533/509
f 480/620/578 488/621/579 487/535/511 463/379/364
f 479/622/580 481/618/576 465/533/509 461/395/380
f 486/623/581 475/624/582 460/530/379 482/529/507
f 475/625/582 479/622/580 461/395/380 460/394/379
f 474/626/583 478/627/584 459/392/377 458/387/372
f 476/628/585 474/626/583 458/387/372 462/386/371
f 477/619/577 480/620/578 463/379/364 464/378/363
f 365/381/366 366/380/365 471/629/586 472/630/587
f 484/536/512 485/631/588 473/632/589 470/633/590
f 485/631/588 483/532/508 468/634/591 473/632/589
f 369/397/382 368/396/381 466/635/592 469/636/593
f 483/532/508 369/531/382 469/637/593 468/634/591
f 368/396/381 364/534/510 467/638/594 466/635/592
f 366/380/365 484/536/512 470/633/590 471/629/586
f 364/534/510 365/381/366 472/630/587 467/638/594
f 373/639/518 377/514/492 361/357/342 455/356/341
f 357/640/536 373/639/518 455/356/341 630/571/538
f 356/641/484 357/640/536 630/571/538 307/642/595
f 356/641/484 307/642/595 628/382/367 280/402/387
f 358/643/485 356/641/484 280/402/387 294/391/376
f 294/391/376 456/390/375 457/616/575 358/643/485
f 284/552/521 297/551/520 480/620/578 477/619/577
f 301/549/519 360/545/516 489/644/596 488/621/579
f 360/545/516 313/542/515 486/623/581 489/644/596
f 311/538/514 305/537/513 479/622/580 475/625/582
f 313/542/515 311/541/514 475/624/582 486/623/581
f 305/537/513 279/547/517 481/618/576 479/622/580
f 297/551/520 301/549/519 488/621/579 480/620/578
f 279/547/517 284/552/521 477/619/577 481/618/576
f 370/393/378 459/392/377 482/529/507 483/532/508
f 367/389/374 371/388/373 485/631/588 484/536/512
f 371/388/373 370/393/378 483/532/508 485/631/588
f 459/392/377 478/627/584 486/623/581 482/529/507
f 462/386/371 367/389/374 484/536/512 487/535/511
f 476/628/585 462/386/371 487/535/511 488/621/579
f 474/626/583 476/628/585 488/621/579 489/644/596
f 478/627/584 474/626/583 489/644/596 486/623/581
f 397/566/533 403/528/506 494/645/597 492/646/598
f 399/564/505 402/563/531 903/647/599 493/648/600
f 396/518/496 400/517/495 395/649/601 905/650/602
f 398/522/500 401/521/499 491/651/603 490/652/604
f 401/521/499 397/566/533 492/646/598 491/651/603
f 901/568/535 398/522/500 490/652/604 900/653/605
f 403/528/506 399/527/505 493/654/600 494/645/597
f 904/524/502 396/518/496 905/650/602 496/655/606
f 492/646/598 494/645/597 503/656/607 498/657/608
f 493/648/600 903/647/599 504/658/609 499/659/610
f 495/660/611 900/653/605 501/661/612 500/662/613
f 490/652/604 491/651/603 502/663/614 497/664/615
f 491/651/603 492/646/598 498/657/608 502/663/614
f 900/653/605 490/652/604 497/664/615 501/661/612
f 494/645/597 493/654/600 499/665/610 503/656/607
f 903/647/599 495/660/611 500/662/613 504/658/609
f 472/630/587 471/629/586 511/519/497 902/567/534
f 470/633/590 473/632/589 512/565/532 507/520/498
f 473/632/589 468/634/591 510/525/503 512/565/532
f 469/636/593 466/635/592 906/562/530 506/561/504
f 468/634/591 469/637/593 506/526/504 510/525/503
f 466/635/592 467/638/594 505/666/616 906/562/530
f 471/629/586 470/633/590 507/520/498 511/519/497
f 467/638/594 472/630/587 902/567/534 505/666/616
f 513/615/574 407/582/357 410/577/436 278/576/541
f 514/667/617 516/668/618 513/615/574 517/669/619
f 278/576/541 331/446/431 392/445/430 515/670/620
f 513/615/574 278/576/541 515/670/620 517/669/619
f 382/554/523 304/553/522 513/615/574 516/668/618
f 419/584/543 306/347/332 394/346/331 514/667/617
f 514/667/617 394/346/331 382/554/523 516/668/618
f 515/670/620 392/445/430 285/560/529 419/584/543
f 517/669/619 515/670/620 419/584/543 514/667/617
f 326/345/330 325/344/329 524/671/621 522/672/622
f 327/450/359 328/449/433 523/673/623 520/674/624
f 322/377/362 323/454/437 521/675/625 518/676/626
f 329/452/435 326/345/330 522/672/622 519/677/627
f 323/454/437 324/375/360 525/678/628 521/675/625
f 328/449/433 329/452/435 519/677/627 523/673/623
f 324/375/360 327/374/359 520/679/624 525/678/628
f 325/344/329 322/377/362 518/676/626 524/671/621
f 522/672/622 524/671/621 529/473/454 527/489/470
f 520/674/624 523/673/623 528/481/462 533/494/459
f 518/676/626 521/675/625 526/680/629 531/474/455
f 519/677/627 522/672/622 527/489/470 532/482/463
f 521/675/625 525/678/628 530/477/458 526/680/629
f 523/673/623 519/677/627 532/482/463 528/481/462
f 525/678/628 520/679/624 533/478/459 530/477/458
f 524/671/621 518/676/626 531/474/455 529/473/454
f 553/466/449 557/681/630 534/682/631 537/467/450
f 554/460/443 552/465/448 538/468/451 541/461/444
f 557/681/630 550/463/446 535/464/447 534/682/631
f 657/683/632 651/684/633 547/439/424 545/432/417
f 658/685/634 653/686/635 549/471/420 546/469/452
f 656/687/636 652/688/637 548/443/428 544/436/421
f 654/689/638 658/685/634 546/469/452 542/440/425
f 652/688/637 655/690/639 543/431/416 548/443/428
f 651/684/633 654/689/638 542/440/425 547/439/424
f 653/691/635 656/687/636 544/436/421 549/435/420
f 655/690/639 657/683/632 545/432/417 543/431/416
f 333/442/427 334/441/426 550/463/446 557/681/630
f 554/460/443 555/459/442 755/692/640 756/693/641
f 336/433/418 333/442/427 557/681/630 553/466/449
f 337/434/419 336/433/418 553/466/449 552/465/448
f 334/441/426 335/470/453 551/455/438 550/463/446
f 337/434/419 552/465/448 751/694/642 752/695/643
f 335/470/453 338/472/423 556/456/439 551/455/438
f 558/353/338 414/574/327 332/557/526 391/350/335
f 541/696/444 538/697/451 733/698/644 731/699/645
f 540/700/445 541/696/444 731/699/645 732/701/646
f 561/702/647 559/703/648 734/704/649 564/705/650
f 560/706/651 561/702/647 564/705/650 735/707/652
f 562/708/653 733/698/644 538/697/451 537/709/450
f 539/710/654 540/700/445 732/701/646 563/711/655
f 534/682/631 535/464/447 566/712/656 565/713/657
f 568/714/658 570/715/659 579/716/660 584/717/661
f 567/718/662 536/458/441 740/719/663 744/720/664
f 537/467/450 534/682/631 738/721/665 737/722/666
f 566/712/656 567/718/662 744/720/664 743/723/667
f 536/458/441 539/724/654 739/725/668 740/719/663
f 562/708/653 537/709/450 737/726/666 736/727/669
f 569/728/670 568/714/658 584/717/661 578/729/671
f 535/464/447 536/458/441 567/718/662 566/712/656
f 581/730/672 585/731/673 603/732/674 599/733/675
f 585/731/673 581/730/672 605/734/676 609/735/677
f 576/736/678 578/729/671 590/737/679 588/738/680
f 582/739/681 577/740/682 606/741/683 604/742/684
f 585/743/673 584/717/661 602/744/685 603/745/674
f 573/746/686 576/736/678 588/738/680 586/747/687
f 579/716/660 575/748/688 594/749/689 595/750/690
f 534/682/631 565/713/657 742/751/691 738/721/665
f 539/710/654 563/711/655 741/752/692 739/753/668
f 570/715/659 734/704/649 562/708/653 736/727/669
f 565/713/657 566/712/656 743/723/667 742/751/691
f 587/754/693 586/755/687 677/756/694 678/757/695
f 589/758/696 591/759/697 682/760/698 680/761/699
f 578/729/671 577/762/682 589/763/696 590/737/679
f 574/764/700 573/765/686 586/755/687 587/754/693
f 582/739/681 574/764/700 587/754/693 591/759/697
f 577/740/682 582/739/681 591/759/697 589/758/696
f 596/766/701 595/750/690 662/767/702 663/768/703
f 594/749/689 592/769/704 659/770/705 661/771/706
f 572/772/707 580/773/708 597/774/709 593/775/710
f 583/776/711 579/716/660 595/750/690 596/766/701
f 575/748/688 571/777/712 592/769/704 594/749/689
f 571/778/712 572/772/707 593/775/710 592/779/704
f 602/744/685 601/780/713 716/781/714 717/782/715
f 603/745/674 602/744/685 717/782/715 718/783/716
f 584/717/661 579/716/660 601/780/713 602/744/685
f 579/716/660 583/776/711 600/784/717 601/780/713
f 583/785/711 580/773/708 598/786/718 600/787/717
f 580/773/708 581/730/672 599/733/675 598/786/718
f 608/788/719 607/789/720 698/790/721 699/791/722
f 607/789/720 609/792/677 700/793/723 698/790/721
f 577/762/682 578/729/671 608/788/719 606/794/683
f 581/730/672 582/739/681 604/742/684 605/734/676
f 584/717/661 585/743/673 609/792/677 607/789/720
f 578/729/671 584/717/661 607/789/720 608/788/719
f 612/795/724 626/796/725 611/797/726 610/798/727
f 626/796/725 616/799/728 615/800/729 614/801/730
f 610/798/727 611/797/726 619/77/77 618/76/76
f 612/795/724 610/798/727 618/76/76 620/75/75
f 613/802/731 614/801/730 622/72/72 621/79/79
f 614/801/730 615/800/729 623/73/73 622/72/72
f 615/800/729 616/799/728 624/78/78 623/73/73
f 616/799/728 617/803/732 625/74/74 624/78/78
f 611/797/726 613/802/731 621/79/79 619/77/77
f 617/803/732 612/795/724 620/75/75 625/74/74
f 611/797/726 626/796/725 614/801/730 613/802/731
f 617/803/732 616/799/728 626/796/725 612/795/724
f 303/804/733 627/805/734 282/383/368 628/382/367
f 629/806/735 303/804/733 628/382/367 307/642/595
f 406/807/736 629/806/735 307/642/595 630/571/538
f 405/808/737 406/807/736 630/571/538 631/570/537
f 1505/809/738 632/810/739 1857/811/740
f 632/810/739 635/812/741 1857/811/740
f 637/410/395 640/421/406 935/424/409 940/411/396
f 638/813/742 639/409/394 932/412/397 943/814/743
f 1852/815/744 1853/816/745 634/817/746 636/818/747
f 1850/819/748 1852/815/744 636/818/747 633/820/749
f 1851/821/750 1849/822/751 635/812/741 632/810/739
f 947/823/752 948/824/753 639/409/394 638/813/742
f 946/825/754 949/826/755 640/421/406 637/410/395
f 949/826/755 950/827/756 641/422/407 640/421/406
f 948/824/753 946/825/754 637/410/395 639/409/394
f 644/828/757 646/829/758 647/493/474 645/830/759
f 650/500/479 644/828/757 645/830/759 643/501/480
f 645/830/759 647/493/474 649/492/473 648/488/469
f 643/501/480 645/830/759 648/488/469 642/487/468
f 530/477/458 347/480/461 647/493/474 646/829/758
f 526/680/629 530/477/458 646/829/758 644/828/757
f 352/491/472 348/485/466 648/488/469 649/492/473
f 531/474/455 526/680/629 644/828/757 650/500/479
f 349/502/481 351/496/475 657/683/632 655/690/639
f 355/503/476 350/499/478 656/687/636 653/691/635
f 353/486/467 348/485/466 654/689/638 651/684/633
f 354/498/477 349/502/481 655/690/639 652/688/637
f 348/485/466 352/491/472 658/685/634 654/689/638
f 350/499/478 354/498/477 652/688/637 656/687/636
f 352/491/472 355/497/476 653/686/635 658/685/634
f 351/496/475 353/486/467 651/684/633 657/683/632
f 580/773/708 583/785/711 596/831/701 597/774/709
f 671/832/760 673/833/761 670/834/762 666/835/763
f 672/836/764 671/832/760 666/835/763 665/837/765
f 595/750/690 594/749/689 661/771/706 662/767/702
f 592/779/704 593/775/710 660/838/766 659/839/705
f 593/775/710 597/774/709 664/840/767 660/838/766
f 597/774/709 596/831/701 663/841/703 664/840/767
f 665/837/765 666/835/763 670/834/762 669/842/768
f 667/843/769 665/844/765 669/845/768 668/846/770
f 673/833/761 674/847/771 669/842/768 670/834/762
f 675/848/772 672/849/764 665/844/765 667/843/769
f 674/850/771 676/851/773 668/846/770 669/845/768
f 676/851/773 675/848/772 667/843/769 668/846/770
f 662/767/774 661/771/775 675/848/772 676/851/773
f 663/768/776 662/767/774 676/851/773 674/850/771
f 661/771/775 659/770/777 672/849/764 675/848/772
f 664/840/778 663/841/776 674/847/771 673/833/761
f 659/839/777 660/838/779 671/832/760 672/836/764
f 660/838/779 664/840/778 673/833/761 671/832/760
f 692/852/780 691/853/781 683/854/782 684/855/783
f 690/856/784 689/857/785 688/858/786 686/859/787
f 590/737/679 589/763/696 680/860/699 681/861/788
f 588/738/680 590/737/679 681/861/788 679/862/789
f 586/747/687 588/738/680 679/862/789 677/863/694
f 591/759/697 587/754/693 678/757/695 682/760/698
f 683/864/782 685/865/790 687/866/791 686/867/787
f 684/855/783 683/854/782 686/859/787 688/858/786
f 693/868/792 690/869/784 686/867/787 687/866/791
f 694/870/793 693/868/792 687/866/791 685/865/790
f 691/871/781 694/870/793 685/865/790 683/864/782
f 689/857/785 692/852/780 684/855/783 688/858/786
f 682/760/794 678/757/795 692/852/780 689/857/785
f 677/863/796 679/862/797 694/870/793 691/871/781
f 679/862/797 681/861/798 693/868/792 694/870/793
f 681/861/798 680/860/799 690/869/784 693/868/792
f 680/761/799 682/760/794 689/857/785 690/856/784
f 678/757/795 677/756/796 691/853/781 692/852/780
f 709/872/800 708/873/801 704/874/802 705/875/803
f 708/873/801 707/876/804 706/877/805 704/874/802
f 605/734/676 604/742/684 695/878/806 696/879/807
f 609/735/677 605/734/676 696/879/807 700/880/723
f 606/794/683 608/788/719 699/791/722 697/881/808
f 604/742/684 606/741/683 697/882/808 695/878/806
f 703/883/809 706/884/805 702/885/810 701/886/811
f 705/875/803 704/874/802 706/877/805 703/887/809
f 711/888/812 710/889/813 701/886/811 702/885/810
f 707/890/804 711/888/812 702/885/810 706/884/805
f 712/891/814 709/872/800 705/875/803 703/887/809
f 710/889/813 712/892/814 703/883/809 701/886/811
f 695/878/815 697/882/816 712/892/814 710/889/813
f 697/881/816 699/791/817 709/872/800 712/891/814
f 700/880/818 696/879/819 711/888/812 707/890/804
f 696/879/819 695/878/815 710/889/813 711/888/812
f 698/790/820 700/793/818 707/876/804 708/873/801
f 699/791/817 698/790/820 708/873/801 709/872/800
f 728/893/821 727/894/822 721/895/823 722/896/824
f 726/897/825 725/898/826 724/899/827 720/900/828
f 598/786/718 599/733/675 714/901/829 713/902/830
f 599/733/675 603/732/674 718/903/716 714/901/829
f 601/780/713 600/784/717 715/904/831 716/781/714
f 600/787/717 598/786/718 713/902/830 715/905/831
f 724/906/827 723/907/832 722/896/824 721/895/823
f 720/900/828 724/899/827 721/908/823 719/909/833
f 727/910/822 729/911/834 719/909/833 721/908/823
f 725/912/826 730/913/835 723/907/832 724/906/827
f 730/913/835 728/893/821 722/896/824 723/907/832
f 729/911/834 726/897/825 720/900/828 719/909/833
f 713/902/836 714/901/837 726/897/825 729/911/834
f 717/782/838 716/781/839 728/893/821 730/913/835
f 718/783/840 717/782/838 730/913/835 725/912/826
f 715/905/841 713/902/836 729/911/834 727/910/822
f 714/901/837 718/903/840 725/898/826 726/897/825
f 716/781/839 715/904/841 727/894/822 728/893/821
f 561/702/647 560/706/651 732/701/646 731/699/645
f 559/703/648 561/702/647 731/699/645 733/698/644
f 734/704/649 559/703/648 733/698/644 562/708/653
f 560/706/651 735/707/652 563/711/655 732/701/646
f 735/707/652 564/705/650 568/714/658 569/728/670
f 570/715/659 568/714/658 564/705/650 734/704/649
f 741/752/692 563/711/655 735/707/652 569/728/670
f 575/748/688 579/716/660 570/715/659 736/727/669
f 741/752/692 569/728/670 578/729/671 576/736/678
f 571/777/712 575/748/688 736/727/669 737/726/666
f 739/753/668 741/752/692 576/736/678 573/746/686
f 572/772/707 571/778/712 737/722/666 738/721/665
f 580/773/708 572/772/707 738/721/665 742/751/691
f 581/730/672 580/773/708 742/751/691 743/723/667
f 582/739/681 581/730/672 743/723/667 744/720/664
f 574/764/700 582/739/681 744/720/664 740/719/663
f 573/765/686 574/764/700 740/719/663 739/725/668
f 555/459/442 540/462/445 745/914/440 556/915/439
f 555/459/442 556/915/439 338/438/423 339/437/422
f 927/916/842 929/917/843 746/918/844
f 929/917/843 928/919/845 746/918/844
f 930/920/846 927/921/842 746/922/844
f 928/923/845 930/920/846 746/922/844
f 539/724/654 536/458/441 750/924/847 749/925/848
f 536/458/441 745/457/440 748/926/849 750/924/847
f 540/462/445 539/927/654 749/928/848 747/929/850
f 745/914/440 540/462/445 747/929/850 748/930/849
f 753/931/851 752/695/643 751/694/642 756/693/641
f 754/932/852 753/931/851 756/693/641 755/692/640
f 340/444/429 337/434/419 752/695/643 753/931/851
f 552/465/448 554/460/443 756/693/641 751/694/642
f 555/459/442 339/437/422 754/932/852 755/692/640
f 339/437/422 340/444/429 753/931/851 754/932/852
f 764/933/853 761/934/854 888/935/855 766/936/856
f 763/937/857 764/933/853 766/936/856 887/938/858
f 769/939/859 890/940/860 768/941/861 765/942/862
f 767/943/863 888/935/855 761/934/854 760/944/864
f 762/945/865 763/937/857 887/938/858 768/941/861
f 757/946/866 758/947/867 771/948/868 770/949/869
f 773/950/870 775/951/871 784/952/872 789/953/873
f 772/954/874 759/955/875 895/956/876 899/957/877
f 760/958/864 757/946/866 893/959/878 892/960/879
f 771/948/868 772/954/874 899/957/877 898/961/880
f 759/955/875 762/962/865 894/963/881 895/956/876
f 767/943/863 760/944/864 892/964/879 891/965/882
f 774/966/883 773/950/870 789/953/873 783/967/884
f 758/947/867 759/955/875 772/954/874 771/948/868
f 786/968/885 790/969/886 808/970/887 804/971/888
f 790/969/886 786/968/885 810/972/889 814/973/890
f 781/974/891 783/967/884 795/975/892 793/976/893
f 787/977/894 782/978/895 811/979/896 809/980/897
f 790/981/886 789/953/873 807/982/898 808/983/887
f 778/984/899 781/974/891 793/976/893 791/985/900
f 784/952/872 780/986/901 799/987/902 800/988/903
f 757/946/866 770/949/869 897/989/904 893/959/878
f 762/945/865 768/941/861 896/990/905 894/991/881
f 775/951/871 889/992/906 767/943/863 891/965/882
f 770/949/869 771/948/868 898/961/880 897/989/904
f 792/993/907 791/994/900 833/995/908 834/996/909
f 794/997/910 796/998/911 838/999/912 836/1000/913
f 783/967/884 782/1001/895 794/1002/910 795/975/892
f 779/1003/914 778/1004/899 791/994/900 792/993/907
f 787/977/894 779/1003/914 792/993/907 796/998/911
f 782/978/895 787/977/894 796/998/911 794/997/910
f 801/1005/915 800/988/903 818/1006/916 819/1007/917
f 799/987/902 797/1008/918 815/1009/919 817/1010/920
f 777/1011/921 785/1012/922 802/1013/923 798/1014/924
f 788/1015/925 784/952/872 800/988/903 801/1005/915
f 780/986/901 776/1016/926 797/1008/918 799/987/902
f 776/1017/926 777/1011/921 798/1014/924 797/1018/918
f 807/982/898 806/1019/927 872/1020/928 873/1021/929
f 808/983/887 807/982/898 873/1021/929 874/1022/930
f 789/953/873 784/952/872 806/1019/927 807/982/898
f 784/952/872 788/1015/925 805/1023/931 806/1019/927
f 788/1024/925 785/1012/922 803/1025/932 805/1026/931
f 785/1012/922 786/968/885 804/971/888 803/1025/932
f 813/1027/933 812/1028/934 854/1029/935 855/1030/936
f 812/1028/934 814/1031/890 856/1032/937 854/1029/935
f 782/1001/895 783/967/884 813/1027/933 811/1033/896
f 786/968/885 787/977/894 809/980/897 810/972/889
f 789/953/873 790/981/886 814/1031/890 812/1028/934
f 783/967/884 789/953/873 812/1028/934 813/1027/933
f 785/1012/922 788/1024/925 801/1034/915 802/1013/923
f 827/1035/938 829/1036/939 826/1037/940 822/1038/941
f 828/1039/942 827/1035/938 822/1038/941 821/1040/943
f 800/988/903 799/987/902 817/1010/920 818/1006/916
f 797/1018/918 798/1014/924 816/1041/944 815/1042/919
f 798/1014/924 802/1013/923 820/1043/945 816/1041/944
f 802/1013/923 801/1034/915 819/1044/917 820/1043/945
f 821/1040/943 822/1038/941 826/1037/940 825/1045/946
f 823/1046/947 821/1047/943 825/1048/946 824/1049/948
f 829/1036/939 830/1050/949 825/1045/946 826/1037/940
f 831/1051/950 828/1052/942 821/1047/943 823/1046/947
f 830/1053/949 832/1054/951 824/1049/948 825/1048/946
f 832/1054/951 831/1051/950 823/1046/947 824/1049/948
f 818/1006/952 817/1010/953 831/1051/950 832/1054/951
f 819/1007/954 818/1006/952 832/1054/951 830/1053/949
f 817/1010/953 815/1009/955 828/1052/942 831/1051/950
f 820/1043/956 819/1044/954 830/1050/949 829/1036/939
f 815/1042/955 816/1041/957 827/1035/938 828/1039/942
f 816/1041/957 820/1043/956 829/1036/939 827/1035/938
f 848/1055/958 847/1056/959 839/1057/960 840/1058/961
f 846/1059/962 845/1060/963 844/1061/964 842/1062/965
f 795/975/892 794/1002/910 836/1063/913 837/1064/966
f 793/976/893 795/975/892 837/1064/966 835/1065/967
f 791/985/900 793/976/893 835/1065/967 833/1066/908
f 796/998/911 792/993/907 834/996/909 838/999/912
f 839/1067/960 841/1068/968 843/1069/969 842/1070/965
f 840/1058/961 839/1057/960 842/1062/965 844/1061/964
f 849/1071/970 846/1072/962 842/1070/965 843/1069/969
f 850/1073/971 849/1071/970 843/1069/969 841/1068/968
f 847/1074/959 850/1073/971 841/1068/968 839/1067/960
f 845/1060/963 848/1055/958 840/1058/961 844/1061/964
f 838/999/972 834/996/973 848/1055/958 845/1060/963
f 833/1066/974 835/1065/975 850/1073/971 847/1074/959
f 835/1065/975 837/1064/976 849/1071/970 850/1073/971
f 837/1064/976 836/1063/977 846/1072/962 849/1071/970
f 836/1000/977 838/999/972 845/1060/963 846/1059/962
f 834/996/973 833/995/974 847/1056/959 848/1055/958
f 865/1075/978 864/1076/979 860/1077/980 861/1078/981
f 864/1076/979 863/1079/982 862/1080/983 860/1077/980
f 810/972/889 809/980/897 851/1081/984 852/1082/985
f 814/973/890 810/972/889 852/1082/985 856/1083/937
f 811/1033/896 813/1027/933 855/1030/936 853/1084/986
f 809/980/897 811/979/896 853/1085/986 851/1081/984
f 859/1086/987 862/1087/983 858/1088/988 857/1089/989
f 861/1078/981 860/1077/980 862/1080/983 859/1090/987
f 867/1091/990 866/1092/991 857/1089/989 858/1088/988
f 863/1093/982 867/1091/990 858/1088/988 862/1087/983
f 868/1094/992 865/1075/978 861/1078/981 859/1090/987
f 866/1092/991 868/1095/992 859/1086/987 857/1089/989
f 851/1081/993 853/1085/994 868/1095/992 866/1092/991
f 853/1084/994 855/1030/995 865/1075/978 868/1094/992
f 856/1083/996 852/1082/997 867/1091/990 863/1093/982
f 852/1082/997 851/1081/993 866/1092/991 867/1091/990
f 854/1029/998 856/1032/996 863/1079/982 864/1076/979
f 855/1030/995 854/1029/998 864/1076/979 865/1075/978
f 884/1096/999 883/1097/1000 877/1098/1001 878/1099/1002
f 882/1100/1003 881/1101/1004 880/1102/1005 876/1103/1006
f 803/1025/932 804/971/888 870/1104/1007 869/1105/1008
f 804/971/888 808/970/887 874/1106/930 870/1104/1007
f 806/1019/927 805/1023/931 871/1107/1009 872/1020/928
f 805/1026/931 803/1025/932 869/1105/1008 871/1108/1009
f 880/1109/1005 879/1110/1010 878/1099/1002 877/1098/1001
f 876/1103/1006 880/1102/1005 877/1111/1001 875/1112/1011
f 883/1113/1000 885/1114/1012 875/1112/1011 877/1111/1001
f 881/1115/1004 886/1116/1013 879/1110/1010 880/1109/1005
f 886/1116/1013 884/1096/999 878/1099/1002 879/1110/1010
f 885/1114/1012 882/1100/1003 876/1103/1006 875/1112/1011
f 869/1105/1014 870/1104/1015 882/1100/1003 885/1114/1012
f 873/1021/1016 872/1020/1017 884/1096/999 886/1116/1013
f 874/1022/1018 873/1021/1016 886/1116/1013 881/1115/1004
f 871/1108/1019 869/1105/1014 885/1114/1012 883/1113/1000
f 870/1104/1015 874/1106/1018 881/1101/1004 882/1100/1003
f 872/1020/1017 871/1107/1019 883/1097/1000 884/1096/999
f 766/936/856 765/942/862 768/941/861 887/938/858
f 888/935/855 767/943/863 765/942/862 766/936/856
f 890/940/860 769/939/859 773/950/870 774/966/883
f 775/951/871 773/950/870 769/939/859 889/992/906
f 896/990/905 768/941/861 890/940/860 774/966/883
f 780/986/901 784/952/872 775/951/871 891/965/882
f 896/990/905 774/966/883 783/967/884 781/974/891
f 776/1016/926 780/986/901 891/965/882 892/964/879
f 894/991/881 896/990/905 781/974/891 778/984/899
f 777/1011/921 776/1017/926 892/960/879 893/959/878
f 785/1012/922 777/1011/921 893/959/878 897/989/904
f 786/968/885 785/1012/922 897/989/904 898/961/880
f 787/977/894 786/968/885 898/961/880 899/957/877
f 779/1003/914 787/977/894 899/957/877 895/956/876
f 778/1004/899 779/1003/914 895/956/876 894/963/881
f 889/992/906 769/939/859 765/942/862 767/943/863
f 497/664/615 760/958/864 761/1117/854 501/661/612
f 501/661/612 761/1117/854 764/1118/853 500/662/613
f 500/662/613 764/1118/853 763/1119/857 504/658/609
f 504/658/609 763/1119/857 762/1120/865 499/659/610
f 499/665/610 762/962/865 759/955/875 503/656/607
f 503/656/607 759/955/875 758/947/867 498/657/608
f 498/657/608 758/947/867 757/946/866 502/663/614
f 502/663/614 757/946/866 760/958/864 497/664/615
f 395/649/601 400/517/495 901/568/535 900/653/605
f 400/517/495 508/516/494 902/567/534 901/568/535
f 904/524/502 496/655/606 903/647/599 402/563/531
f 905/650/602 395/649/601 900/653/605 495/660/611
f 496/655/606 905/650/602 495/660/611 903/647/599
f 509/523/501 904/524/502 402/563/531 906/562/530
f 907/515/493 509/523/501 906/562/530 505/666/616
f 508/516/494 907/515/493 505/666/616 902/567/534
f 136/205/205 178/204/204 908/186/186 909/185/185
f 178/204/204 202/206/206 910/187/187 908/186/186
f 34/183/183 912/178/178 35/192/192 911/191/191
f 913/177/177 914/182/182 36/194/194 157/193/193
f 914/182/182 915/181/181 63/195/195 36/194/194
f 917/176/176 916/175/175 132/197/197 107/196/196
f 918/179/179 917/176/176 107/196/196 108/198/198
f 919/180/180 918/179/179 108/198/198 109/199/199
f 106/190/190 921/188/188 123/201/201 920/200/200
f 921/188/188 922/189/189 122/202/202 123/201/201
f 923/184/184 919/180/180 109/199/199 131/203/203
f 915/181/181 923/184/184 131/203/203 63/195/195
f 916/175/175 106/190/190 920/200/200 132/197/197
f 912/178/178 913/177/177 157/193/193 35/192/192
f 202/206/206 34/183/183 911/191/191 910/187/187
f 4/100/100 432/119/119 79/602/561 446/610/569
f 924/102/102 80/101/101 42/47/47 4/100/100
f 925/590/549 924/102/102 4/100/100 446/610/569
f 926/613/572 925/590/549 446/610/569 450/609/568
f 750/924/847 748/926/849 927/921/842 930/920/846
f 749/925/848 750/924/847 930/920/846 928/923/845
f 747/929/850 749/928/848 928/919/845 929/917/843
f 748/930/849 747/929/850 929/917/843 927/916/842
f 941/1121/1020 931/1122/1021 933/1123/1022 942/1124/1023
f 1858/1125/1024 1859/1126/1025 932/412/397 940/411/396
f 937/1127/1026 934/1128/1027 936/1129/1028 939/1130/1029
f 1860/1131/1030 1861/1132/1031 935/424/409 938/423/408
f 934/1128/1027 941/1121/1020 942/1124/1023 936/1129/1028
f 1861/1132/1031 1858/1125/1024 940/411/396 935/424/409
f 931/1122/1021 944/1133/1032 945/1134/1033 933/1123/1022
f 1859/1126/1025 1862/1135/1034 943/814/743 932/412/397
f 1849/822/751 1850/819/748 633/820/749 635/812/741
f 303/1136/733 629/1137/735 946/825/754 948/824/753
f 406/1138/736 405/1139/737 950/827/756 949/826/755
f 629/1137/735 406/1138/736 949/826/755 946/825/754
f 627/1140/734 303/1136/733 948/824/753 947/823/752
f 953/1141/1035 956/1142/1036 6/3/3 7/2/2
f 7/2/2 1/6/6 952/1143/1037 953/1141/1035
f 1023/1144/1038 958/1145/1039 957/1146/1040 1024/1147/1041
f 1024/1147/1041 1025/1148/1042 956/1142/1036 953/1141/1035
f 959/1149/1043 974/1150/1044 971/1151/1045 965/1152/1046
f 961/1153/1047 972/1154/1048 973/1155/1049 960/1156/1050
f 965/1152/1046 971/1151/1045 970/1157/1051 966/1158/1052
f 967/1159/1053 964/1160/1054 963/1161/1055 968/1162/1056
f 960/1156/1050 973/1155/1049 974/1150/1044 959/1149/1043
f 961/1153/1047 969/1163/1057 962/1164/1058 972/1154/1048
f 966/1158/1052 970/1157/1051 964/1160/1054 967/1159/1053
f 968/1162/1056 963/1161/1055 962/1164/1058 969/1163/1057
f 973/1155/1049 977/1165/1059 978/1166/1060 974/1150/1044
f 971/1151/1045 976/1167/1061 975/1168/1062 970/1157/1051
f 974/1150/1044 978/1166/1060 976/1167/1061 971/1151/1045
f 1078/1169/1063 1026/1170/1064 980/1171/1065 1072/1172/1066
f 156/36/36 31/39/39 979/1173/1067 1073/1174/1068
f 1079/1175/1069 1083/1176/1070 1082/1177/1071 1053/1178/1072
f 1053/1178/1072 1082/1177/1071 1081/1179/1073 1054/1180/1074
f 988/1181/1075 985/1182/1076 986/1183/1077 989/1184/1078
f 1076/1185/1079 1075/1186/1080 985/1182/1076 988/1181/1075
f 1072/1172/1066 1076/1185/1079 988/1181/1075 958/1145/1039
f 958/1145/1039 988/1181/1075 989/1184/1078 957/1146/1040
f 990/1187/1081 991/1188/1082 987/1189/1083 980/1171/1065
f 972/1154/1048 962/1164/1058 991/1188/1082 990/1187/1081
f 59/55/55 45/58/58 992/1190/1084 1003/1191/1085
f 45/58/58 47/60/60 993/1192/1086 992/1190/1084
f 47/60/60 49/62/62 994/1193/1087 993/1192/1086
f 100/63/63 51/66/66 995/1194/1088 1034/1195/1089
f 985/1182/1076 996/1196/1090 997/1197/1091 986/1183/1077
f 1075/1186/1080 1077/1198/1092 996/1196/1090 985/1182/1076
f 964/1160/1054 1000/1199/1093 999/1200/1094 963/1161/1055
f 999/1200/1094 991/1188/1082 962/1164/1058 963/1161/1055
f 975/1168/1062 1000/1199/1093 964/1160/1054 970/1157/1051
f 967/1159/1053 1497/1201/1095 1496/1202/1096 966/1158/1052
f 961/1153/1047 1494/1203/1097 1499/1204/1098 969/1163/1057
f 959/1149/1043 1493/1205/1099 1492/1206/1100 960/1156/1050
f 968/1162/1056 1498/1207/1101 1497/1201/1095 967/1159/1053
f 966/1158/1052 1496/1202/1096 1495/1208/1102 965/1152/1046
f 960/1156/1050 1492/1206/1100 1494/1203/1097 961/1153/1047
f 965/1152/1046 1495/1208/1102 1493/1205/1099 959/1149/1043
f 969/1163/1057 1499/1204/1098 1498/1207/1101 968/1162/1056
f 1027/1209/1103 990/1187/1081 980/1171/1065 1026/1170/1064
f 31/39/39 62/82/82 1001/1210/1104 979/1173/1067
f 977/1165/1059 1002/1211/1105 1003/1191/1085 992/1190/1084
f 973/1155/1049 972/1154/1048 1002/1211/1105 977/1165/1059
f 59/55/55 1003/1191/1085 1001/1210/1104 62/82/82
f 1081/1179/1073 1018/1212/1106 1058/1213/1107 1054/1180/1074
f 1094/1214/1108 1009/1215/1109 1005/1216/1110 1007/1217/1111
f 1010/1218/1112 1006/1219/1113 1009/1215/1109 1094/1214/1108
f 1056/1220/1114 1094/1214/1108 1007/1217/1111 1008/1221/1115
f 999/1200/1094 984/1222/1116 987/1189/1083 991/1188/1082
f 1177/1223/1117 1176/1224/1118 984/1222/1116 999/1200/1094
f 1007/1217/1111 1055/1225/1119 998/1226/1120 1008/1221/1115
f 957/1146/1040 989/1184/1078 954/1227/1121 955/1228/1122
f 1017/1229/1123 1013/1230/1124 1311/1231/1125 1790/1232/1126
f 1013/1230/1124 74/1233/106 73/1234/105 1311/1231/1125
f 1057/1235/1127 128/1236/110 76/1237/109 1015/1238/1128
f 1058/1213/1107 1057/1235/1127 1015/1238/1128 1019/1239/1129
f 1054/1180/1074 1058/1213/1107 1019/1239/1129 997/1197/1091
f 1017/1229/1123 1021/1240/1130 1020/1241/1131 1013/1230/1124
f 1013/1230/1124 1020/1241/1131 84/1242/114 74/1233/106
f 986/1183/1077 1021/1240/1130 1017/1229/1123 989/1184/1078
f 1019/1239/1129 1021/1240/1130 986/1183/1077 997/1197/1091
f 1015/1238/1128 1020/1241/1131 1021/1240/1130 1019/1239/1129
f 76/1237/109 84/1242/114 1020/1241/1131 1015/1238/1128
f 6/3/3 956/1142/1036 1312/1243/1132 87/115/115
f 1027/1209/1103 1002/1211/1105 972/1154/1048 990/1187/1081
f 1001/1210/1104 1027/1209/1103 1026/1170/1064 979/1173/1067
f 1073/1174/1068 979/1173/1067 1026/1170/1064 1078/1169/1063
f 957/1146/1040 955/1228/1122 1025/1148/1042 1024/1147/1041
f 952/1143/1037 1023/1144/1038 1024/1147/1041 953/1141/1035
f 1001/1210/1104 1003/1191/1085 1002/1211/1105 1027/1209/1103
f 955/1228/1122 1029/1244/1133 1313/1245/1134 1025/1148/1042
f 1313/1245/1134 1312/1243/1132 956/1142/1036 1025/1148/1042
f 1310/1246/1135 1029/1244/1133 955/1228/1122 954/1227/1121
f 977/1165/1059 1032/1247/1136 1033/1248/1137 978/1166/1060
f 976/1167/1061 1031/1249/1138 1030/1250/1139 975/1168/1062
f 978/1166/1060 1033/1248/1137 1031/1249/1138 976/1167/1061
f 993/1192/1086 1032/1247/1136 977/1165/1059 992/1190/1084
f 49/62/62 100/63/63 1034/1195/1089 994/1193/1087
f 1030/1250/1139 1011/1251/1140 1000/1199/1093 975/1168/1062
f 994/1193/1087 1033/1248/1137 1032/1247/1136 993/1192/1086
f 1031/1249/1138 1036/1252/1141 1035/1253/1142 1030/1250/1139
f 1033/1248/1137 1037/1254/1143 1036/1252/1141 1031/1249/1138
f 1034/1195/1089 1037/1254/1143 1033/1248/1137 994/1193/1087
f 1091/1255/1144 1090/1256/1145 1047/1257/1146 1050/1258/1147
f 110/1259/132 176/1260/133 1091/1255/1144 1050/1258/1147
f 1051/1261/1148 113/1262/137 112/1263/136 1048/1264/1149
f 1048/1264/1149 112/1263/136 111/1265/139 1049/1266/1150
f 1062/1267/1151 133/1268/141 110/1259/132 1050/1258/1147
f 1086/1269/1152 1061/1270/1153 1047/1257/1146 1090/1256/1145
f 1088/1271/1154 1045/1272/1155 1046/1273/1156 1087/1274/1157
f 1089/1275/1158 1044/1276/1159 1045/1272/1155 1088/1271/1154
f 1061/1270/1153 1062/1267/1151 1050/1258/1147 1047/1257/1146
f 1045/1272/1155 1048/1264/1149 1049/1266/1150 1046/1273/1156
f 1044/1276/1159 1051/1261/1148 1048/1264/1149 1045/1272/1155
f 1018/1212/1106 1014/1277/1160 1057/1235/1127 1058/1213/1107
f 1014/1277/1160 75/1278/151 128/1236/110 1057/1235/1127
f 1085/1279/1161 1084/1280/1162 1055/1225/1119 1007/1217/1111
f 996/1196/1090 1053/1178/1072 1054/1180/1074 997/1197/1091
f 1077/1198/1092 1079/1175/1069 1053/1178/1072 996/1196/1090
f 1092/1281/1163 1005/1216/1110 1044/1276/1159 1089/1275/1158
f 1085/1279/1161 1007/1217/1111 1005/1216/1110 1092/1281/1163
f 1046/1273/1156 1049/1266/1150 1062/1267/1151 1061/1270/1153
f 1087/1274/1157 1046/1273/1156 1061/1270/1153 1086/1269/1152
f 1049/1266/1150 111/1265/139 133/1268/141 1062/1267/1151
f 1063/1282/1164 143/1283/158 139/1284/157 1064/1285/1165
f 1065/1286/1166 142/1287/160 143/1283/158 1063/1282/1164
f 1066/1288/1167 140/1289/164 141/1290/163 1067/1291/1168
f 1068/1292/1169 137/1293/168 179/1294/167 1069/1295/1170
f 1064/1285/1165 139/1284/157 138/1296/170 1070/1297/1171
f 1067/1291/1168 141/1290/163 142/1287/160 1065/1286/1166
f 1080/1298/1172 163/1299/172 137/1293/168 1068/1292/1169
f 1071/1300/1173 144/1301/174 140/1289/164 1066/1288/1167
f 1783/1302/1174 1071/1300/1173 1066/1288/1167 1784/1303/1175
f 1780/1304/1176 1080/1298/1172 1068/1292/1169 1779/1305/1177
f 1785/1306/1178 1067/1291/1168 1065/1286/1166 1786/1307/1179
f 1782/1308/1180 1064/1285/1165 1070/1297/1171 1781/1309/1181
f 1779/1305/1177 1068/1292/1169 1069/1295/1170 981/1310/1182
f 1784/1303/1175 1066/1288/1167 1067/1291/1168 1785/1306/1178
f 1786/1307/1179 1065/1286/1166 1063/1282/1164 1789/1311/1183
f 1789/1311/1183 1063/1282/1164 1064/1285/1165 1782/1308/1180
f 75/1278/151 1014/1277/1160 1776/1312/1184 909/1313/185
f 1776/1312/1184 1014/1277/1160 1018/1212/1106 1777/1314/1185
f 1788/1315/1186 922/1316/189 144/1301/174 1071/1300/1173
f 1071/1300/1173 1783/1302/1174 1040/1317/1187 1788/1315/1186
f 1781/1309/1181 1070/1297/1171 1080/1298/1172 1780/1304/1176
f 1070/1297/1171 138/1296/170 163/1299/172 1080/1298/1172
f 998/1226/1120 1055/1225/1119 1079/1175/1069 1077/1198/1092
f 952/1143/1037 1073/1174/1068 1078/1169/1063 1023/1144/1038
f 984/1222/1116 998/1226/1120 1077/1198/1092 1075/1186/1080
f 980/1171/1065 987/1189/1083 1076/1185/1079 1072/1172/1066
f 987/1189/1083 984/1222/1116 1075/1186/1080 1076/1185/1079
f 1055/1225/1119 1084/1280/1162 1083/1176/1070 1079/1175/1069
f 1/6/6 156/36/36 1073/1174/1068 952/1143/1037
f 1023/1144/1038 1078/1169/1063 1072/1172/1066 958/1145/1039
f 1778/1318/1188 1081/1179/1073 1082/1177/1071 982/1319/1189
f 1074/1320/1190 1083/1176/1070 1084/1280/1162 983/1321/1191
f 983/1321/1191 1084/1280/1162 1085/1279/1161 1004/1322/1192
f 1041/1323/1193 1087/1274/1157 1086/1269/1152 1060/1324/1194
f 1042/1325/1195 1088/1271/1154 1087/1274/1157 1041/1323/1193
f 1043/1326/1196 1089/1275/1158 1088/1271/1154 1042/1325/1195
f 1787/1327/1197 1090/1256/1145 1091/1255/1144 1052/1328/1198
f 1052/1328/1198 1091/1255/1144 176/1260/133 122/1329/202
f 1059/1330/1199 1092/1281/1163 1089/1275/1158 1043/1326/1196
f 1004/1322/1192 1085/1279/1161 1092/1281/1163 1059/1330/1199
f 1060/1324/1194 1086/1269/1152 1090/1256/1145 1787/1327/1197
f 179/1294/167 136/1331/205 1093/1332/1200 1069/1295/1170
f 1069/1295/1170 1093/1332/1200 1112/1333/1201 981/1310/1182
f 982/1319/1189 1082/1177/1071 1083/1176/1070 1074/1320/1190
f 1056/1220/1114 1038/1334/1202 1010/1218/1112 1094/1214/1108
f 1037/1254/1143 1164/1335/1203 1162/1336/1204 1036/1252/1141
f 995/1194/1088 1127/1337/1205 1037/1254/1143 1034/1195/1089
f 1098/1338/1206 1097/1339/1207 1099/1340/1208 1100/1341/1209
f 51/66/66 188/215/215 1098/1338/1206 995/1194/1088
f 188/215/215 183/216/216 1097/1339/1207 1098/1338/1206
f 995/1194/1088 1098/1338/1206 1100/1341/1209 1127/1337/1205
f 1109/1342/1210 1102/1343/1211 1103/1344/1212 1108/1345/1213
f 1106/1346/1214 1104/1347/1215 1105/1348/1216 1107/1349/1217
f 1101/1350/1218 1106/1346/1214 1107/1349/1217 1126/1351/1219
f 1104/1347/1215 1109/1342/1210 1108/1345/1213 1105/1348/1216
f 1110/1352/1220 198/1353/230 199/1354/229 1111/1355/1221
f 1102/1343/1211 1110/1352/1220 1111/1355/1221 1103/1344/1212
f 1018/1212/1106 1081/1179/1073 1778/1318/1188 1777/1314/1185
f 1831/1356/1222 1848/1357/1223 1151/1358/1224 1148/1359/1225
f 1119/298/293 1116/1360/1226 1130/1361/1227 1129/1362/1228
f 1146/1363/1229 1118/1364/1230 1117/1365/1231 1143/1366/1232
f 1833/1367/1233 1146/1363/1229 1143/1366/1232 1841/1368/1234
f 1148/1359/1225 1145/1369/1235 1840/1370/1236 1831/1356/1222
f 1115/1371/1237 1130/1361/1227 1842/1372/1238 1836/1373/1239
f 1142/1374/1240 1830/1375/1241 1840/1370/1236 1145/1369/1235
f 1114/299/294 1119/298/293 1129/1362/1228 1128/1376/1242
f 1829/296/291 1114/299/294 1128/1376/1242 1839/1377/1243
f 1133/1378/1244 1095/1379/1245 1096/1380/1246 1135/1381/1247
f 1148/1359/1225 1151/1358/1224 1135/1382/1247 1096/1383/1246
f 1836/1373/1239 1845/1384/1248 1137/1385/1249 1115/1371/1237
f 1838/297/292 1834/1386/1250 1116/1360/1226 1119/298/293
f 1142/1374/1240 1144/1387/1251 1837/1388/1252 1830/1375/1241
f 214/1389/265 1123/1390/1253 1111/1355/1221 199/1354/229
f 256/1391/267 1160/1392/1254 1122/1393/1255 212/1394/268
f 270/1395/271 1173/1396/1256 1123/1390/1253 214/1389/265
f 1108/1345/1213 1125/1397/1257 1169/1398/1258 1105/1348/1216
f 1103/1344/1212 1124/1399/1259 1125/1397/1257 1108/1345/1213
f 1123/1390/1253 1124/1399/1259 1103/1344/1212 1111/1355/1221
f 1166/1400/1260 1101/1350/1218 1126/1351/1219 1165/1401/1261
f 1141/1402/1262 1154/1403/1263 1153/1404/1264 1178/1405/1265
f 1162/1336/1204 1095/1406/1245 1132/1407/1266 1163/1408/1267
f 1116/1360/1226 1834/1386/1250 1842/1372/1238 1130/1361/1227
f 1120/1409/1268 1129/1362/1228 1130/1361/1227 1115/1371/1237
f 1147/1410/1269 1143/1366/1232 1117/1365/1231 1132/1411/1266
f 1113/1412/1270 1128/1376/1242 1129/1362/1228 1120/1409/1268
f 1832/1413/1271 1839/1377/1243 1128/1376/1242 1113/1412/1270
f 1835/1414/1272 1841/1368/1234 1143/1366/1232 1147/1410/1269
f 1127/1337/1205 1096/1415/1246 1164/1335/1203 1037/1254/1143
f 1149/1416/1273 1151/1417/1224 1848/1418/1223 1843/1419/1274
f 1150/1420/1275 1149/1416/1273 1843/1419/1274 1846/1421/1276
f 1844/1422/1277 1847/1423/1278 1136/1424/1279 1131/1425/1280
f 1147/1410/1269 1150/1420/1275 1846/1421/1276 1835/1414/1272
f 1120/1409/1268 1131/1426/1280 1136/1427/1279 1113/1412/1270
f 1115/1371/1237 1137/1385/1249 1131/1426/1280 1120/1409/1268
f 183/216/216 230/312/302 1138/1428/1281 1097/1339/1207
f 236/313/303 234/315/305 1140/1429/1282 1141/1402/1262
f 277/316/306 236/313/303 1141/1402/1262 1178/1405/1265
f 1035/1253/1142 1036/1252/1141 1162/1336/1204 1163/1408/1267
f 1134/1430/1283 1132/1411/1266 1095/1379/1245 1133/1378/1244
f 1133/1378/1244 1135/1381/1247 1151/1417/1224 1149/1416/1273
f 1134/1430/1283 1133/1378/1244 1149/1416/1273 1150/1420/1275
f 1096/1383/1246 1127/1431/1205 1145/1369/1235 1148/1359/1225
f 1845/1384/1248 1844/1422/1277 1131/1425/1280 1137/1385/1249
f 1100/1432/1209 1142/1374/1240 1145/1369/1235 1127/1431/1205
f 1121/1433/1284 1118/1364/1230 1146/1363/1229 1144/1387/1251
f 1113/1412/1270 1136/1427/1279 1847/1434/1278 1832/1413/1271
f 1100/1432/1209 1121/1433/1284 1144/1387/1251 1142/1374/1240
f 1132/1411/1266 1134/1430/1283 1150/1420/1275 1147/1410/1269
f 1144/1387/1251 1146/1363/1229 1833/1367/1233 1837/1388/1252
f 1152/1435/1285 1099/1340/1208 1097/1339/1207 1138/1428/1281
f 1011/1251/1140 1172/1436/1286 1171/1437/1287 1039/1438/1288
f 1039/1438/1288 1171/1437/1287 1170/1439/1289 1038/1334/1202
f 1038/1334/1202 1170/1439/1289 1156/1440/1290 1010/1218/1112
f 1035/1253/1142 1172/1436/1286 1011/1251/1140 1030/1250/1139
f 1161/1441/1291 1159/1442/1292 1122/1393/1255 1160/1392/1254
f 1174/1443/1293 1124/1399/1259 1123/1390/1253 1173/1396/1256
f 1044/1276/1159 1161/1441/1291 1160/1392/1254 1051/1261/1148
f 113/1262/137 1051/1261/1148 1160/1392/1254 256/1391/267
f 1009/1215/1109 1161/1441/1291 1044/1276/1159 1005/1216/1110
f 1096/1415/1246 1095/1406/1245 1162/1336/1204 1164/1335/1203
f 1117/1444/1231 1035/1253/1142 1163/1408/1267 1132/1407/1266
f 1121/1445/1284 1166/1400/1260 1165/1401/1261 1118/1446/1230
f 1168/1447/1294 1121/1445/1284 1100/1341/1209 1099/1340/1208
f 1006/1219/1113 1159/1442/1292 1161/1441/1291 1009/1215/1109
f 1175/1448/1295 1125/1397/1257 1124/1399/1259 1174/1443/1293
f 1157/1449/1296 1107/1349/1217 1105/1348/1216 1169/1398/1258
f 1158/1450/1297 1126/1351/1219 1107/1349/1217 1157/1449/1296
f 1155/1451/1298 1165/1401/1261 1126/1351/1219 1158/1450/1297
f 1155/1451/1298 1117/1444/1231 1118/1446/1230 1165/1401/1261
f 1155/1451/1298 1172/1436/1286 1035/1253/1142 1117/1444/1231
f 1158/1450/1297 1171/1437/1287 1172/1436/1286 1155/1451/1298
f 1157/1449/1296 1170/1439/1289 1171/1437/1287 1158/1450/1297
f 1169/1398/1258 1156/1440/1290 1170/1439/1289 1157/1449/1296
f 1006/1219/1113 1175/1448/1295 1174/1443/1293 1159/1442/1292
f 1159/1442/1292 1174/1443/1293 1173/1396/1256 1122/1393/1255
f 212/1394/268 1122/1393/1255 1173/1396/1256 270/1395/271
f 1156/1440/1290 1175/1448/1295 1006/1219/1113 1010/1218/1112
f 1169/1398/1258 1125/1397/1257 1175/1448/1295 1156/1440/1290
f 1056/1220/1114 1008/1221/1115 1176/1224/1118 1177/1223/1117
f 1008/1221/1115 998/1226/1120 984/1222/1116 1176/1224/1118
f 1177/1223/1117 1039/1438/1288 1038/1334/1202 1056/1220/1114
f 1177/1223/1117 1000/1199/1093 1011/1251/1140 1039/1438/1288
f 1153/1404/1264 1101/1350/1218 1166/1400/1260 1167/1452/1299
f 1152/1435/1285 1167/1452/1299 1168/1447/1294 1099/1340/1208
f 230/312/302 232/341/326 1139/1453/1300 1138/1428/1281
f 1139/1453/1300 1167/1452/1299 1152/1435/1285 1138/1428/1281
f 277/316/306 1178/1405/1265 1139/1453/1300 232/341/326
f 1168/1447/1294 1167/1452/1299 1166/1400/1260 1121/1445/1284
f 1153/1404/1264 1167/1452/1299 1139/1453/1300 1178/1405/1265
f 1177/1223/1117 999/1200/1094 1000/1199/1093
f 1297/1454/1301 1214/1455/1302 1213/1456/1303 1296/1457/1304
f 1279/1458/1305 393/1459/334 286/1460/333 1196/1461/1306
f 1277/1462/1307 1432/1463/1308 1218/1464/1309 1276/1465/1310
f 281/1466/339 1249/1467/1311 1329/1468/1312 404/1469/340
f 1270/1470/1313 1268/1471/1314 1186/1472/1315 1247/1473/1316
f 1204/1474/1317 1198/1475/1318 289/364/349 299/363/348
f 1250/1476/1319 1199/1477/1320 1184/1478/1321 1274/1479/1322
f 1247/1473/1316 1186/1472/1315 1185/1480/1323 1190/1481/1324
f 1290/1482/1325 1212/1483/1326 1215/1484/1327 1291/1485/1328
f 1296/1457/1304 1213/1456/1303 1210/1486/1329 1292/1487/1330
f 1338/1488/1331 1253/1489/1332 1254/1490/1333 1337/1491/1334
f 1501/1492/1335 1202/1493/1336 295/384/369 282/383/368
f 1336/1494/1337 1255/1495/1338 1259/1496/1339 1332/1497/1340
f 1330/1498/1341 1247/1473/1316 1190/1481/1324 1188/1499/1342
f 1332/1497/1340 1259/1496/1339 1258/1500/1343 1333/1501/1344
f 1202/1493/1336 1204/1474/1317 299/363/348 295/384/369
f 1334/1502/1345 1257/1503/1346 1256/1504/1347 1335/1505/1348
f 1188/1499/1342 1190/1481/1324 1204/1474/1317 1202/1493/1336
f 296/1506/383 300/1507/386 1273/1508/1349 1251/1509/1350
f 1181/1510/1351 1188/1499/1342 1202/1493/1336 1501/1492/1335
f 281/1466/339 296/1506/383 1251/1509/1350 1249/1467/1311
f 318/1511/388 417/1512/391 1299/1513/1352 1208/1514/1353
f 387/1515/392 290/1516/393 1199/1477/1320 1250/1476/1319
f 1190/1481/1324 1185/1480/1323 1198/1475/1318 1204/1474/1317
f 1508/1517/1354 1798/1518/1355 1803/1519/1356 1507/1520/1357
f 1306/1521/1358 426/416/401 431/415/400 1309/1522/1359
f 292/1523/402 416/1524/405 1298/1525/1360 1200/1526/1361
f 1509/1527/1362 1801/1528/1363 938/1529/408 641/1530/407
f 1185/1480/1323 1206/1531/1364 1209/1532/1365 1198/1475/1318
f 290/1516/393 318/1511/388 1208/1514/1353 1199/1477/1320
f 1186/1472/1315 1207/1533/1366 1206/1531/1364 1185/1480/1323
f 1199/1477/1320 1208/1514/1353 1272/1534/1367 1184/1478/1321
f 1198/1475/1318 1209/1532/1365 317/429/414 289/364/349
f 1268/1471/1314 1271/1535/1368 1207/1533/1366 1186/1472/1315
f 1417/1536/1369 1225/1537/1370 1224/1538/1371 1419/1539/1372
f 1423/1540/1373 1226/1541/1374 1227/1542/1375 1418/1543/1376
f 1421/1544/1377 1221/1545/1378 1222/1546/1379 1416/1547/1380
f 1422/1548/1381 1228/1549/1382 1225/1537/1370 1417/1536/1369
f 1276/1465/1310 1218/1464/1309 1219/1550/1383 1278/1551/1384
f 1291/1552/1328 1215/1553/1327 1216/1554/1385 1295/1555/1386
f 1295/1555/1386 1216/1554/1385 1217/1556/1387 1294/1557/1388
f 1293/1558/1389 1211/1559/1390 1212/1483/1326 1290/1482/1325
f 1425/1560/1391 1410/1561/1392 1613/1562/1393 1430/1563/1394
f 1429/1564/1395 1414/1565/1396 1415/1566/1397 1428/1567/1398
f 1424/1568/1399 1409/1569/1400 1410/1561/1392 1425/1560/1391
f 1426/1570/1401 1412/1571/1402 1411/1572/1403 1427/1573/1404
f 1416/1547/1380 1222/1546/1379 1223/1574/1405 1420/1575/1406
f 1418/1543/1376 1227/1542/1375 1228/1549/1382 1422/1548/1381
f 1420/1575/1406 1223/1574/1405 1226/1576/1374 1423/1577/1373
f 1419/1539/1372 1224/1538/1371 1221/1545/1378 1421/1544/1377
f 1293/1558/1389 1292/1487/1330 1210/1486/1329 1211/1559/1390
f 1297/1454/1301 1294/1557/1388 1217/1556/1387 1214/1455/1302
f 1403/1578/1407 1234/1579/1408 1229/1580/1409 1405/1581/1410
f 1404/1582/1411 1235/1583/1412 1233/1584/1413 1407/1585/1414
f 1402/1586/1415 1232/1587/1416 1230/1588/1417 1406/1589/1418
f 1236/1590/1419 1516/1591/1420 1510/1592/1421 1241/1593/1422
f 1406/1589/1418 1230/1588/1417 1231/1594/1423 1401/1595/1424
f 1235/1583/1412 1515/1596/1425 1517/1597/1426 1240/1598/1427
f 1407/1599/1414 1233/1600/1413 1232/1587/1416 1402/1586/1415
f 1401/1595/1424 1231/1594/1423 1234/1579/1408 1403/1578/1407
f 1234/1579/1408 1239/1601/1428 1241/1593/1422 1229/1580/1409
f 1235/1583/1412 1240/1598/1427 1243/1602/1429 1233/1584/1413
f 1232/1587/1416 1238/1603/1430 1242/1604/1431 1230/1588/1417
f 1229/1580/1409 1511/1605/1432 1518/1606/1433 1405/1581/1410
f 1230/1588/1417 1242/1604/1431 1237/1607/1434 1231/1594/1423
f 1241/1593/1422 1510/1592/1421 1511/1605/1432 1229/1580/1409
f 1233/1600/1413 1243/1608/1429 1238/1603/1430 1232/1587/1416
f 1231/1594/1423 1237/1607/1434 1239/1601/1428 1234/1579/1408
f 1262/1609/1435 1246/1610/1436 1244/1611/1437 1260/1612/1438
f 1275/1613/1439 1263/1614/1440 1264/1615/1441 1192/1616/1442
f 1266/1617/1443 1273/1508/1349 1192/1616/1442 1264/1615/1441
f 1267/1618/1444 1251/1509/1350 1273/1508/1349 1266/1617/1443
f 1265/1619/1445 1249/1467/1311 1251/1509/1350 1267/1618/1444
f 1775/1620/1446 1281/1621/1447 1285/1622/1448 1382/1623/1449
f 1385/1624/1450 1283/1625/1451 1286/1626/1452 1381/1627/1453
f 1383/1628/1454 1772/1629/1455 1281/1621/1447 1775/1620/1446
f 1384/1630/1456 1288/1631/1457 1284/1632/1458 1380/1633/1459
f 1356/1634/1460 1357/1635/1461 1257/1636/1346 1334/1637/1345
f 1335/1505/1348 1256/1504/1347 1252/1638/1462 1339/1639/1463
f 1337/1491/1334 1254/1490/1333 1358/1640/1464 1361/1641/1465
f 1339/1639/1463 1252/1638/1462 1253/1489/1332 1338/1488/1331
f 1195/1642/1466 1265/1643/1445 1267/1644/1444 1201/1645/1467
f 1201/1646/1467 1267/1647/1444 1266/1648/1443 1203/1649/1468
f 1203/1649/1468 1266/1648/1443 1264/1650/1441 1248/1651/1469
f 1180/1652/1470 1261/1653/1471 1265/1643/1445 1195/1642/1466
f 1248/1651/1469 1264/1650/1441 1263/1654/1440 1191/1655/1472
f 1191/1655/1472 1263/1654/1440 1262/1609/1435 1189/1656/1473
f 1189/1656/1473 1262/1609/1435 1260/1612/1438 1182/1657/1474
f 1182/1657/1474 1260/1612/1438 1261/1653/1471 1180/1652/1470
f 1194/1658/1475 283/1659/525 381/1660/524 1269/1661/1476
f 1184/1478/1321 1272/1534/1367 1271/1535/1368 1268/1471/1314
f 1274/1479/1322 1184/1478/1321 1268/1471/1314 1270/1470/1313
f 1220/1662/1477 1271/1535/1368 1272/1534/1367 1205/1663/1478
f 300/1507/386 387/1515/392 1250/1476/1319 1273/1508/1349
f 1274/1479/1322 1192/1616/1442 1273/1508/1349 1250/1476/1319
f 1275/1613/1439 1192/1616/1442 1274/1479/1322 1270/1470/1313
f 1187/1664/1479 1276/1465/1310 1278/1551/1384 1183/1665/1480
f 1207/1533/1366 1277/1462/1307 1276/1465/1310 1187/1664/1479
f 1269/1661/1476 381/1660/524 393/1459/334 1279/1458/1305
f 1277/1462/1307 1207/1533/1366 1271/1535/1368 1220/1662/1477
f 1380/1666/1459 1284/1667/1458 1287/1668/1481 1774/1669/1482
f 1386/1670/1483 1282/1671/1484 1288/1631/1457 1384/1630/1456
f 1381/1627/1453 1286/1626/1452 1282/1671/1484 1386/1670/1483
f 1770/1672/1485 1769/1673/1486 1283/1625/1451 1385/1624/1450
f 1244/1611/1437 1245/1674/1487 1261/1653/1471 1260/1612/1438
f 631/1675/537 404/1469/340 1329/1468/1312 1503/1676/1488
f 1275/1613/1439 1270/1470/1313 1247/1473/1316 1330/1498/1341
f 422/1677/539 1303/1678/1489 1196/1461/1306 286/1460/333
f 1154/1403/1263 1106/1346/1214 1101/1350/1218 1153/1404/1264
f 1297/1679/1301 1220/1662/1477 1205/1663/1478 1294/1680/1388
f 1179/1681/1490 1219/1550/1383 1292/1682/1330 1293/1683/1389
f 1200/1526/1361 1291/1684/1328 1295/1685/1386 1299/1513/1352
f 1218/1464/1309 1296/1686/1304 1292/1682/1330 1219/1550/1383
f 1432/1463/1308 1297/1679/1301 1296/1686/1304 1218/1464/1309
f 1290/1687/1325 1291/1684/1328 1200/1526/1361 1298/1525/1360
f 417/1512/391 292/1523/402 1200/1526/1361 1299/1513/1352
f 1304/1688/1491 1300/1689/1492 1196/1461/1306 1303/1678/1489
f 1305/1690/1493 1183/1665/1480 1300/1689/1492 1304/1688/1491
f 1205/1663/1478 1299/1513/1352 1295/1685/1386 1294/1680/1388
f 1272/1534/1367 1208/1514/1353 1299/1513/1352 1205/1663/1478
f 1140/1429/1282 1301/1691/1494 1154/1403/1263 1141/1402/1262
f 1301/1691/1494 1104/1347/1215 1106/1346/1214 1154/1403/1263
f 1109/1342/1210 1305/1690/1493 1304/1688/1491 1102/1343/1211
f 1104/1347/1215 1302/1692/1495 1305/1690/1493 1109/1342/1210
f 1102/1343/1211 1304/1688/1491 1303/1678/1489 1110/1352/1220
f 198/1353/230 1110/1352/1220 1303/1678/1489 422/1677/539
f 1302/1692/1495 1187/1664/1479 1183/1665/1480 1305/1690/1493
f 1140/1429/1282 234/315/305 426/416/401 1306/1521/1358
f 1307/1693/1496 1301/1691/1494 1140/1429/1282 1306/1521/1358
f 1307/1693/1496 1302/1692/1495 1104/1347/1215 1301/1691/1494
f 1309/1522/1359 1308/1694/1497 1307/1693/1496 1306/1521/1358
f 1308/1694/1497 1187/1664/1479 1302/1692/1495 1307/1693/1496
f 1309/1522/1359 431/415/400 317/429/414 1209/1532/1365
f 1206/1531/1364 1308/1694/1497 1309/1522/1359 1209/1532/1365
f 1207/1533/1366 1187/1664/1479 1308/1694/1497 1206/1531/1364
f 1791/1695/1498 1790/1232/1126 1311/1231/1125 1012/1696/1499
f 1316/1697/1500 1311/1231/1125 73/1234/105 434/1698/552
f 436/594/553 87/115/115 1312/1243/1132 1022/1699/1501
f 1319/1700/1502 1317/1701/1503 1316/1697/1500 951/1702/1504
f 1315/1703/1505 1312/1243/1132 1313/1245/1134 1028/1704/1506
f 1028/1704/1506 1313/1245/1134 1029/1244/1133 1314/1705/1507
f 1314/1705/1507 1029/1244/1133 1310/1246/1135 1016/1706/1508
f 1316/1697/1500 1317/1701/1503 1012/1696/1499 1311/1231/1125
f 1318/1707/1509 1022/1699/1501 1312/1243/1132 1315/1703/1505
f 951/1702/1504 445/1708/563 436/594/553 1022/1699/1501
f 1316/1697/1500 434/1698/552 445/1708/563 951/1702/1504
f 1318/1707/1509 1319/1700/1502 951/1702/1504 1022/1699/1501
f 1028/1704/1506 1322/1709/1510 1323/1710/1511 1315/1703/1505
f 1318/1707/1509 1326/1711/1512 1325/1712/1513 1319/1700/1502
f 1016/1706/1508 1320/1713/1514 1324/1714/1515 1314/1705/1507
f 1314/1705/1507 1324/1714/1515 1322/1709/1510 1028/1704/1506
f 1324/1714/1515 1792/1715/1516 1321/1716/1517 1328/1717/1518
f 1328/1717/1518 1321/1716/1517 1327/1718/1519 1325/1712/1513
f 1322/1709/1510 1324/1714/1515 1328/1717/1518 1323/1710/1511
f 1323/1710/1511 1328/1717/1518 1325/1712/1513 1326/1711/1512
f 1319/1700/1502 1325/1712/1513 1327/1718/1519 1317/1701/1503
f 1012/1696/1499 1321/1716/1517 1792/1715/1516 1791/1695/1498
f 1315/1703/1505 1323/1710/1511 1326/1711/1512 1318/1707/1509
f 1317/1701/1503 1327/1718/1519 1321/1716/1517 1012/1696/1499
f 416/1524/405 283/1659/525 1194/1658/1475 1298/1525/1360
f 1194/1658/1475 1387/1719/1520 1290/1687/1325 1298/1525/1360
f 1330/1498/1341 1331/1720/1521 1263/1614/1440 1275/1613/1439
f 1331/1721/1521 1246/1610/1436 1262/1609/1435 1263/1654/1440
f 1355/1722/1522 1339/1639/1463 1338/1488/1331 1351/1723/1523
f 1354/1724/1524 1337/1491/1334 1361/1641/1465 1362/1725/1525
f 1353/1726/1526 1335/1505/1348 1339/1639/1463 1355/1722/1522
f 1360/1727/1527 1356/1634/1460 1334/1637/1345 1349/1728/1528
f 1349/1729/1528 1334/1502/1345 1335/1505/1348 1353/1726/1526
f 1348/1730/1529 1332/1497/1340 1333/1501/1344 1352/1731/1530
f 1350/1732/1531 1336/1494/1337 1332/1497/1340 1348/1730/1529
f 1351/1723/1523 1338/1488/1331 1337/1491/1334 1354/1724/1524
f 1253/1489/1332 1346/1733/1532 1345/1734/1533 1254/1490/1333
f 1358/1640/1464 1344/1735/1534 1347/1736/1535 1359/1737/1536
f 1359/1737/1536 1347/1736/1535 1342/1738/1537 1357/1635/1461
f 1257/1503/1346 1343/1739/1538 1340/1740/1539 1256/1504/1347
f 1357/1635/1461 1342/1738/1537 1343/1741/1538 1257/1636/1346
f 1256/1504/1347 1340/1740/1539 1341/1742/1540 1252/1638/1462
f 1254/1490/1333 1345/1734/1533 1344/1735/1534 1358/1640/1464
f 1252/1638/1462 1341/1742/1540 1346/1733/1532 1253/1489/1332
f 1261/1743/1471 1329/1468/1312 1249/1467/1311 1265/1619/1445
f 1245/1744/1487 1503/1676/1488 1329/1468/1312 1261/1743/1471
f 1244/1745/1437 1197/1746/1541 1503/1676/1488 1245/1744/1487
f 1244/1745/1437 1181/1510/1351 1501/1492/1335 1197/1746/1541
f 1246/1747/1436 1188/1499/1342 1181/1510/1351 1244/1745/1437
f 1188/1499/1342 1246/1747/1436 1331/1720/1521 1330/1498/1341
f 1182/1657/1474 1351/1723/1523 1354/1724/1524 1189/1656/1473
f 1191/1655/1472 1362/1725/1525 1363/1748/1542 1248/1651/1469
f 1248/1651/1469 1363/1748/1542 1360/1727/1527 1203/1649/1468
f 1201/1645/1467 1349/1729/1528 1353/1726/1526 1195/1642/1466
f 1203/1649/1468 1360/1727/1527 1349/1728/1528 1201/1646/1467
f 1195/1642/1466 1353/1726/1526 1355/1722/1522 1180/1652/1470
f 1189/1656/1473 1354/1724/1524 1362/1725/1525 1191/1655/1472
f 1180/1652/1470 1355/1722/1522 1351/1723/1523 1182/1657/1474
f 1258/1500/1343 1357/1635/1461 1356/1634/1460 1333/1501/1344
f 1255/1495/1338 1358/1640/1464 1359/1737/1536 1259/1496/1339
f 1259/1496/1339 1359/1737/1536 1357/1635/1461 1258/1500/1343
f 1333/1501/1344 1356/1634/1460 1360/1727/1527 1352/1731/1530
f 1336/1494/1337 1361/1641/1465 1358/1640/1464 1255/1495/1338
f 1350/1732/1531 1362/1725/1525 1361/1641/1465 1336/1494/1337
f 1348/1730/1529 1363/1748/1542 1362/1725/1525 1350/1732/1531
f 1352/1731/1530 1360/1727/1527 1363/1748/1542 1348/1730/1529
f 1282/1671/1484 1366/1749/1543 1368/1750/1544 1288/1631/1457
f 1284/1667/1458 1367/1751/1545 1771/1752/1546 1287/1668/1481
f 1281/1621/1447 1773/1753/1547 1280/1754/1548 1285/1622/1448
f 1283/1625/1451 1364/1755/1549 1365/1756/1550 1286/1626/1452
f 1286/1626/1452 1365/1756/1550 1366/1749/1543 1282/1671/1484
f 1769/1673/1486 1768/1757/1551 1364/1755/1549 1283/1625/1451
f 1288/1631/1457 1368/1750/1544 1367/1758/1545 1284/1632/1458
f 1772/1629/1455 1370/1759/1552 1773/1753/1547 1281/1621/1447
f 1366/1749/1543 1372/1760/1553 1377/1761/1554 1368/1750/1544
f 1367/1751/1545 1373/1762/1555 1378/1763/1556 1771/1752/1546
f 1369/1764/1557 1374/1765/1558 1375/1766/1559 1768/1757/1551
f 1364/1755/1549 1371/1767/1560 1376/1768/1561 1365/1756/1550
f 1365/1756/1550 1376/1768/1561 1372/1760/1553 1366/1749/1543
f 1768/1757/1551 1375/1766/1559 1371/1767/1560 1364/1755/1549
f 1368/1750/1544 1377/1761/1554 1373/1769/1555 1367/1758/1545
f 1771/1752/1546 1378/1763/1556 1374/1765/1558 1369/1764/1557
f 1346/1733/1532 1770/1672/1485 1385/1624/1450 1345/1734/1533
f 1344/1735/1534 1381/1627/1453 1386/1670/1483 1347/1736/1535
f 1347/1736/1535 1386/1670/1483 1384/1630/1456 1342/1738/1537
f 1343/1739/1538 1380/1666/1459 1774/1669/1482 1340/1740/1539
f 1342/1738/1537 1384/1630/1456 1380/1633/1459 1343/1741/1538
f 1340/1740/1539 1774/1669/1482 1379/1770/1562 1341/1742/1540
f 1345/1734/1533 1385/1624/1450 1381/1627/1453 1344/1735/1534
f 1341/1742/1540 1379/1770/1562 1770/1672/1485 1346/1733/1532
f 1387/1719/1520 1179/1681/1490 1293/1683/1389 1290/1687/1325
f 1388/1771/1563 1391/1772/1564 1387/1719/1520 1390/1773/1565
f 1179/1681/1490 1389/1774/1566 1278/1551/1384 1219/1550/1383
f 1387/1719/1520 1391/1772/1564 1389/1774/1566 1179/1681/1490
f 1269/1661/1476 1390/1773/1565 1387/1719/1520 1194/1658/1475
f 1300/1689/1492 1388/1771/1563 1279/1458/1305 1196/1461/1306
f 1388/1771/1563 1390/1773/1565 1269/1661/1476 1279/1458/1305
f 1389/1774/1566 1300/1689/1492 1183/1665/1480 1278/1551/1384
f 1391/1772/1564 1388/1771/1563 1300/1689/1492 1389/1774/1566
f 1214/1455/1302 1396/1775/1567 1398/1776/1568 1213/1456/1303
f 1215/1553/1327 1394/1777/1569 1397/1778/1570 1216/1554/1385
f 1210/1486/1329 1392/1779/1571 1395/1780/1572 1211/1559/1390
f 1217/1556/1387 1393/1781/1573 1396/1775/1567 1214/1455/1302
f 1211/1559/1390 1395/1780/1572 1399/1782/1574 1212/1483/1326
f 1216/1554/1385 1397/1778/1570 1393/1781/1573 1217/1556/1387
f 1212/1483/1326 1399/1782/1574 1394/1783/1569 1215/1484/1327
f 1213/1456/1303 1398/1776/1568 1392/1779/1571 1210/1486/1329
f 1396/1775/1567 1401/1595/1424 1403/1578/1407 1398/1776/1568
f 1394/1777/1569 1407/1599/1414 1402/1586/1415 1397/1778/1570
f 1392/1779/1571 1405/1581/1410 1400/1784/1575 1395/1780/1572
f 1393/1781/1573 1406/1589/1418 1401/1595/1424 1396/1775/1567
f 1395/1780/1572 1400/1784/1575 1404/1582/1411 1399/1782/1574
f 1397/1778/1570 1402/1586/1415 1406/1589/1418 1393/1781/1573
f 1399/1782/1574 1404/1582/1411 1407/1585/1414 1394/1783/1569
f 1398/1776/1568 1403/1578/1407 1405/1581/1410 1392/1779/1571
f 1427/1573/1404 1411/1572/1403 1408/1785/1576 1431/1786/1577
f 1428/1567/1398 1415/1566/1397 1412/1571/1402 1426/1570/1401
f 1431/1786/1577 1408/1785/1576 1409/1569/1400 1424/1568/1399
f 1525/1787/1578 1419/1539/1372 1421/1544/1377 1519/1788/1579
f 1526/1789/1580 1420/1575/1406 1423/1577/1373 1521/1790/1581
f 1524/1791/1582 1418/1543/1376 1422/1548/1381 1520/1792/1583
f 1522/1793/1584 1416/1547/1380 1420/1575/1406 1526/1789/1580
f 1520/1792/1583 1422/1548/1381 1417/1536/1369 1523/1794/1585
f 1519/1788/1579 1421/1544/1377 1416/1547/1380 1522/1793/1584
f 1521/1795/1581 1423/1540/1373 1418/1543/1376 1524/1791/1582
f 1523/1794/1585 1417/1536/1369 1419/1539/1372 1525/1787/1578
f 1221/1545/1378 1431/1786/1577 1424/1568/1399 1222/1546/1379
f 1428/1567/1398 1624/1796/1586 1623/1797/1587 1429/1564/1395
f 1224/1538/1371 1427/1573/1404 1431/1786/1577 1221/1545/1378
f 1225/1537/1370 1426/1570/1401 1427/1573/1404 1224/1538/1371
f 1222/1546/1379 1424/1568/1399 1425/1560/1391 1223/1574/1405
f 1225/1537/1370 1620/1798/1588 1619/1799/1589 1426/1570/1401
f 1223/1574/1405 1425/1560/1391 1430/1563/1394 1226/1576/1374
f 1432/1463/1308 1277/1462/1307 1220/1662/1477 1297/1679/1301
f 1415/1800/1397 1599/1801/1590 1601/1802/1591 1412/1803/1402
f 1414/1804/1396 1600/1805/1592 1599/1801/1590 1415/1800/1397
f 1435/1806/1593 1438/1807/1594 1602/1808/1595 1433/1809/1596
f 1434/1810/1597 1603/1811/1598 1438/1807/1594 1435/1806/1593
f 1436/1812/1599 1411/1813/1403 1412/1803/1402 1601/1802/1591
f 1413/1814/1600 1437/1815/1601 1600/1805/1592 1414/1804/1396
f 1408/1785/1576 1439/1816/1602 1440/1817/1603 1409/1569/1400
f 1442/1818/1604 1458/1819/1605 1453/1820/1606 1444/1821/1607
f 1441/1822/1608 1612/1823/1609 1608/1824/1610 1410/1561/1392
f 1411/1572/1403 1605/1825/1611 1606/1826/1612 1408/1785/1576
f 1440/1817/1603 1611/1827/1613 1612/1823/1609 1441/1822/1608
f 1410/1561/1392 1608/1824/1610 1607/1828/1614 1413/1829/1600
f 1436/1812/1599 1604/1830/1615 1605/1831/1611 1411/1813/1403
f 1443/1832/1616 1452/1833/1617 1458/1819/1605 1442/1818/1604
f 1409/1569/1400 1440/1817/1603 1441/1822/1608 1410/1561/1392
f 1455/1834/1618 1473/1835/1619 1477/1836/1620 1459/1837/1621
f 1459/1837/1621 1483/1838/1622 1479/1839/1623 1455/1834/1618
f 1450/1840/1624 1462/1841/1625 1464/1842/1626 1452/1833/1617
f 1456/1843/1627 1478/1844/1628 1480/1845/1629 1451/1846/1630
f 1459/1847/1621 1477/1848/1620 1476/1849/1631 1458/1819/1605
f 1447/1850/1632 1460/1851/1633 1462/1841/1625 1450/1840/1624
f 1453/1820/1606 1469/1852/1634 1468/1853/1635 1449/1854/1636
f 1408/1785/1576 1606/1826/1612 1610/1855/1637 1439/1816/1602
f 1413/1814/1600 1607/1856/1614 1609/1857/1638 1437/1815/1601
f 1444/1821/1607 1604/1830/1615 1436/1812/1599 1602/1808/1595
f 1439/1816/1602 1610/1855/1637 1611/1827/1613 1440/1817/1603
f 1461/1858/1639 1546/1859/1640 1545/1860/1641 1460/1861/1633
f 1463/1862/1642 1548/1863/1643 1550/1864/1644 1465/1865/1645
f 1452/1833/1617 1464/1842/1626 1463/1866/1642 1451/1867/1630
f 1448/1868/1646 1461/1858/1639 1460/1861/1633 1447/1869/1632
f 1456/1843/1627 1465/1865/1645 1461/1858/1639 1448/1868/1646
f 1451/1846/1630 1463/1862/1642 1465/1865/1645 1456/1843/1627
f 1470/1870/1647 1531/1871/1648 1530/1872/1649 1469/1852/1634
f 1468/1853/1635 1529/1873/1650 1527/1874/1651 1466/1875/1652
f 1446/1876/1653 1467/1877/1654 1471/1878/1655 1454/1879/1656
f 1457/1880/1657 1470/1870/1647 1469/1852/1634 1453/1820/1606
f 1449/1854/1636 1468/1853/1635 1466/1875/1652 1445/1881/1658
f 1445/1882/1658 1466/1883/1652 1467/1877/1654 1446/1876/1653
f 1476/1849/1631 1585/1884/1659 1584/1885/1660 1475/1886/1661
f 1477/1848/1620 1586/1887/1662 1585/1884/1659 1476/1849/1631
f 1458/1819/1605 1476/1849/1631 1475/1886/1661 1453/1820/1606
f 1453/1820/1606 1475/1886/1661 1474/1888/1663 1457/1880/1657
f 1457/1889/1657 1474/1890/1663 1472/1891/1664 1454/1879/1656
f 1454/1879/1656 1472/1891/1664 1473/1835/1619 1455/1834/1618
f 1482/1892/1665 1567/1893/1666 1566/1894/1667 1481/1895/1668
f 1481/1895/1668 1566/1894/1667 1568/1896/1669 1483/1897/1622
f 1451/1867/1630 1480/1898/1629 1482/1892/1665 1452/1833/1617
f 1455/1834/1618 1479/1839/1623 1478/1844/1628 1456/1843/1627
f 1458/1819/1605 1481/1895/1668 1483/1897/1622 1459/1847/1621
f 1452/1833/1617 1482/1892/1665 1481/1895/1668 1458/1819/1605
f 1486/1899/1670 1484/1900/1671 1485/1901/1672 1500/1902/1673
f 1500/1902/1673 1488/1903/1674 1489/1904/1675 1490/1905/1676
f 1484/1900/1671 1492/1206/1100 1493/1205/1099 1485/1901/1672
f 1486/1899/1670 1494/1203/1097 1492/1206/1100 1484/1900/1671
f 1487/1906/1677 1495/1208/1102 1496/1202/1096 1488/1903/1674
f 1488/1903/1674 1496/1202/1096 1497/1201/1095 1489/1904/1675
f 1489/1904/1675 1497/1201/1095 1498/1207/1101 1490/1905/1676
f 1490/1905/1676 1498/1207/1101 1499/1204/1098 1491/1907/1678
f 1485/1901/1672 1493/1205/1099 1495/1208/1102 1487/1906/1677
f 1491/1907/1678 1499/1204/1098 1494/1203/1097 1486/1899/1670
f 1485/1901/1672 1487/1906/1677 1488/1903/1674 1500/1902/1673
f 1491/1907/1678 1486/1899/1670 1500/1902/1673 1490/1905/1676
f 1193/1908/1679 1501/1492/1335 282/383/368 627/805/734
f 1502/1909/1680 1197/1746/1541 1501/1492/1335 1193/1908/1679
f 1289/1910/1681 1503/1676/1488 1197/1746/1541 1502/1909/1680
f 405/1911/737 631/1675/537 1503/1676/1488 1289/1910/1681
f 1506/1912/1682 1504/1913/1683 1857/811/740
f 633/820/749 636/818/747 1857/811/740
f 1507/1520/1357 1803/1519/1356 1801/1528/1363 1509/1527/1362
f 638/813/742 943/814/743 1798/1518/1355 1508/1517/1354
f 1856/1914/1684 1506/1912/1682 634/817/746 1853/1915/745
f 1855/1916/1685 1504/1913/1683 1506/1912/1682 1856/1914/1684
f 1851/821/750 632/810/739 1505/809/738 1854/1917/1686
f 947/823/752 638/813/742 1508/1517/1354 1807/1918/1687
f 1806/1919/1688 1507/1520/1357 1509/1527/1362 1808/1920/1689
f 1808/1920/1689 1509/1527/1362 641/1530/407 950/1921/756
f 1807/1918/1687 1508/1517/1354 1507/1520/1357 1806/1919/1688
f 1512/1922/1690 1513/1923/1691 1515/1596/1425 1514/1924/1692
f 1518/1606/1433 1511/1605/1432 1513/1923/1691 1512/1922/1690
f 1513/1923/1691 1516/1591/1420 1517/1597/1426 1515/1596/1425
f 1511/1605/1432 1510/1592/1421 1516/1591/1420 1513/1923/1691
f 1404/1582/1411 1514/1924/1692 1515/1596/1425 1235/1583/1412
f 1400/1784/1575 1512/1922/1690 1514/1924/1692 1404/1582/1411
f 1240/1598/1427 1517/1597/1426 1516/1591/1420 1236/1590/1419
f 1405/1581/1410 1518/1606/1433 1512/1922/1690 1400/1784/1575
f 1237/1607/1434 1523/1794/1585 1525/1787/1578 1239/1601/1428
f 1243/1608/1429 1521/1795/1581 1524/1791/1582 1238/1603/1430
f 1241/1593/1422 1519/1788/1579 1522/1793/1584 1236/1590/1419
f 1242/1604/1431 1520/1792/1583 1523/1794/1585 1237/1607/1434
f 1236/1590/1419 1522/1793/1584 1526/1789/1580 1240/1598/1427
f 1238/1603/1430 1524/1791/1582 1520/1792/1583 1242/1604/1431
f 1240/1598/1427 1526/1789/1580 1521/1790/1581 1243/1602/1429
f 1239/1601/1428 1525/1787/1578 1519/1788/1579 1241/1593/1422
f 1454/1879/1656 1471/1878/1655 1470/1925/1647 1457/1889/1657
f 1539/1926/1693 1534/1927/1694 1538/1928/1695 1541/1929/1696
f 1540/1930/1697 1533/1931/1698 1534/1927/1694 1539/1926/1693
f 1469/1852/1634 1530/1872/1649 1529/1873/1650 1468/1853/1635
f 1466/1883/1652 1527/1932/1651 1528/1933/1699 1467/1877/1654
f 1467/1877/1654 1528/1933/1699 1532/1934/1700 1471/1878/1655
f 1471/1878/1655 1532/1934/1700 1531/1935/1648 1470/1925/1647
f 1533/1931/1698 1537/1936/1701 1538/1928/1695 1534/1927/1694
f 1535/1937/1702 1536/1938/1703 1537/1939/1701 1533/1940/1698
f 1541/1929/1696 1538/1928/1695 1537/1936/1701 1542/1941/1704
f 1543/1942/1705 1535/1937/1702 1533/1940/1698 1540/1943/1697
f 1542/1944/1704 1537/1939/1701 1536/1938/1703 1544/1945/1706
f 1544/1945/1706 1536/1938/1703 1535/1937/1702 1543/1942/1705
f 1530/1872/1707 1544/1945/1706 1543/1942/1705 1529/1873/1708
f 1531/1871/1709 1542/1944/1704 1544/1945/1706 1530/1872/1707
f 1529/1873/1708 1543/1942/1705 1540/1943/1697 1527/1874/1710
f 1532/1934/1711 1541/1929/1696 1542/1941/1704 1531/1935/1709
f 1527/1932/1710 1540/1930/1697 1539/1926/1693 1528/1933/1712
f 1528/1933/1712 1539/1926/1693 1541/1929/1696 1532/1934/1711
f 1560/1946/1713 1552/1947/1714 1551/1948/1715 1559/1949/1716
f 1558/1950/1717 1554/1951/1718 1556/1952/1719 1557/1953/1720
f 1464/1842/1626 1549/1954/1721 1548/1955/1643 1463/1866/1642
f 1462/1841/1625 1547/1956/1722 1549/1954/1721 1464/1842/1626
f 1460/1851/1633 1545/1957/1641 1547/1956/1722 1462/1841/1625
f 1465/1865/1645 1550/1864/1644 1546/1859/1640 1461/1858/1639
f 1551/1958/1715 1554/1959/1718 1555/1960/1723 1553/1961/1724
f 1552/1947/1714 1556/1952/1719 1554/1951/1718 1551/1948/1715
f 1561/1962/1725 1555/1960/1723 1554/1959/1718 1558/1963/1717
f 1562/1964/1726 1553/1961/1724 1555/1960/1723 1561/1962/1725
f 1559/1965/1716 1551/1958/1715 1553/1961/1724 1562/1964/1726
f 1557/1953/1720 1556/1952/1719 1552/1947/1714 1560/1946/1713
f 1550/1864/1727 1557/1953/1720 1560/1946/1713 1546/1859/1728
f 1545/1957/1729 1559/1965/1716 1562/1964/1726 1547/1956/1730
f 1547/1956/1730 1562/1964/1726 1561/1962/1725 1549/1954/1731
f 1549/1954/1731 1561/1962/1725 1558/1963/1717 1548/1955/1732
f 1548/1863/1732 1558/1950/1717 1557/1953/1720 1550/1864/1727
f 1546/1859/1728 1560/1946/1713 1559/1949/1716 1545/1860/1729
f 1577/1966/1733 1573/1967/1734 1572/1968/1735 1576/1969/1736
f 1576/1969/1736 1572/1968/1735 1574/1970/1737 1575/1971/1738
f 1479/1839/1623 1564/1972/1739 1563/1973/1740 1478/1844/1628
f 1483/1838/1622 1568/1974/1669 1564/1972/1739 1479/1839/1623
f 1480/1898/1629 1565/1975/1741 1567/1893/1666 1482/1892/1665
f 1478/1844/1628 1563/1973/1740 1565/1976/1741 1480/1845/1629
f 1571/1977/1742 1569/1978/1743 1570/1979/1744 1574/1980/1737
f 1573/1967/1734 1571/1981/1742 1574/1970/1737 1572/1968/1735
f 1579/1982/1745 1570/1979/1744 1569/1978/1743 1578/1983/1746
f 1575/1984/1738 1574/1980/1737 1570/1979/1744 1579/1982/1745
f 1580/1985/1747 1571/1981/1742 1573/1967/1734 1577/1966/1733
f 1578/1983/1746 1569/1978/1743 1571/1977/1742 1580/1986/1747
f 1563/1973/1748 1578/1983/1746 1580/1986/1747 1565/1976/1749
f 1565/1975/1749 1580/1985/1747 1577/1966/1733 1567/1893/1750
f 1568/1974/1751 1575/1984/1738 1579/1982/1745 1564/1972/1752
f 1564/1972/1752 1579/1982/1745 1578/1983/1746 1563/1973/1748
f 1566/1894/1753 1576/1969/1736 1575/1971/1738 1568/1896/1751
f 1567/1893/1750 1577/1966/1733 1576/1969/1736 1566/1894/1753
f 1596/1987/1754 1590/1988/1755 1589/1989/1756 1595/1990/1757
f 1594/1991/1758 1588/1992/1759 1592/1993/1760 1593/1994/1761
f 1472/1891/1664 1581/1995/1762 1582/1996/1763 1473/1835/1619
f 1473/1835/1619 1582/1996/1763 1586/1997/1662 1477/1836/1620
f 1475/1886/1661 1584/1885/1660 1583/1998/1764 1474/1888/1663
f 1474/1890/1663 1583/1999/1764 1581/1995/1762 1472/1891/1664
f 1592/2000/1760 1589/1989/1756 1590/1988/1755 1591/2001/1765
f 1588/1992/1759 1587/2002/1766 1589/2003/1756 1592/1993/1760
f 1595/2004/1757 1589/2003/1756 1587/2002/1766 1597/2005/1767
f 1593/2006/1761 1592/2000/1760 1591/2001/1765 1598/2007/1768
f 1598/2007/1768 1591/2001/1765 1590/1988/1755 1596/1987/1754
f 1597/2005/1767 1587/2002/1766 1588/1992/1759 1594/1991/1758
f 1581/1995/1769 1597/2005/1767 1594/1991/1758 1582/1996/1770
f 1585/1884/1771 1598/2007/1768 1596/1987/1754 1584/1885/1772
f 1586/1887/1773 1593/2006/1761 1598/2007/1768 1585/1884/1771
f 1583/1999/1774 1595/2004/1757 1597/2005/1767 1581/1995/1769
f 1582/1996/1770 1594/1991/1758 1593/1994/1761 1586/1997/1773
f 1584/1885/1772 1596/1987/1754 1595/1990/1757 1583/1998/1774
f 1435/1806/1593 1599/1801/1590 1600/1805/1592 1434/1810/1597
f 1433/1809/1596 1601/1802/1591 1599/1801/1590 1435/1806/1593
f 1602/1808/1595 1436/1812/1599 1601/1802/1591 1433/1809/1596
f 1434/1810/1597 1600/1805/1592 1437/1815/1601 1603/1811/1598
f 1603/1811/1598 1443/1832/1616 1442/1818/1604 1438/1807/1594
f 1444/1821/1607 1602/1808/1595 1438/1807/1594 1442/1818/1604
f 1609/1857/1638 1443/1832/1616 1603/1811/1598 1437/1815/1601
f 1449/1854/1636 1604/1830/1615 1444/1821/1607 1453/1820/1606
f 1609/1857/1638 1450/1840/1624 1452/1833/1617 1443/1832/1616
f 1445/1881/1658 1605/1831/1611 1604/1830/1615 1449/1854/1636
f 1607/1856/1614 1447/1850/1632 1450/1840/1624 1609/1857/1638
f 1446/1876/1653 1606/1826/1612 1605/1825/1611 1445/1882/1658
f 1454/1879/1656 1610/1855/1637 1606/1826/1612 1446/1876/1653
f 1455/1834/1618 1611/1827/1613 1610/1855/1637 1454/1879/1656
f 1456/1843/1627 1612/1823/1609 1611/1827/1613 1455/1834/1618
f 1448/1868/1646 1608/1824/1610 1612/1823/1609 1456/1843/1627
f 1447/1869/1632 1607/1828/1614 1608/1824/1610 1448/1868/1646
f 1429/1564/1395 1430/2008/1394 1613/2009/1393 1414/1565/1396
f 1429/1564/1395 1227/1542/1375 1226/1541/1374 1430/2008/1394
f 1793/2010/1775 1614/2011/1776 1795/2012/1777
f 1795/2012/1777 1614/2011/1776 1794/2013/1778
f 1796/2014/1779 1614/2015/1776 1793/2016/1775
f 1794/2017/1778 1614/2015/1776 1796/2014/1779
f 1413/1829/1600 1617/2018/1780 1618/2019/1781 1410/1561/1392
f 1410/1561/1392 1618/2019/1781 1616/2020/1782 1613/1562/1393
f 1414/1565/1396 1615/2021/1783 1617/2022/1780 1413/2023/1600
f 1613/2009/1393 1616/2024/1782 1615/2021/1783 1414/1565/1396
f 1621/2025/1784 1624/1796/1586 1619/1799/1589 1620/1798/1588
f 1622/2026/1785 1623/1797/1587 1624/1796/1586 1621/2025/1784
f 1228/1549/1382 1621/2025/1784 1620/1798/1588 1225/1537/1370
f 1426/1570/1401 1619/1799/1589 1624/1796/1586 1428/1567/1398
f 1429/1564/1395 1623/1797/1587 1622/2026/1785 1227/1542/1375
f 1227/1542/1375 1622/2026/1785 1621/2025/1784 1228/1549/1382
f 1632/2027/1786 1634/2028/1787 1756/2029/1788 1629/2030/1789
f 1631/2031/1790 1755/2032/1791 1634/2028/1787 1632/2027/1786
f 1637/2033/1792 1633/2034/1793 1636/2035/1794 1758/2036/1795
f 1635/2037/1796 1628/2038/1797 1629/2030/1789 1756/2029/1788
f 1630/2039/1798 1636/2035/1794 1755/2032/1791 1631/2031/1790
f 1625/2040/1799 1638/2041/1800 1639/2042/1801 1626/2043/1802
f 1641/2044/1803 1657/2045/1804 1652/2046/1805 1643/2047/1806
f 1640/2048/1807 1767/2049/1808 1763/2050/1809 1627/2051/1810
f 1628/2052/1797 1760/2053/1811 1761/2054/1812 1625/2040/1799
f 1639/2042/1801 1766/2055/1813 1767/2049/1808 1640/2048/1807
f 1627/2051/1810 1763/2050/1809 1762/2056/1814 1630/2057/1798
f 1635/2037/1796 1759/2058/1815 1760/2059/1811 1628/2038/1797
f 1642/2060/1816 1651/2061/1817 1657/2045/1804 1641/2044/1803
f 1626/2043/1802 1639/2042/1801 1640/2048/1807 1627/2051/1810
f 1654/2062/1818 1672/2063/1819 1676/2064/1820 1658/2065/1821
f 1658/2065/1821 1682/2066/1822 1678/2067/1823 1654/2062/1818
f 1649/2068/1824 1661/2069/1825 1663/2070/1826 1651/2061/1817
f 1655/2071/1827 1677/2072/1828 1679/2073/1829 1650/2074/1830
f 1658/2075/1821 1676/2076/1820 1675/2077/1831 1657/2045/1804
f 1646/2078/1832 1659/2079/1833 1661/2069/1825 1649/2068/1824
f 1652/2046/1805 1668/2080/1834 1667/2081/1835 1648/2082/1836
f 1625/2040/1799 1761/2054/1812 1765/2083/1837 1638/2041/1800
f 1630/2039/1798 1762/2084/1814 1764/2085/1838 1636/2035/1794
f 1643/2047/1806 1759/2058/1815 1635/2037/1796 1757/2086/1839
f 1638/2041/1800 1765/2083/1837 1766/2055/1813 1639/2042/1801
f 1660/2087/1840 1702/2088/1841 1701/2089/1842 1659/2090/1833
f 1662/2091/1843 1704/2092/1844 1706/2093/1845 1664/2094/1846
f 1651/2061/1817 1663/2070/1826 1662/2095/1843 1650/2096/1830
f 1647/2097/1847 1660/2087/1840 1659/2090/1833 1646/2098/1832
f 1655/2071/1827 1664/2094/1846 1660/2087/1840 1647/2097/1847
f 1650/2074/1830 1662/2091/1843 1664/2094/1846 1655/2071/1827
f 1669/2099/1848 1687/2100/1849 1686/2101/1850 1668/2080/1834
f 1667/2081/1835 1685/2102/1851 1683/2103/1852 1665/2104/1853
f 1645/2105/1854 1666/2106/1855 1670/2107/1856 1653/2108/1857
f 1656/2109/1858 1669/2099/1848 1668/2080/1834 1652/2046/1805
f 1648/2082/1836 1667/2081/1835 1665/2104/1853 1644/2110/1859
f 1644/2111/1859 1665/2112/1853 1666/2106/1855 1645/2105/1854
f 1675/2077/1831 1741/2113/1860 1740/2114/1861 1674/2115/1862
f 1676/2076/1820 1742/2116/1863 1741/2113/1860 1675/2077/1831
f 1657/2045/1804 1675/2077/1831 1674/2115/1862 1652/2046/1805
f 1652/2046/1805 1674/2115/1862 1673/2117/1864 1656/2109/1858
f 1656/2118/1858 1673/2119/1864 1671/2120/1865 1653/2108/1857
f 1653/2108/1857 1671/2120/1865 1672/2063/1819 1654/2062/1818
f 1681/2121/1866 1723/2122/1867 1722/2123/1868 1680/2124/1869
f 1680/2124/1869 1722/2123/1868 1724/2125/1870 1682/2126/1822
f 1650/2096/1830 1679/2127/1829 1681/2121/1866 1651/2061/1817
f 1654/2062/1818 1678/2067/1823 1677/2072/1828 1655/2071/1827
f 1657/2045/1804 1680/2124/1869 1682/2126/1822 1658/2075/1821
f 1651/2061/1817 1681/2121/1866 1680/2124/1869 1657/2045/1804
f 1653/2108/1857 1670/2107/1856 1669/2128/1848 1656/2118/1858
f 1695/2129/1871 1690/2130/1872 1694/2131/1873 1697/2132/1874
f 1696/2133/1875 1689/2134/1876 1690/2130/1872 1695/2129/1871
f 1668/2080/1834 1686/2101/1850 1685/2102/1851 1667/2081/1835
f 1665/2112/1853 1683/2135/1852 1684/2136/1877 1666/2106/1855
f 1666/2106/1855 1684/2136/1877 1688/2137/1878 1670/2107/1856
f 1670/2107/1856 1688/2137/1878 1687/2138/1849 1669/2128/1848
f 1689/2134/1876 1693/2139/1879 1694/2131/1873 1690/2130/1872
f 1691/2140/1880 1692/2141/1881 1693/2142/1879 1689/2143/1876
f 1697/2132/1874 1694/2131/1873 1693/2139/1879 1698/2144/1882
f 1699/2145/1883 1691/2140/1880 1689/2143/1876 1696/2146/1875
f 1698/2147/1882 1693/2142/1879 1692/2141/1881 1700/2148/1884
f 1700/2148/1884 1692/2141/1881 1691/2140/1880 1699/2145/1883
f 1686/2101/1885 1700/2148/1884 1699/2145/1883 1685/2102/1886
f 1687/2100/1887 1698/2147/1882 1700/2148/1884 1686/2101/1885
f 1685/2102/1886 1699/2145/1883 1696/2146/1875 1683/2103/1888
f 1688/2137/1889 1697/2132/1874 1698/2144/1882 1687/2138/1887
f 1683/2135/1888 1696/2133/1875 1695/2129/1871 1684/2136/1890
f 1684/2136/1890 1695/2129/1871 1697/2132/1874 1688/2137/1889
f 1716/2149/1891 1708/2150/1892 1707/2151/1893 1715/2152/1894
f 1714/2153/1895 1710/2154/1896 1712/2155/1897 1713/2156/1898
f 1663/2070/1826 1705/2157/1899 1704/2158/1844 1662/2095/1843
f 1661/2069/1825 1703/2159/1900 1705/2157/1899 1663/2070/1826
f 1659/2079/1833 1701/2160/1842 1703/2159/1900 1661/2069/1825
f 1664/2094/1846 1706/2093/1845 1702/2088/1841 1660/2087/1840
f 1707/2161/1893 1710/2162/1896 1711/2163/1901 1709/2164/1902
f 1708/2150/1892 1712/2155/1897 1710/2154/1896 1707/2151/1893
f 1717/2165/1903 1711/2163/1901 1710/2162/1896 1714/2166/1895
f 1718/2167/1904 1709/2164/1902 1711/2163/1901 1717/2165/1903
f 1715/2168/1894 1707/2161/1893 1709/2164/1902 1718/2167/1904
f 1713/2156/1898 1712/2155/1897 1708/2150/1892 1716/2149/1891
f 1706/2093/1905 1713/2156/1898 1716/2149/1891 1702/2088/1906
f 1701/2160/1907 1715/2168/1894 1718/2167/1904 1703/2159/1908
f 1703/2159/1908 1718/2167/1904 1717/2165/1903 1705/2157/1909
f 1705/2157/1909 1717/2165/1903 1714/2166/1895 1704/2158/1910
f 1704/2092/1910 1714/2153/1895 1713/2156/1898 1706/2093/1905
f 1702/2088/1906 1716/2149/1891 1715/2152/1894 1701/2089/1907
f 1733/2169/1911 1729/2170/1912 1728/2171/1913 1732/2172/1914
f 1732/2172/1914 1728/2171/1913 1730/2173/1915 1731/2174/1916
f 1678/2067/1823 1720/2175/1917 1719/2176/1918 1677/2072/1828
f 1682/2066/1822 1724/2177/1870 1720/2175/1917 1678/2067/1823
f 1679/2127/1829 1721/2178/1919 1723/2122/1867 1681/2121/1866
f 1677/2072/1828 1719/2176/1918 1721/2179/1919 1679/2073/1829
f 1727/2180/1920 1725/2181/1921 1726/2182/1922 1730/2183/1915
f 1729/2170/1912 1727/2184/1920 1730/2173/1915 1728/2171/1913
f 1735/2185/1923 1726/2182/1922 1725/2181/1921 1734/2186/1924
f 1731/2187/1916 1730/2183/1915 1726/2182/1922 1735/2185/1923
f 1736/2188/1925 1727/2184/1920 1729/2170/1912 1733/2169/1911
f 1734/2186/1924 1725/2181/1921 1727/2180/1920 1736/2189/1925
f 1719/2176/1926 1734/2186/1924 1736/2189/1925 1721/2179/1927
f 1721/2178/1927 1736/2188/1925 1733/2169/1911 1723/2122/1928
f 1724/2177/1929 1731/2187/1916 1735/2185/1923 1720/2175/1930
f 1720/2175/1930 1735/2185/1923 1734/2186/1924 1719/2176/1926
f 1722/2123/1931 1732/2172/1914 1731/2174/1916 1724/2125/1929
f 1723/2122/1928 1733/2169/1911 1732/2172/1914 1722/2123/1931
f 1752/2190/1932 1746/2191/1933 1745/2192/1934 1751/2193/1935
f 1750/2194/1936 1744/2195/1937 1748/2196/1938 1749/2197/1939
f 1671/2120/1865 1737/2198/1940 1738/2199/1941 1672/2063/1819
f 1672/2063/1819 1738/2199/1941 1742/2200/1863 1676/2064/1820
f 1674/2115/1862 1740/2114/1861 1739/2201/1942 1673/2117/1864
f 1673/2119/1864 1739/2202/1942 1737/2198/1940 1671/2120/1865
f 1748/2203/1938 1745/2192/1934 1746/2191/1933 1747/2204/1943
f 1744/2195/1937 1743/2205/1944 1745/2206/1934 1748/2196/1938
f 1751/2207/1935 1745/2206/1934 1743/2205/1944 1753/2208/1945
f 1749/2209/1939 1748/2203/1938 1747/2204/1943 1754/2210/1946
f 1754/2210/1946 1747/2204/1943 1746/2191/1933 1752/2190/1932
f 1753/2208/1945 1743/2205/1944 1744/2195/1937 1750/2194/1936
f 1737/2198/1947 1753/2208/1945 1750/2194/1936 1738/2199/1948
f 1741/2113/1949 1754/2210/1946 1752/2190/1932 1740/2114/1950
f 1742/2116/1951 1749/2209/1939 1754/2210/1946 1741/2113/1949
f 1739/2202/1952 1751/2207/1935 1753/2208/1945 1737/2198/1947
f 1738/2199/1948 1750/2194/1936 1749/2197/1939 1742/2200/1951
f 1740/2114/1950 1752/2190/1932 1751/2193/1935 1739/2201/1952
f 1634/2028/1787 1755/2032/1791 1636/2035/1794 1633/2034/1793
f 1756/2029/1788 1634/2028/1787 1633/2034/1793 1635/2037/1796
f 1758/2036/1795 1642/2060/1816 1641/2044/1803 1637/2033/1792
f 1643/2047/1806 1757/2086/1839 1637/2033/1792 1641/2044/1803
f 1764/2085/1838 1642/2060/1816 1758/2036/1795 1636/2035/1794
f 1648/2082/1836 1759/2058/1815 1643/2047/1806 1652/2046/1805
f 1764/2085/1838 1649/2068/1824 1651/2061/1817 1642/2060/1816
f 1644/2110/1859 1760/2059/1811 1759/2058/1815 1648/2082/1836
f 1762/2084/1814 1646/2078/1832 1649/2068/1824 1764/2085/1838
f 1645/2105/1854 1761/2054/1812 1760/2053/1811 1644/2111/1859
f 1653/2108/1857 1765/2083/1837 1761/2054/1812 1645/2105/1854
f 1654/2062/1818 1766/2055/1813 1765/2083/1837 1653/2108/1857
f 1655/2071/1827 1767/2049/1808 1766/2055/1813 1654/2062/1818
f 1647/2097/1847 1763/2050/1809 1767/2049/1808 1655/2071/1827
f 1646/2098/1832 1762/2056/1814 1763/2050/1809 1647/2097/1847
f 1757/2086/1839 1635/2037/1796 1633/2034/1793 1637/2033/1792
f 1371/1767/1560 1375/1766/1559 1629/2211/1789 1628/2052/1797
f 1375/1766/1559 1374/1765/1558 1632/2212/1786 1629/2211/1789
f 1374/1765/1558 1378/1763/1556 1631/2213/1790 1632/2212/1786
f 1378/1763/1556 1373/1762/1555 1630/2214/1798 1631/2213/1790
f 1373/1769/1555 1377/1761/1554 1627/2051/1810 1630/2057/1798
f 1377/1761/1554 1372/1760/1553 1626/2043/1802 1627/2051/1810
f 1372/1760/1553 1376/1768/1561 1625/2040/1799 1626/2043/1802
f 1376/1768/1561 1371/1767/1560 1628/2052/1797 1625/2040/1799
f 1280/1754/1548 1768/1757/1551 1769/1673/1486 1285/1622/1448
f 1285/1622/1448 1769/1673/1486 1770/1672/1485 1382/1623/1449
f 1772/1629/1455 1287/1668/1481 1771/1752/1546 1370/1759/1552
f 1773/1753/1547 1369/1764/1557 1768/1757/1551 1280/1754/1548
f 1370/1759/1552 1771/1752/1546 1369/1764/1557 1773/1753/1547
f 1383/1628/1454 1774/1669/1482 1287/1668/1481 1772/1629/1455
f 1775/1620/1446 1379/1770/1562 1774/1669/1482 1383/1628/1454
f 1382/1623/1449 1770/1672/1485 1379/1770/1562 1775/1620/1446
f 136/1331/205 909/1313/185 1776/1312/1184 1093/1332/1200
f 1093/1332/1200 1776/1312/1184 1777/1314/1185 1112/1333/1201
f 981/1310/1182 1778/1318/1188 982/1319/1189 1779/1305/1177
f 1780/1304/1176 1074/1320/1190 983/1321/1191 1781/1309/1181
f 1781/1309/1181 983/1321/1191 1004/1322/1192 1782/1308/1180
f 1784/1303/1175 1041/1323/1193 1060/1324/1194 1783/1302/1174
f 1785/1306/1178 1042/1325/1195 1041/1323/1193 1784/1303/1175
f 1786/1307/1179 1043/1326/1196 1042/1325/1195 1785/1306/1178
f 1040/1317/1187 1787/1327/1197 1052/1328/1198 1788/1315/1186
f 1788/1315/1186 1052/1328/1198 122/1329/202 922/1316/189
f 1789/1311/1183 1059/1330/1199 1043/1326/1196 1786/1307/1179
f 1782/1308/1180 1004/1322/1192 1059/1330/1199 1789/1311/1183
f 1783/1302/1174 1060/1324/1194 1787/1327/1197 1040/1317/1187
f 1779/1305/1177 982/1319/1189 1074/1320/1190 1780/1304/1176
f 1112/1333/1201 1777/1314/1185 1778/1318/1188 981/1310/1182
f 954/1227/1121 1320/1713/1514 1016/1706/1508 1310/1246/1135
f 1790/1232/1126 954/1227/1121 989/1184/1078 1017/1229/1123
f 1791/1695/1498 1320/1713/1514 954/1227/1121 1790/1232/1126
f 1792/1715/1516 1324/1714/1515 1320/1713/1514 1791/1695/1498
f 1618/2019/1781 1796/2014/1779 1793/2016/1775 1616/2020/1782
f 1617/2018/1780 1794/2017/1778 1796/2014/1779 1618/2019/1781
f 1615/2021/1783 1795/2012/1777 1794/2013/1778 1617/2022/1780
f 1616/2024/1782 1793/2010/1775 1795/2012/1777 1615/2021/1783
f 1804/2215/1953 1805/2216/1954 1799/2217/1955 1797/2218/1956
f 1863/2219/1957 1803/1519/1356 1798/1518/1355 1864/2220/1958
f 937/2221/1026 939/2222/1029 1802/2223/1959 1800/2224/1960
f 1860/2225/1030 938/1529/408 1801/1528/1363 1865/2226/1961
f 1800/2224/1960 1802/2223/1959 1805/2216/1954 1804/2215/1953
f 1865/2226/1961 1801/1528/1363 1803/1519/1356 1863/2219/1957
f 1797/2218/1956 1799/2217/1955 945/1134/1033 944/1133/1032
f 1864/2220/1958 1798/1518/1355 943/814/743 1862/1135/1034
f 1854/1917/1686 1505/809/738 1504/1913/1683 1855/1916/1685
f 1193/2227/1679 1807/1918/1687 1806/1919/1688 1502/2228/1680
f 1289/2229/1681 1808/1920/1689 950/1921/756 405/2230/737
f 1502/2228/1680 1806/1919/1688 1808/1920/1689 1289/2229/1681
f 627/1140/734 947/823/752 1807/1918/1687 1193/2227/1679
f 1810/254/254 1817/263/261 1818/251/251 1809/234/234
f 1828/291/287 1811/245/245 1812/265/263 1827/266/264
f 1817/263/261 1813/264/262 1814/243/243 1818/251/251
f 1822/244/244 1814/243/243 1813/264/262 1821/287/284
f 1820/248/248 1810/254/254 1809/234/234 1819/233/233
f 1819/233/233 1812/265/263 1811/245/245 1820/248/248
f 1821/287/284 1815/308/299 1816/249/249 1822/244/244
f 1826/319/308 1823/304/297 1824/301/296 1825/293/289
f 1823/304/297 1828/307/287 1827/302/264 1824/301/296
f 1815/308/299 1826/319/308 1825/293/289 1816/249/249
f 1830/1375/1241 1837/1388/1252 1838/297/292 1829/296/291
f 1848/1357/1223 1831/1356/1222 1832/1413/1271 1847/1434/1278
f 1837/1388/1252 1833/1367/1233 1834/1386/1250 1838/297/292
f 1842/1372/1238 1834/1386/1250 1833/1367/1233 1841/1368/1234
f 1840/1370/1236 1830/1375/1241 1829/296/291 1839/1377/1243
f 1839/1377/1243 1832/1413/1271 1831/1356/1222 1840/1370/1236
f 1841/1368/1234 1835/1414/1272 1836/1373/1239 1842/1372/1238
f 1846/1421/1276 1843/1419/1274 1844/1422/1277 1845/1384/1248
f 1843/1419/1274 1848/1418/1223 1847/1423/1278 1844/1422/1277
f 1835/1414/1272 1846/1421/1276 1845/1384/1248 1836/1373/1239
f 1810/254/254 204/253/253 209/235/235 1817/263/261
f 1797/2218/1956 1854/1917/1686 1855/1916/1685 1804/2215/1953
f 944/1133/1032 1851/821/750 1854/1917/1686 1797/2218/1956
f 1804/2215/1953 1855/1916/1685 1856/1914/1684 1800/2224/1960
f 1800/2224/1960 1856/1914/1684 1853/1915/745 937/2221/1026
f 931/1122/1021 941/1121/1020 1850/819/748 1849/822/751
f 944/1133/1032 931/1122/1021 1849/822/751 1851/821/750
f 941/1121/1020 934/1128/1027 1852/815/744 1850/819/748
f 934/1128/1027 937/1127/1026 1853/816/745 1852/815/744
f 636/818/747 634/817/746 1857/811/740
f 634/817/746 1506/1912/1682 1857/811/740
f 635/812/741 633/820/749 1857/811/740
f 1504/1913/1683 1505/809/738 1857/811/740
f 1799/2217/1955 1864/2220/1958 1862/1135/1034 945/1134/1033
f 1802/2223/1959 1865/2226/1961 1863/2219/1957 1805/2216/1954
f 939/2222/1029 1860/2225/1030 1865/2226/1961 1802/2223/1959
f 1805/2216/1954 1863/2219/1957 1864/2220/1958 1799/2217/1955
f 933/1123/1022 945/1134/1033 1862/1135/1034 1859/1126/1025
f 936/1129/1028 942/1124/1023 1858/1125/1024 1861/1132/1031
f 939/1130/1029 936/1129/1028 1861/1132/1031 1860/1131/1030
f 942/1124/1023 933/1123/1022 1859/1126/1025 1858/1125/1024
