# Blender 3.6.4
# www.blender.org
mtllib Tall_Street_Lamp.mtl
o Lamp
v -0.027448 4.005287 0.027448
v -0.027448 4.005287 -0.027448
v 0.027448 4.005287 0.027448
v 0.027448 4.005287 -0.027448
v -0.032038 3.960739 0.032038
v -0.033617 3.977839 0.033617
v -0.032038 3.992240 0.032038
v -0.032038 4.009877 0.014401
v -0.033617 4.011456 0.000000
v -0.032038 4.009877 -0.014401
v -0.032038 3.992240 -0.032038
v -0.033617 3.977839 -0.033617
v -0.032038 3.960739 -0.032038
v -0.040154 2.250065 -0.017148
v -0.014401 4.009877 -0.032038
v 0.000000 4.011456 -0.033617
v 0.014401 4.009877 -0.032038
v 0.032038 3.992240 -0.032038
v 0.033617 3.977839 -0.033617
v 0.032038 3.960739 -0.032038
v -0.042983 2.250063 0.000000
v -0.040154 2.250065 0.017148
v 0.017148 2.250065 -0.040154
v 0.032038 4.009877 -0.014401
v 0.033617 4.011456 0.000000
v 0.032038 4.009877 0.014401
v 0.032038 3.992240 0.032038
v 0.033617 3.977839 0.033617
v 0.032038 3.960739 0.032038
v 0.000000 2.250063 -0.042983
v -0.017148 2.250065 -0.040154
v 0.040154 2.250065 0.017148
v 0.014401 4.009877 0.032038
v 0.000000 4.011456 0.033617
v -0.014401 4.009877 0.032038
v 0.018459 4.017993 -0.017148
v 0.019873 4.020823 0.000000
v 0.018459 4.017993 0.017148
v 0.000000 4.021762 -0.018194
v 0.000000 4.025381 0.000000
v 0.000000 4.021762 0.018194
v -0.018459 4.017993 -0.017148
v -0.019873 4.020823 0.000000
v -0.018459 4.017993 0.017148
v 0.042983 2.250063 0.000000
v 0.040154 2.250065 -0.017148
v -0.017148 2.250065 0.040154
v 0.000000 2.250063 0.042983
v 0.017148 2.250065 0.040154
v 0.032038 2.250071 0.032038
v 0.032038 2.250071 -0.032038
v -0.032038 2.250071 -0.032038
v -0.032038 2.250071 0.032038
v 0.017148 3.960684 0.040154
v 0.000000 3.960664 0.042983
v -0.017148 3.960684 0.040154
v 0.018194 3.977839 0.043923
v 0.000000 3.977839 0.047542
v -0.018194 3.977839 0.043923
v 0.017148 3.996298 0.040154
v 0.000000 3.997712 0.042983
v -0.017148 3.996298 0.040154
v 0.040154 3.960684 -0.017148
v 0.042983 3.960664 0.000000
v 0.040154 3.960684 0.017148
v 0.043923 3.977839 -0.018194
v 0.047542 3.977839 0.000000
v 0.043923 3.977839 0.018194
v 0.040154 3.996298 -0.017148
v 0.042983 3.997712 0.000000
v 0.040154 3.996298 0.017148
v -0.017148 3.960684 -0.040154
v 0.000000 3.960664 -0.042983
v 0.017148 3.960684 -0.040154
v -0.018194 3.977839 -0.043923
v 0.000000 3.977839 -0.047542
v 0.018194 3.977839 -0.043923
v -0.017148 3.996298 -0.040154
v 0.000000 3.997712 -0.042983
v 0.017148 3.996298 -0.040154
v -0.040154 3.960684 0.017148
v -0.042983 3.960664 0.000000
v -0.040154 3.960684 -0.017148
v -0.043923 3.977839 0.018194
v -0.047542 3.977839 0.000000
v -0.043923 3.977839 -0.018194
v -0.040154 3.996298 0.017148
v -0.042983 3.997712 0.000000
v -0.040154 3.996298 -0.017148
v -0.048032 1.100065 -0.020512
v -0.051417 1.100062 0.000000
v -0.048032 1.100065 0.020512
v 0.020512 1.100065 -0.048032
v 0.000000 1.100062 -0.051417
v -0.020512 1.100065 -0.048032
v 0.048032 1.100065 0.020512
v 0.051417 1.100062 0.000000
v 0.048032 1.100065 -0.020512
v -0.020512 1.100065 0.048032
v 0.000000 1.100062 0.051417
v 0.020512 1.100065 0.048032
v 0.038324 1.100071 0.038324
v 0.038324 1.100071 -0.038324
v -0.038324 1.100071 -0.038324
v -0.038324 1.100071 0.038324
v -0.044527 2.250065 -0.019015
v -0.048032 2.246316 -0.020512
v -0.051417 2.246314 0.000000
v -0.047662 2.250063 0.000000
v -0.044527 2.250065 0.019015
v -0.048032 2.246316 0.020512
v 0.019015 2.250065 -0.044527
v 0.020512 2.246316 -0.048032
v 0.000000 2.246314 -0.051417
v 0.000000 2.250063 -0.047662
v -0.019015 2.250065 -0.044527
v -0.020512 2.246316 -0.048032
v 0.048032 2.246316 0.020512
v 0.044527 2.250065 0.019015
v 0.047662 2.250063 0.000000
v 0.051417 2.246314 0.000000
v 0.048032 2.246316 -0.020512
v 0.044527 2.250065 -0.019015
v -0.020512 2.246316 0.048032
v -0.019015 2.250065 0.044527
v 0.000000 2.246314 0.051417
v 0.000000 2.250063 0.047662
v 0.019015 2.250065 0.044527
v 0.020512 2.246316 0.048032
v 0.035528 2.250071 0.035528
v 0.038324 2.246322 0.038324
v 0.035528 2.250071 -0.035528
v 0.038324 2.246322 -0.038324
v -0.038324 2.246322 -0.038324
v -0.035528 2.250071 -0.035528
v -0.038324 2.246322 0.038324
v -0.035528 2.250071 0.035528
v -0.061037 0.000064 -0.026066
v -0.065338 0.000061 0.000000
v -0.061037 0.000064 0.026066
v 0.026066 0.000064 -0.061037
v 0.000000 0.000061 -0.065338
v -0.026066 0.000064 -0.061037
v 0.061037 0.000064 0.026066
v 0.065338 0.000061 0.000000
v 0.061037 0.000064 -0.026066
v -0.026066 0.000064 0.061037
v 0.000000 0.000061 0.065338
v 0.026066 0.000064 0.061037
v 0.048700 0.000072 0.048700
v 0.048700 0.000072 -0.048700
v -0.048700 0.000072 -0.048700
v -0.048700 0.000072 0.048700
v -0.055898 1.100065 -0.023871
v -0.061037 1.094568 -0.026066
v -0.065338 1.094564 0.000000
v -0.059834 1.100062 0.000000
v -0.055898 1.100065 0.023871
v -0.061037 1.094568 0.026066
v 0.023871 1.100065 -0.055898
v 0.026066 1.094568 -0.061037
v 0.000000 1.094564 -0.065338
v 0.000000 1.100062 -0.059834
v -0.023871 1.100065 -0.055898
v -0.026066 1.094568 -0.061037
v 0.061037 1.094568 0.026066
v 0.055898 1.100065 0.023871
v 0.059834 1.100062 0.000000
v 0.065338 1.094564 0.000000
v 0.061037 1.094568 -0.026066
v 0.055898 1.100065 -0.023871
v -0.026066 1.094568 0.061037
v -0.023871 1.100065 0.055898
v 0.000000 1.094564 0.065338
v 0.000000 1.100062 0.059834
v 0.023871 1.100065 0.055898
v 0.026066 1.094568 0.061037
v 0.044602 1.100072 0.044602
v 0.048700 1.094576 0.048700
v 0.044602 1.100072 -0.044602
v 0.048700 1.094576 -0.048700
v -0.048700 1.094576 -0.048700
v -0.044602 1.100072 -0.044602
v -0.048700 1.094576 0.048700
v -0.044602 1.100072 0.044602
v 0.000000 3.990000 0.100000
v 0.009755 3.990000 0.100961
v 0.019134 3.990000 0.103806
v 0.027779 3.990000 0.108427
v 0.035355 3.990000 0.114645
v 0.041573 3.990000 0.122222
v 0.046194 3.990000 0.130866
v 0.049039 3.990000 0.140245
v 0.050000 3.990000 0.150000
v 0.049039 3.990000 0.159755
v 0.046194 3.990000 0.169134
v 0.041573 3.990000 0.177779
v 0.035355 3.990000 0.185355
v 0.027779 3.990000 0.191574
v 0.019134 3.990000 0.196194
v 0.009755 3.990000 0.199039
v 0.000000 3.990000 0.200000
v -0.009755 3.990000 0.199039
v -0.019134 3.990000 0.196194
v -0.027779 3.990000 0.191574
v -0.035355 3.990000 0.185355
v -0.041573 3.990000 0.177779
v -0.046194 3.990000 0.169134
v -0.049039 3.990000 0.159755
v -0.050000 3.990000 0.150000
v -0.049039 3.990000 0.140245
v -0.046194 3.990000 0.130866
v -0.041573 3.990000 0.122222
v -0.035355 3.990000 0.114645
v -0.027779 3.990000 0.108427
v -0.019134 3.990000 0.103806
v -0.009755 3.990000 0.100961
v 0.000000 4.097168 0.110542
v 0.009755 4.096981 0.111484
v 0.019134 4.096426 0.114275
v 0.027779 4.095526 0.118807
v 0.035355 4.094314 0.124906
v 0.041573 4.092838 0.132337
v 0.046194 4.091154 0.140816
v 0.049039 4.089326 0.150016
v 0.050000 4.087425 0.159584
v 0.049039 4.085525 0.169151
v 0.046194 4.083697 0.178351
v 0.041573 4.082013 0.186830
v 0.035355 4.080536 0.194261
v 0.027779 4.079325 0.200360
v 0.019134 4.078424 0.204892
v 0.009755 4.077870 0.207683
v 0.000000 4.077682 0.208625
v -0.009755 4.077870 0.207683
v -0.019134 4.078424 0.204892
v -0.027779 4.079325 0.200360
v -0.035355 4.080536 0.194261
v -0.041573 4.082013 0.186830
v -0.046194 4.083697 0.178351
v -0.049039 4.085525 0.169151
v -0.050000 4.087425 0.159584
v -0.049039 4.089326 0.150016
v -0.046194 4.091154 0.140816
v -0.041573 4.092838 0.132337
v -0.035355 4.094314 0.124906
v -0.027779 4.095526 0.118807
v -0.019134 4.096426 0.114275
v -0.009755 4.096981 0.111484
v 0.000000 4.200227 0.141763
v 0.009755 4.199860 0.142651
v 0.019134 4.198772 0.145280
v 0.027779 4.197007 0.149550
v 0.035355 4.194630 0.155296
v 0.041573 4.191734 0.162298
v 0.046194 4.188429 0.170286
v 0.049039 4.184844 0.178953
v 0.050000 4.181116 0.187967
v 0.049039 4.177387 0.196981
v 0.046194 4.173802 0.205648
v 0.041573 4.170498 0.213636
v 0.035355 4.167602 0.220638
v 0.027779 4.165225 0.226383
v 0.019134 4.163459 0.230653
v 0.009755 4.162372 0.233282
v 0.000000 4.162004 0.234170
v -0.009755 4.162372 0.233282
v -0.019134 4.163459 0.230653
v -0.027779 4.165225 0.226383
v -0.035355 4.167602 0.220638
v -0.041573 4.170498 0.213636
v -0.046194 4.173802 0.205648
v -0.049039 4.177387 0.196981
v -0.050000 4.181116 0.187967
v -0.049039 4.184844 0.178953
v -0.046194 4.188429 0.170286
v -0.041573 4.191734 0.162298
v -0.035355 4.194630 0.155296
v -0.027779 4.197007 0.149550
v -0.019134 4.198772 0.145280
v -0.009755 4.199860 0.142651
v 0.000000 4.295228 0.192468
v 0.009755 4.294695 0.193267
v 0.019134 4.293116 0.195634
v 0.027779 4.290552 0.199478
v 0.035355 4.287101 0.204650
v 0.041573 4.282896 0.210953
v 0.046194 4.278099 0.218144
v 0.049039 4.272893 0.225947
v 0.050000 4.267480 0.234062
v 0.049039 4.262067 0.242176
v 0.046194 4.256861 0.249979
v 0.041573 4.252064 0.257170
v 0.035355 4.247859 0.263473
v 0.027779 4.244409 0.268646
v 0.019134 4.241844 0.272489
v 0.009755 4.240265 0.274856
v 0.000000 4.239732 0.275656
v -0.009755 4.240265 0.274856
v -0.019134 4.241844 0.272489
v -0.027779 4.244409 0.268646
v -0.035355 4.247859 0.263473
v -0.041573 4.252064 0.257170
v -0.046194 4.256861 0.249979
v -0.049039 4.262067 0.242176
v -0.050000 4.267480 0.234062
v -0.049039 4.272893 0.225947
v -0.046194 4.278099 0.218144
v -0.041573 4.282896 0.210953
v -0.035355 4.287101 0.204650
v -0.027779 4.290552 0.199478
v -0.019134 4.293116 0.195634
v -0.009755 4.294695 0.193267
v 0.000000 4.378528 0.260711
v 0.009755 4.377850 0.261391
v 0.019134 4.375840 0.263405
v 0.027779 4.372575 0.266675
v 0.035355 4.368183 0.271077
v 0.041573 4.362831 0.276440
v 0.046194 4.356724 0.282558
v 0.049039 4.350098 0.289197
v 0.050000 4.343207 0.296101
v 0.049039 4.336317 0.303005
v 0.046194 4.329691 0.309644
v 0.041573 4.323584 0.315763
v 0.035355 4.318232 0.321126
v 0.027779 4.313839 0.325527
v 0.019134 4.310575 0.328797
v 0.009755 4.308565 0.330811
v 0.000000 4.307887 0.331491
v -0.009755 4.308565 0.330811
v -0.019134 4.310575 0.328797
v -0.027779 4.313839 0.325527
v -0.035355 4.318232 0.321126
v -0.041573 4.323584 0.315763
v -0.046194 4.329691 0.309644
v -0.049039 4.336317 0.303005
v -0.050000 4.343207 0.296101
v -0.049039 4.350098 0.289197
v -0.046194 4.356724 0.282558
v -0.041573 4.362831 0.276440
v -0.035355 4.368183 0.271077
v -0.027779 4.372575 0.266675
v -0.019134 4.375840 0.263405
v -0.009755 4.377850 0.261391
v 0.000000 4.446934 0.343878
v 0.009755 4.446136 0.344412
v 0.019134 4.443772 0.345996
v 0.027779 4.439934 0.348568
v 0.035355 4.434768 0.352029
v 0.041573 4.428473 0.356246
v 0.046194 4.421291 0.361057
v 0.049039 4.413499 0.366278
v 0.050000 4.405395 0.371707
v 0.049039 4.397291 0.377136
v 0.046194 4.389498 0.382357
v 0.041573 4.382317 0.387168
v 0.035355 4.376022 0.391385
v 0.027779 4.370856 0.394846
v 0.019134 4.367017 0.397418
v 0.009755 4.364654 0.399002
v 0.000000 4.363855 0.399536
v -0.009755 4.364654 0.399002
v -0.019134 4.367017 0.397418
v -0.027779 4.370856 0.394846
v -0.035355 4.376022 0.391385
v -0.041573 4.382317 0.387168
v -0.046194 4.389498 0.382357
v -0.049039 4.397291 0.377136
v -0.050000 4.405395 0.371707
v -0.049039 4.413499 0.366278
v -0.046194 4.421291 0.361057
v -0.041573 4.428473 0.356246
v -0.035355 4.434768 0.352029
v -0.027779 4.439934 0.348568
v -0.019134 4.443772 0.345996
v -0.009755 4.446136 0.344412
v 0.000000 4.497825 0.438779
v 0.009755 4.496937 0.439148
v 0.019134 4.494310 0.440241
v 0.027779 4.490044 0.442015
v 0.035355 4.484303 0.444403
v 0.041573 4.477307 0.447313
v 0.046194 4.469326 0.450633
v 0.049039 4.460665 0.454235
v 0.050000 4.451658 0.457981
v 0.049039 4.442652 0.461727
v 0.046194 4.433991 0.465329
v 0.041573 4.426010 0.468649
v 0.035355 4.419014 0.471559
v 0.027779 4.413273 0.473947
v 0.019134 4.409007 0.475721
v 0.009755 4.406380 0.476814
v 0.000000 4.405493 0.477183
v -0.009755 4.406380 0.476814
v -0.019134 4.409007 0.475721
v -0.027779 4.413273 0.473947
v -0.035355 4.419014 0.471559
v -0.041573 4.426010 0.468649
v -0.046194 4.433991 0.465329
v -0.049039 4.442652 0.461727
v -0.050000 4.451658 0.457981
v -0.049039 4.460665 0.454235
v -0.046194 4.469326 0.450633
v -0.041573 4.477307 0.447313
v -0.035355 4.484303 0.444403
v -0.027779 4.490044 0.442015
v -0.019134 4.494310 0.440241
v -0.009755 4.496937 0.439148
v 0.000000 4.529248 0.541777
v 0.009755 4.528306 0.541966
v 0.019134 4.525516 0.542526
v 0.027779 4.520986 0.543435
v 0.035355 4.514889 0.544659
v 0.041573 4.507461 0.546150
v 0.046194 4.498985 0.547851
v 0.049039 4.489789 0.549696
v 0.050000 4.480225 0.551616
v 0.049039 4.470661 0.553535
v 0.046194 4.461465 0.555381
v 0.041573 4.452990 0.557082
v 0.035355 4.445561 0.558573
v 0.027779 4.439464 0.559796
v 0.019134 4.434934 0.560705
v 0.009755 4.432144 0.561265
v 0.000000 4.431202 0.561454
v -0.009755 4.432144 0.561265
v -0.019134 4.434934 0.560705
v -0.027779 4.439464 0.559796
v -0.035355 4.445561 0.558573
v -0.041573 4.452990 0.557082
v -0.046194 4.461465 0.555381
v -0.049039 4.470661 0.553535
v -0.050000 4.480225 0.551616
v -0.049039 4.489789 0.549696
v -0.046194 4.498985 0.547851
v -0.041573 4.507461 0.546150
v -0.035355 4.514889 0.544659
v -0.027779 4.520986 0.543435
v -0.019134 4.525516 0.542526
v -0.009755 4.528306 0.541966
v 0.000000 4.539999 0.648924
v 0.009755 4.539038 0.648926
v 0.019134 4.536193 0.648932
v 0.027779 4.531572 0.648941
v 0.035355 4.525354 0.648953
v 0.041573 4.517777 0.648968
v 0.046194 4.509133 0.648985
v 0.049039 4.499753 0.649003
v 0.050000 4.489999 0.649022
v 0.049039 4.480245 0.649041
v 0.046194 4.470865 0.649060
v 0.041573 4.462221 0.649076
v 0.035355 4.454644 0.649091
v 0.027779 4.448426 0.649104
v 0.019134 4.443805 0.649113
v 0.009755 4.440960 0.649118
v 0.000000 4.440000 0.649120
v -0.009755 4.440960 0.649118
v -0.019134 4.443805 0.649113
v -0.027779 4.448426 0.649104
v -0.035355 4.454644 0.649091
v -0.041573 4.462221 0.649076
v -0.046194 4.470865 0.649060
v -0.049039 4.480245 0.649041
v -0.050000 4.489999 0.649022
v -0.049039 4.499753 0.649003
v -0.046194 4.509133 0.648985
v -0.041573 4.517777 0.648968
v -0.035355 4.525354 0.648953
v -0.027779 4.531572 0.648941
v -0.019134 4.536193 0.648932
v -0.009755 4.539038 0.648926
v 0.000000 4.529667 0.756113
v 0.009755 4.528724 0.755927
v 0.019134 4.525932 0.755378
v 0.027779 4.521399 0.754487
v 0.035355 4.515297 0.753287
v 0.041573 4.507863 0.751825
v 0.046194 4.499381 0.750158
v 0.049039 4.490178 0.748348
v 0.050000 4.480606 0.746466
v 0.049039 4.471035 0.744584
v 0.046194 4.461831 0.742774
v 0.041573 4.453350 0.741107
v 0.035355 4.445915 0.739645
v 0.027779 4.439814 0.738445
v 0.019134 4.435280 0.737554
v 0.009755 4.432488 0.737005
v 0.000000 4.431546 0.736819
v -0.009755 4.432488 0.737005
v -0.019134 4.435280 0.737554
v -0.027779 4.439814 0.738445
v -0.035355 4.445915 0.739645
v -0.041573 4.453350 0.741107
v -0.046194 4.461831 0.742774
v -0.049039 4.471035 0.744584
v -0.050000 4.480606 0.746466
v -0.049039 4.490178 0.748348
v -0.046194 4.499381 0.750158
v -0.041573 4.507863 0.751825
v -0.035355 4.515297 0.753287
v -0.027779 4.521399 0.754487
v -0.019134 4.525932 0.755378
v -0.009755 4.528724 0.755927
v 0.000000 4.498647 0.859233
v 0.009755 4.497759 0.858868
v 0.019134 4.495127 0.857785
v 0.027779 4.490854 0.856027
v 0.035355 4.485103 0.853662
v 0.041573 4.478096 0.850780
v 0.046194 4.470102 0.847491
v 0.049039 4.461428 0.843923
v 0.050000 4.452406 0.840212
v 0.049039 4.443385 0.836501
v 0.046194 4.434711 0.832933
v 0.041573 4.426716 0.829644
v 0.035355 4.419709 0.826762
v 0.027779 4.413959 0.824396
v 0.019134 4.409686 0.822639
v 0.009755 4.407054 0.821556
v 0.000000 4.406166 0.821191
v -0.009755 4.407054 0.821556
v -0.019134 4.409686 0.822639
v -0.027779 4.413959 0.824396
v -0.035355 4.419709 0.826762
v -0.041573 4.426716 0.829644
v -0.046194 4.434711 0.832933
v -0.049039 4.443385 0.836501
v -0.050000 4.452406 0.840212
v -0.049039 4.461428 0.843923
v -0.046194 4.470102 0.847491
v -0.041573 4.478096 0.850780
v -0.035355 4.485103 0.853662
v -0.027779 4.490854 0.856027
v -0.019134 4.495127 0.857785
v -0.009755 4.497759 0.858868
v 0.000000 4.448129 0.954333
v 0.009755 4.447329 0.953801
v 0.019134 4.444959 0.952227
v 0.027779 4.441110 0.949670
v 0.035355 4.435930 0.946229
v 0.041573 4.429619 0.942037
v 0.046194 4.422419 0.937254
v 0.049039 4.414606 0.932064
v 0.050000 4.406480 0.926666
v 0.049039 4.398355 0.921269
v 0.046194 4.390543 0.916079
v 0.041573 4.383342 0.911296
v 0.035355 4.377031 0.907103
v 0.027779 4.371851 0.903662
v 0.019134 4.368003 0.901106
v 0.009755 4.365633 0.899531
v 0.000000 4.364833 0.899000
v -0.009755 4.365633 0.899531
v -0.019134 4.368003 0.901106
v -0.027779 4.371851 0.903662
v -0.035355 4.377031 0.907103
v -0.041573 4.383342 0.911296
v -0.046194 4.390543 0.916079
v -0.049039 4.398355 0.921269
v -0.050000 4.406480 0.926666
v -0.049039 4.414606 0.932064
v -0.046194 4.422419 0.937254
v -0.041573 4.429619 0.942037
v -0.035355 4.435930 0.946229
v -0.027779 4.441110 0.949670
v -0.019134 4.444959 0.952227
v -0.009755 4.447329 0.953801
v 0.000000 4.380048 1.037766
v 0.009755 4.379367 1.037089
v 0.019134 4.377349 1.035083
v 0.027779 4.374073 1.031826
v 0.035355 4.369662 1.027441
v 0.041573 4.364289 1.022100
v 0.046194 4.358159 1.016005
v 0.049039 4.351507 1.009392
v 0.050000 4.344589 1.002515
v 0.049039 4.337672 0.995638
v 0.046194 4.331020 0.989025
v 0.041573 4.324890 0.982930
v 0.035355 4.319516 0.977588
v 0.027779 4.315106 0.973204
v 0.019134 4.311830 0.969947
v 0.009755 4.309812 0.967941
v 0.000000 4.309131 0.967263
v -0.009755 4.309812 0.967941
v -0.019134 4.311830 0.969947
v -0.027779 4.315106 0.973204
v -0.035355 4.319516 0.977588
v -0.041573 4.324890 0.982930
v -0.046194 4.331020 0.989025
v -0.049039 4.337672 0.995638
v -0.050000 4.344589 1.002515
v -0.049039 4.351507 1.009392
v -0.046194 4.358159 1.016005
v -0.041573 4.364289 1.022100
v -0.035355 4.369662 1.027441
v -0.027779 4.374073 1.031826
v -0.019134 4.377349 1.035083
v -0.009755 4.379367 1.037089
v 0.000000 4.297016 1.106335
v 0.009755 4.296480 1.105538
v 0.019134 4.294891 1.103177
v 0.027779 4.292312 1.099344
v 0.035355 4.288841 1.094184
v 0.041573 4.284612 1.087898
v 0.046194 4.279786 1.080726
v 0.049039 4.274550 1.072943
v 0.050000 4.269105 1.064850
v 0.049039 4.263660 1.056757
v 0.046194 4.258424 1.048974
v 0.041573 4.253599 1.041802
v 0.035355 4.249370 1.035516
v 0.027779 4.245898 1.030357
v 0.019134 4.243320 1.026523
v 0.009755 4.241731 1.024162
v 0.000000 4.241195 1.023365
v -0.009755 4.241731 1.024162
v -0.019134 4.243320 1.026523
v -0.027779 4.245898 1.030357
v -0.035355 4.249370 1.035516
v -0.041573 4.253599 1.041802
v -0.046194 4.258424 1.048974
v -0.049039 4.263660 1.056757
v -0.050000 4.269105 1.064850
v -0.049039 4.274550 1.072943
v -0.046194 4.279786 1.080726
v -0.041573 4.284612 1.087898
v -0.035355 4.288841 1.094184
v -0.027779 4.292312 1.099344
v -0.019134 4.294891 1.103177
v -0.009755 4.296480 1.105538
v 0.000000 4.202214 1.157411
v 0.009755 4.201844 1.156525
v 0.019134 4.200746 1.153900
v 0.027779 4.198963 1.149637
v 0.035355 4.196564 1.143900
v 0.041573 4.193640 1.136910
v 0.046194 4.190305 1.128935
v 0.049039 4.186686 1.120282
v 0.050000 4.182922 1.111282
v 0.049039 4.179158 1.102283
v 0.046194 4.175539 1.093630
v 0.041573 4.172204 1.085655
v 0.035355 4.169281 1.078665
v 0.027779 4.166881 1.072928
v 0.019134 4.165098 1.068666
v 0.009755 4.164001 1.066041
v 0.000000 4.163630 1.065155
v -0.009755 4.164001 1.066041
v -0.019134 4.165098 1.068666
v -0.027779 4.166881 1.072928
v -0.035355 4.169281 1.078665
v -0.041573 4.172204 1.085655
v -0.046194 4.175539 1.093630
v -0.049039 4.179158 1.102283
v -0.050000 4.182922 1.111282
v -0.049039 4.186686 1.120282
v -0.046194 4.190305 1.128935
v -0.041573 4.193640 1.136910
v -0.035355 4.196564 1.143900
v -0.027779 4.198963 1.149637
v -0.019134 4.200746 1.153900
v -0.009755 4.201844 1.156525
v 0.000000 4.099277 1.189036
v 0.009755 4.099087 1.188094
v 0.019134 4.098521 1.185305
v 0.027779 4.097603 1.180777
v 0.035355 4.096368 1.174682
v 0.041573 4.094862 1.167257
v 0.046194 4.093145 1.158785
v 0.049039 4.091281 1.149592
v 0.050000 4.089343 1.140032
v 0.049039 4.087405 1.130472
v 0.046194 4.085541 1.121279
v 0.041573 4.083824 1.112808
v 0.035355 4.082319 1.105382
v 0.027779 4.081083 1.099288
v 0.019134 4.080165 1.094759
v 0.009755 4.079600 1.091971
v 0.000000 4.079409 1.091029
v -0.009755 4.079600 1.091971
v -0.019134 4.080165 1.094759
v -0.027779 4.081083 1.099288
v -0.035355 4.082319 1.105382
v -0.041573 4.083824 1.112808
v -0.046194 4.085541 1.121279
v -0.049039 4.087405 1.130472
v -0.050000 4.089343 1.140032
v -0.049039 4.091281 1.149592
v -0.046194 4.093145 1.158785
v -0.041573 4.094862 1.167257
v -0.035355 4.096368 1.174682
v -0.027779 4.097603 1.180777
v -0.019134 4.098521 1.185305
v -0.009755 4.099087 1.188094
v 0.000000 3.992152 1.199997
v 0.009755 3.992148 1.199036
v 0.019134 3.992137 1.196191
v 0.027779 3.992119 1.191570
v 0.035355 3.992095 1.185352
v 0.041573 3.992064 1.177776
v 0.046194 3.992031 1.169131
v 0.049039 3.991994 1.159751
v 0.050000 3.991956 1.149997
v 0.049039 3.991918 1.140242
v 0.046194 3.991881 1.130862
v 0.041573 3.991847 1.122219
v 0.035355 3.991818 1.114642
v 0.027779 3.991793 1.108424
v 0.019134 3.991775 1.103803
v 0.009755 3.991764 1.100958
v 0.000000 3.991760 1.099997
v -0.009755 3.991764 1.100958
v -0.019134 3.991775 1.103803
v -0.027779 3.991793 1.108424
v -0.035355 3.991818 1.114642
v -0.041573 3.991847 1.122219
v -0.046194 3.991881 1.130862
v -0.049039 3.991918 1.140242
v -0.050000 3.991956 1.149997
v -0.049039 3.991994 1.159751
v -0.046194 3.992031 1.169131
v -0.041573 3.992064 1.177776
v -0.035355 3.992095 1.185352
v -0.027779 3.992119 1.191570
v -0.019134 3.992137 1.196191
v -0.009755 3.992148 1.199036
v -0.000000 3.942152 1.200192
v 0.009755 3.942148 1.199232
v 0.019134 3.942137 1.196386
v 0.027779 3.942119 1.191766
v 0.035355 3.942095 1.185547
v 0.041573 3.942065 1.177971
v 0.046194 3.942031 1.169327
v 0.049039 3.941995 1.159947
v 0.050000 3.941957 1.150192
v 0.049039 3.941918 1.140438
v 0.046194 3.941882 1.131058
v 0.041573 3.941848 1.122414
v 0.035355 3.941818 1.114838
v 0.027779 3.941793 1.108619
v 0.019134 3.941776 1.103999
v 0.009755 3.941765 1.101154
v -0.000000 3.941761 1.100193
v -0.009755 3.941765 1.101154
v -0.019134 3.941776 1.103999
v -0.027779 3.941793 1.108619
v -0.035355 3.941818 1.114838
v -0.041574 3.941848 1.122414
v -0.046194 3.941882 1.131058
v -0.049039 3.941918 1.140438
v -0.050000 3.941957 1.150192
v -0.049039 3.941995 1.159947
v -0.046194 3.942031 1.169327
v -0.041574 3.942065 1.177971
v -0.035355 3.942095 1.185547
v -0.027779 3.942119 1.191766
v -0.019134 3.942137 1.196386
v -0.009755 3.942148 1.199232
v -0.000000 3.917348 1.250388
v 0.019509 3.917341 1.248466
v 0.038268 3.917318 1.242776
v 0.055557 3.917282 1.233535
v 0.070711 3.917233 1.221098
v 0.083147 3.917174 1.205945
v 0.092388 3.917107 1.188656
v 0.098079 3.917033 1.169897
v 0.100000 3.916957 1.150388
v 0.098079 3.916880 1.130879
v 0.092388 3.916807 1.112119
v 0.083147 3.916739 1.094831
v 0.070711 3.916680 1.079678
v 0.055557 3.916631 1.067242
v 0.038268 3.916595 1.058001
v 0.019509 3.916573 1.052311
v -0.000000 3.916566 1.050389
v -0.019509 3.916573 1.052311
v -0.038268 3.916595 1.058001
v -0.055557 3.916631 1.067242
v -0.070711 3.916680 1.079678
v -0.083147 3.916739 1.094831
v -0.092388 3.916807 1.112119
v -0.098079 3.916880 1.130879
v -0.100000 3.916957 1.150388
v -0.098079 3.917033 1.169897
v -0.092388 3.917107 1.188656
v -0.083147 3.917174 1.205945
v -0.070711 3.917233 1.221098
v -0.055557 3.917282 1.233535
v -0.038268 3.917318 1.242776
v -0.019509 3.917341 1.248466
v -0.000000 3.742842 1.377137
v 0.044046 3.742825 1.372799
v 0.086399 3.742774 1.359951
v 0.125432 3.742693 1.339088
v 0.159645 3.742584 1.311009
v 0.187723 3.742449 1.276799
v 0.208586 3.742297 1.237765
v 0.221434 3.742132 1.195411
v 0.225772 3.741959 1.151366
v 0.221434 3.741786 1.107319
v 0.208586 3.741621 1.064966
v 0.187723 3.741467 1.025935
v 0.159645 3.741335 0.991722
v 0.125432 3.741223 0.963646
v 0.086399 3.741142 0.942783
v 0.044046 3.741093 0.929934
v -0.000000 3.741076 0.925596
v -0.044046 3.741093 0.929934
v -0.086399 3.741142 0.942783
v -0.125432 3.741223 0.963646
v -0.159645 3.741335 0.991722
v -0.187723 3.741467 1.025935
v -0.208586 3.741621 1.064966
v -0.221434 3.741786 1.107319
v -0.225772 3.741959 1.151366
v -0.221434 3.742132 1.195411
v -0.208586 3.742297 1.237765
v -0.187723 3.742449 1.276799
v -0.159645 3.742584 1.311009
v -0.125432 3.742693 1.339088
v -0.086399 3.742774 1.359951
v -0.044046 3.742825 1.372799
v 0.046822 3.742880 1.386753
v -0.000000 3.742898 1.391365
v 0.091844 3.742826 1.373096
v 0.133337 3.742740 1.350918
v 0.169706 3.742623 1.321070
v 0.199553 3.742480 1.284704
v 0.221731 3.742318 1.243209
v 0.235389 3.742143 1.198187
v 0.240000 3.741959 1.151366
v 0.235389 3.741775 1.104544
v 0.221731 3.741599 1.059521
v 0.199553 3.741436 1.018030
v 0.169706 3.741295 0.981662
v 0.133337 3.741177 0.951815
v 0.091844 3.741091 0.929638
v 0.046822 3.741039 0.915980
v -0.000000 3.741020 0.911368
v -0.046822 3.741039 0.915980
v -0.091844 3.741091 0.929638
v -0.133337 3.741177 0.951815
v -0.169706 3.741295 0.981662
v -0.199553 3.741436 1.018030
v -0.221731 3.741599 1.059521
v -0.235389 3.741775 1.104544
v -0.240000 3.741959 1.151366
v -0.235389 3.742143 1.198187
v -0.221731 3.742318 1.243209
v -0.199553 3.742480 1.284704
v -0.169706 3.742623 1.321070
v -0.133337 3.742740 1.350918
v -0.091844 3.742826 1.373096
v -0.046822 3.742880 1.386753
v 0.029683 3.758869 1.300526
v -0.000000 3.758881 1.303450
v 0.058225 3.758835 1.291868
v 0.084529 3.758780 1.277808
v 0.107585 3.758707 1.258886
v 0.126507 3.758615 1.235832
v 0.140567 3.758513 1.209526
v 0.149225 3.758402 1.180984
v 0.152148 3.758286 1.151302
v 0.149225 3.758169 1.121619
v 0.140567 3.758058 1.093077
v 0.126507 3.757954 1.066774
v 0.107585 3.757865 1.043718
v 0.084529 3.757790 1.024797
v 0.058225 3.757735 1.010737
v 0.029683 3.757702 1.002079
v -0.000000 3.757690 0.999156
v -0.029683 3.757702 1.002079
v -0.058225 3.757735 1.010737
v -0.084529 3.757790 1.024797
v -0.107585 3.757865 1.043718
v -0.126507 3.757954 1.066774
v -0.140567 3.758058 1.093077
v -0.149225 3.758169 1.121619
v -0.152148 3.758286 1.151302
v -0.149225 3.758402 1.180984
v -0.140567 3.758513 1.209526
v -0.126507 3.758615 1.235832
v -0.107585 3.758707 1.258886
v -0.084529 3.758780 1.277808
v -0.058225 3.758835 1.291868
v -0.029683 3.758869 1.300526
v 0.000000 2.990000 0.108352
v 0.000000 2.998312 0.100000
v 0.008125 2.990000 0.109152
v 0.009755 2.998312 0.100961
v 0.015938 2.990000 0.111522
v 0.019134 2.998312 0.103806
v 0.023139 2.990000 0.115371
v 0.027779 2.998312 0.108427
v 0.029450 2.990000 0.120550
v 0.035355 2.998312 0.114645
v 0.034629 2.990000 0.126861
v 0.041573 2.998312 0.122222
v 0.038478 2.990000 0.134062
v 0.046194 2.998312 0.130866
v 0.040848 2.990000 0.141875
v 0.049039 2.998312 0.140245
v 0.041648 2.990000 0.150000
v 0.050000 2.998312 0.150000
v 0.040848 2.990000 0.158125
v 0.049039 2.998312 0.159755
v 0.038478 2.990000 0.165938
v 0.046194 2.998312 0.169134
v 0.034629 2.990000 0.173139
v 0.041573 2.998312 0.177779
v 0.029450 2.990000 0.179450
v 0.035355 2.998312 0.185355
v 0.023139 2.990000 0.184629
v 0.027779 2.998312 0.191574
v 0.015938 2.990000 0.188478
v 0.019134 2.998312 0.196194
v 0.008125 2.990000 0.190848
v 0.009755 2.998312 0.199039
v 0.000000 2.990000 0.191648
v 0.000000 2.998312 0.200000
v -0.008125 2.990000 0.190848
v -0.009755 2.998312 0.199039
v -0.015938 2.990000 0.188478
v -0.019134 2.998312 0.196194
v -0.023139 2.990000 0.184629
v -0.027779 2.998312 0.191574
v -0.029450 2.990000 0.179450
v -0.035355 2.998312 0.185355
v -0.034629 2.990000 0.173139
v -0.041573 2.998312 0.177779
v -0.038478 2.990000 0.165938
v -0.046194 2.998312 0.169134
v -0.040848 2.990000 0.158125
v -0.049039 2.998312 0.159755
v -0.041648 2.990000 0.150000
v -0.050000 2.998312 0.150000
v -0.040848 2.990000 0.141875
v -0.049039 2.998312 0.140245
v -0.038478 2.990000 0.134062
v -0.046194 2.998312 0.130866
v -0.034629 2.990000 0.126861
v -0.041573 2.998312 0.122222
v -0.029450 2.990000 0.120550
v -0.035355 2.998312 0.114645
v -0.023139 2.990000 0.115371
v -0.027779 2.998312 0.108427
v -0.015938 2.990000 0.111522
v -0.019134 2.998312 0.103806
v -0.008125 2.990000 0.109152
v -0.009755 2.998312 0.100961
v -0.000000 3.772711 1.386635
v -0.000000 3.761301 1.391221
v 0.046822 3.761283 1.386609
v 0.045942 3.772693 1.382110
v 0.091844 3.761229 1.372952
v 0.090118 3.772640 1.368710
v 0.133337 3.761143 1.350774
v 0.130832 3.772556 1.346947
v 0.169706 3.761026 1.320926
v 0.166517 3.772442 1.317660
v 0.199553 3.760883 1.284560
v 0.195803 3.772301 1.281978
v 0.221731 3.760722 1.243065
v 0.217564 3.772144 1.241263
v 0.235389 3.760546 1.198043
v 0.230965 3.771971 1.197086
v 0.240000 3.760362 1.151222
v 0.235489 3.771792 1.151145
v 0.235389 3.760178 1.104400
v 0.230964 3.771612 1.105203
v 0.221731 3.760003 1.059377
v 0.217563 3.771440 1.061027
v 0.199553 3.759840 1.017886
v 0.195801 3.771280 1.020316
v 0.169706 3.759699 0.981518
v 0.166515 3.771142 0.984631
v 0.133337 3.759580 0.951671
v 0.130830 3.771026 0.955347
v 0.091844 3.759494 0.929494
v 0.090117 3.770942 0.933586
v 0.046822 3.759442 0.915836
v 0.045941 3.770891 0.920185
v -0.000000 3.759423 0.911224
v -0.000000 3.770873 0.915660
v -0.046822 3.759442 0.915836
v -0.045941 3.770891 0.920185
v -0.091844 3.759494 0.929494
v -0.090117 3.770942 0.933586
v -0.133337 3.759580 0.951671
v -0.130830 3.771026 0.955347
v -0.169706 3.759699 0.981518
v -0.166515 3.771142 0.984631
v -0.199553 3.759840 1.017886
v -0.195801 3.771280 1.020316
v -0.221731 3.760003 1.059377
v -0.217563 3.771440 1.061027
v -0.235389 3.760178 1.104400
v -0.230964 3.771612 1.105203
v -0.240000 3.760362 1.151222
v -0.235489 3.771792 1.151145
v -0.235389 3.760546 1.198043
v -0.230965 3.771971 1.197086
v -0.221731 3.760722 1.243065
v -0.217564 3.772144 1.241263
v -0.199553 3.760883 1.284560
v -0.195803 3.772301 1.281978
v -0.169706 3.761026 1.320926
v -0.166517 3.772442 1.317660
v -0.133337 3.761143 1.350774
v -0.130832 3.772556 1.346947
v -0.091844 3.761229 1.372952
v -0.090119 3.772640 1.368710
v -0.046822 3.761283 1.386609
v -0.045942 3.772693 1.382110
v -0.000000 3.942307 1.239707
v -0.000000 3.931914 1.250274
v 0.019509 3.931906 1.248352
v 0.017464 3.942300 1.237987
v 0.038268 3.931884 1.242662
v 0.034256 3.942280 1.232893
v 0.055557 3.931848 1.233421
v 0.049732 3.942248 1.224621
v 0.070711 3.931799 1.220984
v 0.063297 3.942204 1.213488
v 0.083147 3.931739 1.205832
v 0.074429 3.942151 1.199925
v 0.092388 3.931672 1.188542
v 0.082701 3.942091 1.184448
v 0.098079 3.931599 1.169783
v 0.087795 3.942025 1.167656
v 0.100000 3.931522 1.150274
v 0.089515 3.941957 1.150192
v 0.098079 3.931446 1.130765
v 0.087795 3.941888 1.132729
v 0.092388 3.931372 1.112005
v 0.082701 3.941822 1.115936
v 0.083147 3.931305 1.094718
v 0.074429 3.941761 1.100461
v 0.070711 3.931246 1.079564
v 0.063297 3.941709 1.086896
v 0.055557 3.931196 1.067128
v 0.049732 3.941665 1.075764
v 0.038268 3.931161 1.057887
v 0.034256 3.941633 1.067492
v 0.019509 3.931139 1.052197
v 0.017464 3.941613 1.062398
v -0.000000 3.931131 1.050275
v -0.000000 3.941606 1.060678
v -0.019509 3.931139 1.052197
v -0.017464 3.941613 1.062398
v -0.038268 3.931161 1.057887
v -0.034256 3.941633 1.067492
v -0.055557 3.931196 1.067128
v -0.049732 3.941665 1.075764
v -0.070711 3.931246 1.079564
v -0.063297 3.941709 1.086896
v -0.083147 3.931305 1.094718
v -0.074429 3.941761 1.100461
v -0.092388 3.931372 1.112005
v -0.082701 3.941822 1.115936
v -0.098079 3.931446 1.130765
v -0.087795 3.941888 1.132729
v -0.100000 3.931522 1.150274
v -0.089515 3.941957 1.150192
v -0.098079 3.931599 1.169783
v -0.087795 3.942025 1.167656
v -0.092388 3.931672 1.188542
v -0.082701 3.942091 1.184448
v -0.083147 3.931739 1.205832
v -0.074429 3.942151 1.199925
v -0.070711 3.931799 1.220984
v -0.063297 3.942204 1.213488
v -0.055557 3.931848 1.233421
v -0.049732 3.942248 1.224621
v -0.038268 3.931884 1.242662
v -0.034256 3.942280 1.232893
v -0.019509 3.931906 1.248352
v -0.017464 3.942300 1.237987
v 0.000000 3.460000 1.050000
v 0.000000 3.760000 0.950000
v 0.019509 3.460000 1.051921
v 0.039018 3.760000 0.953843
v 0.038268 3.460000 1.057612
v 0.076537 3.760000 0.965224
v 0.055557 3.460000 1.066853
v 0.111114 3.760000 0.983706
v 0.070711 3.460000 1.079289
v 0.141421 3.760000 1.008579
v 0.083147 3.460000 1.094443
v 0.166294 3.760000 1.038886
v 0.092388 3.460000 1.111732
v 0.184776 3.760000 1.073463
v 0.098079 3.460000 1.130491
v 0.196157 3.760000 1.110982
v 0.100000 3.460000 1.150000
v 0.200000 3.760000 1.150000
v 0.098079 3.460000 1.169509
v 0.196157 3.760000 1.189018
v 0.092388 3.460000 1.188268
v 0.184776 3.760000 1.226537
v 0.083147 3.460000 1.205557
v 0.166294 3.760000 1.261114
v 0.070711 3.460000 1.220711
v 0.141421 3.760000 1.291421
v 0.055557 3.460000 1.233147
v 0.111114 3.760000 1.316294
v 0.038268 3.460000 1.242388
v 0.076537 3.760000 1.334776
v 0.019509 3.460000 1.248078
v 0.039018 3.760000 1.346157
v 0.000000 3.460000 1.250000
v 0.000000 3.760000 1.350000
v -0.019509 3.460000 1.248078
v -0.039018 3.760000 1.346157
v -0.038268 3.460000 1.242388
v -0.076537 3.760000 1.334776
v -0.055557 3.460000 1.233147
v -0.111114 3.760000 1.316294
v -0.070711 3.460000 1.220711
v -0.141421 3.760000 1.291421
v -0.083147 3.460000 1.205557
v -0.166294 3.760000 1.261114
v -0.092388 3.460000 1.188268
v -0.184776 3.760000 1.226537
v -0.098079 3.460000 1.169509
v -0.196157 3.760000 1.189018
v -0.100000 3.460000 1.150000
v -0.200000 3.760000 1.150000
v -0.098079 3.460000 1.130491
v -0.196157 3.760000 1.110982
v -0.092388 3.460000 1.111732
v -0.184776 3.760000 1.073463
v -0.083147 3.460000 1.094443
v -0.166294 3.760000 1.038886
v -0.070711 3.460000 1.079289
v -0.141421 3.760000 1.008579
v -0.055557 3.460000 1.066853
v -0.111114 3.760000 0.983706
v -0.038268 3.460000 1.057612
v -0.076537 3.760000 0.965224
v -0.019509 3.460000 1.051921
v -0.039018 3.760000 0.953843
v 0.000000 3.460000 1.044059
v 0.020668 3.460000 1.046094
v 0.040542 3.460000 1.052123
v 0.058858 3.460000 1.061913
v 0.074912 3.460000 1.075088
v 0.088087 3.460000 1.091142
v 0.097877 3.460000 1.109458
v 0.103906 3.460000 1.129332
v 0.105941 3.460000 1.150000
v 0.103906 3.460000 1.170668
v 0.097877 3.460000 1.190542
v 0.088087 3.460000 1.208858
v 0.074912 3.460000 1.224912
v 0.058858 3.460000 1.238087
v 0.040542 3.460000 1.247877
v 0.020668 3.460000 1.253906
v 0.000000 3.460000 1.255941
v -0.020668 3.460000 1.253906
v -0.040542 3.460000 1.247877
v -0.058858 3.460000 1.238087
v -0.074912 3.460000 1.224912
v -0.088087 3.460000 1.208858
v -0.097877 3.460000 1.190542
v -0.103906 3.460000 1.170668
v -0.105941 3.460000 1.150000
v -0.103906 3.460000 1.129332
v -0.097877 3.460000 1.109458
v -0.088087 3.460000 1.091142
v -0.074912 3.460000 1.075088
v -0.058858 3.460000 1.061913
v -0.040542 3.460000 1.052123
v -0.020668 3.460000 1.046094
v 0.000000 3.465000 1.037213
v 0.022004 3.465000 1.039380
v 0.043162 3.465000 1.045799
v 0.062661 3.465000 1.056221
v 0.079752 3.465000 1.070248
v 0.093779 3.465000 1.087339
v 0.104201 3.465000 1.106838
v 0.110620 3.465000 1.127996
v 0.112787 3.465000 1.150000
v 0.110620 3.465000 1.172004
v 0.104201 3.465000 1.193161
v 0.093779 3.465000 1.212661
v 0.079752 3.465000 1.229752
v 0.062661 3.465000 1.243779
v 0.043162 3.465000 1.254201
v 0.022004 3.465000 1.260619
v 0.000000 3.465000 1.262787
v -0.022004 3.465000 1.260619
v -0.043162 3.465000 1.254201
v -0.062661 3.465000 1.243779
v -0.079752 3.465000 1.229752
v -0.093779 3.465000 1.212661
v -0.104201 3.465000 1.193161
v -0.110620 3.465000 1.172004
v -0.112787 3.465000 1.150000
v -0.110620 3.465000 1.127996
v -0.104201 3.465000 1.106838
v -0.093779 3.465000 1.087339
v -0.079752 3.465000 1.070248
v -0.062661 3.465000 1.056221
v -0.043162 3.465000 1.045799
v -0.022004 3.465000 1.039380
v 0.000000 3.420000 1.081599
v 0.013344 3.420000 1.082913
v 0.026176 3.420000 1.086805
v 0.038002 3.420000 1.093126
v 0.048367 3.420000 1.101633
v 0.056874 3.420000 1.111998
v 0.063195 3.420000 1.123824
v 0.067087 3.420000 1.136655
v 0.068402 3.420000 1.150000
v 0.067087 3.420000 1.163344
v 0.063195 3.420000 1.176176
v 0.056874 3.420000 1.188002
v 0.048367 3.420000 1.198367
v 0.038002 3.420000 1.206874
v 0.026176 3.420000 1.213195
v 0.013344 3.420000 1.217087
v 0.000000 3.420000 1.218401
v -0.013344 3.420000 1.217087
v -0.026176 3.420000 1.213195
v -0.038002 3.420000 1.206874
v -0.048367 3.420000 1.198367
v -0.056874 3.420000 1.188002
v -0.063195 3.420000 1.176176
v -0.067087 3.420000 1.163344
v -0.068402 3.420000 1.150000
v -0.067087 3.420000 1.136655
v -0.063195 3.420000 1.123824
v -0.056874 3.420000 1.111998
v -0.048367 3.420000 1.101633
v -0.038002 3.420000 1.093126
v -0.026176 3.420000 1.086805
v -0.013344 3.420000 1.082913
v 0.000000 3.420000 1.112246
v 0.007365 3.420000 1.112971
v 0.014448 3.420000 1.115120
v 0.020975 3.420000 1.118608
v 0.026696 3.420000 1.123304
v 0.031391 3.420000 1.129025
v 0.034880 3.420000 1.135552
v 0.037029 3.420000 1.142635
v 0.037754 3.420000 1.150000
v 0.037029 3.420000 1.157365
v 0.034880 3.420000 1.164448
v 0.031391 3.420000 1.170975
v 0.026696 3.420000 1.176696
v 0.020975 3.420000 1.181391
v 0.014448 3.420000 1.184880
v 0.007365 3.420000 1.187029
v 0.000000 3.420000 1.187754
v -0.007365 3.420000 1.187029
v -0.014448 3.420000 1.184880
v -0.020975 3.420000 1.181391
v -0.026696 3.420000 1.176696
v -0.031391 3.420000 1.170975
v -0.034880 3.420000 1.164448
v -0.037029 3.420000 1.157365
v -0.037754 3.420000 1.150000
v -0.037029 3.420000 1.142635
v -0.034880 3.420000 1.135552
v -0.031391 3.420000 1.129025
v -0.026696 3.420000 1.123304
v -0.020975 3.420000 1.118608
v -0.014448 3.420000 1.115120
v -0.007365 3.420000 1.112971
v -0.000000 3.390000 1.128706
v 0.004154 3.390000 1.129116
v 0.008149 3.390000 1.130327
v 0.011830 3.390000 1.132295
v 0.015057 3.390000 1.134943
v 0.017705 3.390000 1.138170
v 0.019673 3.390000 1.141851
v 0.020884 3.390000 1.145846
v 0.021293 3.390000 1.150000
v 0.020884 3.390000 1.154154
v 0.019673 3.390000 1.158149
v 0.017705 3.390000 1.161830
v 0.015057 3.390000 1.165057
v 0.011830 3.390000 1.167705
v 0.008149 3.390000 1.169672
v 0.004154 3.390000 1.170884
v -0.000000 3.390000 1.171293
v -0.004154 3.390000 1.170884
v -0.008149 3.390000 1.169672
v -0.011830 3.390000 1.167705
v -0.015057 3.390000 1.165057
v -0.017705 3.390000 1.161830
v -0.019673 3.390000 1.158149
v -0.020884 3.390000 1.154154
v -0.021293 3.390000 1.150000
v -0.020884 3.390000 1.145846
v -0.019673 3.390000 1.141851
v -0.017705 3.390000 1.138170
v -0.015057 3.390000 1.134943
v -0.011830 3.390000 1.132295
v -0.008149 3.390000 1.130327
v -0.004154 3.390000 1.129116
v -0.030000 3.140000 0.125000
v -0.030000 3.240000 0.125000
v -0.033742 3.133763 0.025000
v -0.033742 3.246237 0.025000
v 0.030000 3.140000 0.125000
v 0.030000 3.240000 0.125000
v 0.033742 3.133763 0.025000
v 0.033742 3.246237 0.025000
v -0.030000 3.140000 0.075000
v -0.030000 3.240000 0.075000
v 0.030000 3.140000 0.075000
v 0.030000 3.240000 0.075000
v -0.031631 3.242718 0.041126
v -0.030299 3.240498 0.059078
v 0.030299 3.139502 0.059078
v 0.031631 3.137282 0.041126
v -0.030299 3.139502 0.059078
v -0.031631 3.137282 0.041126
v 0.031631 3.242718 0.041126
v 0.030299 3.240498 0.059078
v -0.010000 4.047630 0.796381
v -0.010000 4.460514 0.645167
v -0.010000 4.267575 0.853441
v -0.010000 3.974755 0.626428
v -0.010000 4.103595 0.526762
v -0.010000 4.233541 0.608244
v -0.010000 4.199998 0.716996
v -0.010000 4.229417 0.677146
v -0.010000 4.190549 0.549395
v -0.010000 4.019525 0.558038
v -0.010000 3.982584 0.706626
v -0.010000 4.149085 0.851504
v -0.010000 4.385637 0.788762
v -0.010000 4.061008 0.770766
v -0.010000 4.448421 0.591327
v -0.010000 4.259288 0.819169
v -0.010000 3.999359 0.631269
v -0.010000 4.105065 0.550116
v -0.010000 4.209661 0.616213
v -0.010000 4.187821 0.707944
v -0.010000 4.206641 0.671355
v -0.010000 4.174938 0.568089
v -0.010000 4.036882 0.575411
v -0.010000 4.006504 0.699036
v -0.010000 4.152721 0.818618
v -0.010000 4.358838 0.755761
v -0.010000 4.444547 0.715394
v -0.010000 4.420988 0.662552
v -0.010000 4.206476 0.860961
v -0.010000 4.456690 0.681264
v -0.010000 4.008887 0.752832
v -0.010000 3.991136 0.589662
v -0.010000 4.150093 0.531997
v -0.010000 4.236485 0.643824
v -0.010000 4.215312 0.702760
v -0.010000 4.218576 0.575720
v -0.010000 4.058351 0.536030
v -0.010000 3.971430 0.664834
v -0.010000 4.095365 0.829721
v -0.010000 4.330784 0.826296
v -0.010000 4.205349 0.826612
v -0.010000 4.437490 0.615607
v -0.010000 4.028153 0.735931
v -0.010000 4.013155 0.600909
v -0.010000 4.142435 0.554107
v -0.010000 4.212193 0.644783
v -0.010000 4.195941 0.692455
v -0.010000 4.197514 0.589665
v -0.010000 4.068574 0.557698
v -0.010000 3.996946 0.664015
v -0.010000 4.103549 0.799178
v -0.010000 4.312062 0.793828
v -0.010000 4.456730 0.607890
v -0.010000 4.372238 0.772261
v -0.010000 4.263432 0.836305
v -0.010000 4.150903 0.835061
v -0.010000 4.054319 0.783573
v -0.010000 3.994544 0.702831
v -0.010000 3.987057 0.628848
v -0.010000 4.028203 0.566724
v -0.010000 4.104330 0.538439
v -0.010000 4.182743 0.558742
v -0.010000 4.221601 0.612228
v -0.010000 4.218029 0.674250
v -0.010000 4.191977 0.714520
v -0.010000 4.422576 0.751051
v -0.010000 4.395227 0.711148
v -0.010000 4.432767 0.688973
v -0.010000 4.205147 0.698163
v -0.010000 4.224339 0.644304
v -0.010000 4.208045 0.582693
v -0.010000 4.146264 0.543052
v -0.010000 4.063463 0.546864
v -0.010000 4.002146 0.595286
v -0.010000 3.984188 0.664424
v -0.010000 4.018520 0.744382
v -0.010000 4.099457 0.814450
v -0.010000 4.205913 0.843787
v -0.010000 4.321423 0.810062
v -0.010000 4.408902 0.731099
v -0.010000 4.447347 0.647260
v 0.010000 4.047630 0.796381
v 0.010000 4.460514 0.645167
v 0.010000 4.267575 0.853441
v 0.010000 3.974755 0.626428
v 0.010000 4.103595 0.526762
v 0.010000 4.233541 0.608244
v 0.010000 4.199998 0.716996
v 0.010000 4.229417 0.677146
v 0.010000 4.190549 0.549395
v 0.010000 4.019525 0.558038
v 0.010000 3.982584 0.706626
v 0.010000 4.149085 0.851504
v 0.010000 4.385637 0.788762
v 0.010000 4.061008 0.770766
v 0.010000 4.448421 0.591327
v 0.010000 4.259288 0.819169
v 0.010000 3.999359 0.631269
v 0.010000 4.105065 0.550116
v 0.010000 4.209661 0.616213
v 0.010000 4.187821 0.707944
v 0.010000 4.206641 0.671355
v 0.010000 4.174938 0.568089
v 0.010000 4.036882 0.575411
v 0.010000 4.006504 0.699036
v 0.010000 4.152721 0.818618
v 0.010000 4.358838 0.755761
v 0.010000 4.444547 0.715394
v 0.010000 4.420988 0.662552
v 0.010000 4.206476 0.860961
v 0.010000 4.456690 0.681264
v 0.010000 4.008887 0.752832
v 0.010000 3.991136 0.589662
v 0.010000 4.150093 0.531997
v 0.010000 4.236485 0.643824
v 0.010000 4.215312 0.702760
v 0.010000 4.218576 0.575720
v 0.010000 4.058351 0.536030
v 0.010000 3.971430 0.664834
v 0.010000 4.095365 0.829721
v 0.010000 4.330784 0.826296
v 0.010000 4.205349 0.826612
v 0.010000 4.437490 0.615607
v 0.010000 4.028153 0.735931
v 0.010000 4.013155 0.600909
v 0.010000 4.142435 0.554107
v 0.010000 4.212193 0.644783
v 0.010000 4.195941 0.692455
v 0.010000 4.197514 0.589665
v 0.010000 4.068574 0.557698
v 0.010000 3.996946 0.664015
v 0.010000 4.103549 0.799178
v 0.010000 4.312062 0.793828
v 0.010000 4.456730 0.607890
v 0.010000 4.372238 0.772261
v 0.010000 4.263432 0.836305
v 0.010000 4.150903 0.835061
v 0.010000 4.054319 0.783573
v 0.010000 3.994544 0.702831
v 0.010000 3.987057 0.628848
v 0.010000 4.028203 0.566724
v 0.010000 4.104330 0.538439
v 0.010000 4.182743 0.558742
v 0.010000 4.221601 0.612228
v 0.010000 4.218029 0.674250
v 0.010000 4.191977 0.714520
v 0.010000 4.422576 0.751051
v 0.010000 4.395227 0.711148
v 0.010000 4.432767 0.688973
v 0.010000 4.205147 0.698163
v 0.010000 4.224339 0.644304
v 0.010000 4.208045 0.582693
v 0.010000 4.146264 0.543052
v 0.010000 4.063463 0.546864
v 0.010000 4.002146 0.595286
v 0.010000 3.984188 0.664424
v 0.010000 4.018520 0.744382
v 0.010000 4.099457 0.814450
v 0.010000 4.205913 0.843787
v 0.010000 4.321423 0.810062
v 0.010000 4.408902 0.731099
v 0.010000 4.447347 0.647260
v 0.005964 4.147840 0.862195
v 0.005964 4.072228 1.113304
v 0.005964 4.189494 0.991156
v 0.005964 4.044106 0.824741
v 0.005964 3.989266 0.904932
v 0.005964 4.042317 0.979455
v 0.005964 4.105896 0.955686
v 0.005964 4.083198 0.974594
v 0.005964 4.005778 0.955913
v 0.005964 4.004951 0.853785
v 0.005964 4.092129 0.826601
v 0.005964 4.184203 0.920675
v 0.005964 4.155108 1.063708
v 0.005964 4.133057 0.871055
v 0.005964 4.039750 1.107983
v 0.005964 4.168800 0.987418
v 0.005964 4.047849 0.839221
v 0.005964 4.003222 0.904992
v 0.005964 4.046228 0.964959
v 0.005964 4.100081 0.948752
v 0.005964 4.078954 0.961235
v 0.005964 4.016363 0.945965
v 0.005964 4.015901 0.863513
v 0.005964 4.088446 0.841108
v 0.005964 4.164751 0.923989
v 0.005964 4.134524 1.048904
v 0.005964 4.113482 1.101344
v 0.005964 4.081198 1.089163
v 0.005964 4.191838 0.954516
v 0.005964 4.093586 1.109766
v 0.005964 4.120559 0.840649
v 0.005964 4.022789 0.835778
v 0.005964 3.994007 0.932433
v 0.005964 4.063604 0.979966
v 0.005964 4.097955 0.965301
v 0.005964 4.022430 0.971681
v 0.005964 3.993204 0.877670
v 0.005964 4.066857 0.821420
v 0.005964 4.169358 0.889452
v 0.005964 4.175539 1.029738
v 0.005964 4.171348 0.955044
v 0.005964 4.053824 1.100627
v 0.005964 4.111169 0.852710
v 0.005964 4.030254 0.848495
v 0.005964 4.006903 0.927101
v 0.005964 4.063327 0.965469
v 0.005964 4.091143 0.954127
v 0.005964 4.029998 0.958654
v 0.005964 4.006462 0.883000
v 0.005964 4.067261 0.836641
v 0.005964 4.151459 0.895391
v 0.005964 4.155555 1.019725
v 0.005964 4.049901 1.112353
v 0.005964 4.144816 1.056306
v 0.005964 4.179147 0.989287
v 0.005964 4.174477 0.922332
v 0.005964 4.140449 0.866625
v 0.005964 4.090288 0.833855
v 0.005964 4.045978 0.831981
v 0.005964 4.010427 0.858649
v 0.005964 3.996244 0.904962
v 0.005964 4.011071 0.950939
v 0.005964 4.044273 0.972207
v 0.005964 4.081076 0.967914
v 0.005964 4.104965 0.950251
v 0.005964 4.133945 1.087018
v 0.005964 4.109232 1.072128
v 0.005964 4.097340 1.095253
v 0.005964 4.094863 0.959409
v 0.005964 4.063466 0.972717
v 0.005964 4.026214 0.965167
v 0.005964 4.000455 0.929767
v 0.005964 3.999833 0.880335
v 0.005964 4.026522 0.842137
v 0.005964 4.067059 0.829030
v 0.005964 4.115864 0.846679
v 0.005964 4.160408 0.892421
v 0.005964 4.181593 0.954780
v 0.005964 4.165547 1.024732
v 0.005964 4.121589 1.079573
v 0.005964 4.073014 1.105391
v -0.005964 4.147840 0.862195
v -0.005964 4.072228 1.113304
v -0.005964 4.189494 0.991156
v -0.005964 4.044106 0.824741
v -0.005964 3.989266 0.904932
v -0.005964 4.042317 0.979455
v -0.005964 4.105896 0.955686
v -0.005964 4.083198 0.974594
v -0.005964 4.005778 0.955913
v -0.005964 4.004951 0.853785
v -0.005964 4.092129 0.826601
v -0.005964 4.184203 0.920675
v -0.005964 4.155108 1.063708
v -0.005964 4.133057 0.871055
v -0.005964 4.039750 1.107983
v -0.005964 4.168800 0.987418
v -0.005964 4.047849 0.839221
v -0.005964 4.003222 0.904992
v -0.005964 4.046228 0.964959
v -0.005964 4.100081 0.948752
v -0.005964 4.078954 0.961235
v -0.005964 4.016363 0.945965
v -0.005964 4.015901 0.863513
v -0.005964 4.088446 0.841108
v -0.005964 4.164751 0.923989
v -0.005964 4.134524 1.048904
v -0.005964 4.113482 1.101344
v -0.005964 4.081198 1.089163
v -0.005964 4.191838 0.954516
v -0.005964 4.093586 1.109766
v -0.005964 4.120559 0.840649
v -0.005964 4.022789 0.835778
v -0.005964 3.994007 0.932433
v -0.005964 4.063604 0.979966
v -0.005964 4.097955 0.965301
v -0.005964 4.022430 0.971681
v -0.005964 3.993204 0.877670
v -0.005964 4.066857 0.821420
v -0.005964 4.169358 0.889452
v -0.005964 4.175539 1.029738
v -0.005964 4.171348 0.955044
v -0.005964 4.053824 1.100627
v -0.005964 4.111169 0.852710
v -0.005964 4.030254 0.848495
v -0.005964 4.006903 0.927101
v -0.005964 4.063327 0.965469
v -0.005964 4.091143 0.954127
v -0.005964 4.029998 0.958654
v -0.005964 4.006462 0.883000
v -0.005964 4.067261 0.836641
v -0.005964 4.151459 0.895391
v -0.005964 4.155555 1.019725
v -0.005964 4.049901 1.112353
v -0.005964 4.144816 1.056306
v -0.005964 4.179147 0.989287
v -0.005964 4.174477 0.922332
v -0.005964 4.140449 0.866625
v -0.005964 4.090288 0.833855
v -0.005964 4.045978 0.831981
v -0.005964 4.010427 0.858649
v -0.005964 3.996244 0.904962
v -0.005964 4.011071 0.950939
v -0.005964 4.044273 0.972207
v -0.005964 4.081076 0.967914
v -0.005964 4.104965 0.950251
v -0.005964 4.133945 1.087018
v -0.005964 4.109232 1.072128
v -0.005964 4.097340 1.095253
v -0.005964 4.094863 0.959409
v -0.005964 4.063466 0.972717
v -0.005964 4.026214 0.965167
v -0.005964 4.000455 0.929767
v -0.005964 3.999833 0.880335
v -0.005964 4.026522 0.842137
v -0.005964 4.067059 0.829030
v -0.005964 4.115864 0.846679
v -0.005964 4.160408 0.892421
v -0.005964 4.181593 0.954780
v -0.005964 4.165547 1.024732
v -0.005964 4.121589 1.079573
v -0.005964 4.073014 1.105391
v -0.009694 4.236357 0.597926
v -0.009694 4.227584 0.599671
v -0.009694 4.220147 0.604640
v -0.009694 4.215178 0.612077
v -0.009694 4.213433 0.620850
v -0.009694 4.215178 0.629622
v -0.009694 4.220147 0.637060
v -0.009694 4.227584 0.642029
v -0.009694 4.236357 0.643774
v -0.009694 4.245130 0.642029
v -0.009694 4.252566 0.637060
v -0.009694 4.257536 0.629622
v -0.009694 4.259281 0.620850
v -0.009694 4.257536 0.612077
v -0.009694 4.252566 0.604640
v -0.009694 4.245130 0.599671
v -0.000000 4.236357 0.595850
v 0.000000 4.226789 0.597753
v 0.000000 4.218679 0.603172
v 0.000000 4.213260 0.611283
v 0.000000 4.211357 0.620850
v 0.000000 4.213260 0.630417
v 0.000000 4.218679 0.638528
v 0.000000 4.226789 0.643947
v -0.000000 4.236357 0.645850
v -0.000000 4.245924 0.643947
v -0.000000 4.254035 0.638528
v -0.000000 4.259454 0.630417
v -0.000000 4.261357 0.620850
v -0.000000 4.259454 0.611283
v -0.000000 4.254035 0.603172
v -0.000000 4.245924 0.597753
v -0.009694 4.236357 0.595850
v -0.009694 4.226789 0.597753
v -0.009694 4.218679 0.603172
v -0.009694 4.213260 0.611283
v -0.009694 4.211357 0.620850
v -0.009694 4.213260 0.630417
v -0.009694 4.218679 0.638528
v -0.009694 4.226789 0.643947
v -0.009694 4.236357 0.645850
v -0.009694 4.245924 0.643947
v -0.009694 4.254035 0.638528
v -0.009694 4.259454 0.630417
v -0.009694 4.261357 0.620850
v -0.009694 4.259454 0.611283
v -0.009694 4.254035 0.603172
v -0.009694 4.245924 0.597753
v -0.006821 4.236357 0.607016
v -0.006821 4.231063 0.608069
v -0.006821 4.226575 0.611068
v -0.006821 4.223576 0.615556
v -0.006821 4.222523 0.620850
v -0.006821 4.223576 0.626144
v -0.006821 4.226575 0.630632
v -0.006821 4.231063 0.633631
v -0.006821 4.236357 0.634684
v -0.006821 4.241651 0.633631
v -0.006821 4.246139 0.630632
v -0.006821 4.249137 0.626144
v -0.006821 4.250191 0.620850
v -0.006821 4.249137 0.615556
v -0.006821 4.246139 0.611068
v -0.006821 4.241651 0.608069
v 0.009694 4.236357 0.597926
v 0.009694 4.227584 0.599671
v 0.009694 4.220147 0.604640
v 0.009694 4.215178 0.612077
v 0.009694 4.213433 0.620850
v 0.009694 4.215178 0.629622
v 0.009694 4.220147 0.637060
v 0.009694 4.227584 0.642029
v 0.009694 4.236357 0.643774
v 0.009694 4.245130 0.642029
v 0.009694 4.252566 0.637060
v 0.009694 4.257536 0.629622
v 0.009694 4.259281 0.620850
v 0.009694 4.257536 0.612077
v 0.009694 4.252566 0.604640
v 0.009694 4.245130 0.599671
v 0.009694 4.236357 0.595850
v 0.009694 4.226789 0.597753
v 0.009694 4.218679 0.603172
v 0.009694 4.213260 0.611283
v 0.009694 4.211357 0.620850
v 0.009694 4.213260 0.630417
v 0.009694 4.218679 0.638528
v 0.009694 4.226789 0.643947
v 0.009694 4.236357 0.645850
v 0.009694 4.245924 0.643947
v 0.009694 4.254035 0.638528
v 0.009694 4.259454 0.630417
v 0.009694 4.261357 0.620850
v 0.009694 4.259454 0.611283
v 0.009694 4.254035 0.603172
v 0.009694 4.245924 0.597753
v 0.006821 4.236357 0.607016
v 0.006821 4.231063 0.608069
v 0.006821 4.226575 0.611068
v 0.006821 4.223576 0.615556
v 0.006821 4.222523 0.620850
v 0.006821 4.223576 0.626144
v 0.006821 4.226575 0.630632
v 0.006821 4.231063 0.633631
v 0.006821 4.236357 0.634684
v 0.006821 4.241651 0.633631
v 0.006821 4.246139 0.630632
v 0.006821 4.249137 0.626144
v 0.006821 4.250191 0.620850
v 0.006821 4.249137 0.615556
v 0.006821 4.246139 0.611068
v 0.006821 4.241651 0.608069
v -0.009694 4.184371 0.672057
v -0.009694 4.175926 0.675006
v -0.009694 4.169254 0.680962
v -0.009694 4.165368 0.689019
v -0.009694 4.164862 0.697949
v -0.009694 4.167811 0.706393
v -0.009694 4.173768 0.713066
v -0.009694 4.181824 0.716951
v -0.009694 4.190754 0.717458
v -0.009694 4.199199 0.714508
v -0.009694 4.205871 0.708552
v -0.009694 4.209757 0.700495
v -0.009694 4.210263 0.691565
v -0.009694 4.207314 0.683121
v -0.009694 4.201357 0.676448
v -0.009694 4.193301 0.672563
v 0.000000 4.184082 0.670001
v 0.000000 4.174872 0.673217
v 0.000000 4.167595 0.679713
v 0.000000 4.163358 0.688499
v 0.000000 4.162806 0.698238
v 0.000000 4.166023 0.707447
v 0.000000 4.172518 0.714724
v 0.000000 4.181304 0.718961
v -0.000000 4.191043 0.719514
v -0.000000 4.200253 0.716297
v -0.000000 4.207530 0.709801
v -0.000000 4.211767 0.701015
v -0.000000 4.212319 0.691276
v -0.000000 4.209102 0.682067
v -0.000000 4.202607 0.674790
v -0.000000 4.193820 0.670553
v -0.009694 4.184082 0.670001
v -0.009694 4.174872 0.673217
v -0.009694 4.167595 0.679713
v -0.009694 4.163358 0.688499
v -0.009694 4.162806 0.698238
v -0.009694 4.166023 0.707447
v -0.009694 4.172518 0.714724
v -0.009694 4.181304 0.718961
v -0.009694 4.191043 0.719514
v -0.009694 4.200253 0.716297
v -0.009694 4.207530 0.709801
v -0.009694 4.211767 0.701015
v -0.009694 4.212319 0.691276
v -0.009694 4.209102 0.682067
v -0.009694 4.202607 0.674790
v -0.009694 4.193820 0.670553
v -0.006821 4.185636 0.681058
v -0.006821 4.180541 0.682838
v -0.006821 4.176514 0.686433
v -0.006821 4.174169 0.691294
v -0.006821 4.173863 0.696683
v -0.006821 4.175643 0.701779
v -0.006821 4.179238 0.705806
v -0.006821 4.184100 0.708151
v -0.006821 4.189489 0.708456
v -0.006821 4.194584 0.706676
v -0.006821 4.198611 0.703082
v -0.006821 4.200956 0.698220
v -0.006821 4.201262 0.692831
v -0.006821 4.199481 0.687735
v -0.006821 4.195887 0.683708
v -0.006821 4.191025 0.681364
v 0.009694 4.184371 0.672057
v 0.009694 4.175926 0.675006
v 0.009694 4.169254 0.680962
v 0.009694 4.165368 0.689019
v 0.009694 4.164862 0.697949
v 0.009694 4.167811 0.706393
v 0.009694 4.173768 0.713066
v 0.009694 4.181824 0.716951
v 0.009694 4.190754 0.717458
v 0.009694 4.199199 0.714508
v 0.009694 4.205871 0.708552
v 0.009694 4.209757 0.700495
v 0.009694 4.210263 0.691565
v 0.009694 4.207314 0.683121
v 0.009694 4.201357 0.676448
v 0.009694 4.193301 0.672563
v 0.009694 4.184082 0.670001
v 0.009694 4.174872 0.673217
v 0.009694 4.167595 0.679713
v 0.009694 4.163358 0.688499
v 0.009694 4.162806 0.698238
v 0.009694 4.166023 0.707447
v 0.009694 4.172518 0.714724
v 0.009694 4.181304 0.718961
v 0.009694 4.191043 0.719514
v 0.009694 4.200253 0.716297
v 0.009694 4.207530 0.709801
v 0.009694 4.211767 0.701015
v 0.009694 4.212319 0.691276
v 0.009694 4.209102 0.682067
v 0.009694 4.202607 0.674790
v 0.009694 4.193820 0.670553
v 0.006821 4.185636 0.681058
v 0.006821 4.180541 0.682838
v 0.006821 4.176514 0.686433
v 0.006821 4.174169 0.691294
v 0.006821 4.173863 0.696683
v 0.006821 4.175643 0.701779
v 0.006821 4.179238 0.705806
v 0.006821 4.184100 0.708151
v 0.006821 4.189489 0.708456
v 0.006821 4.194584 0.706676
v 0.006821 4.198611 0.703082
v 0.006821 4.200956 0.698220
v 0.006821 4.201262 0.692831
v 0.006821 4.199481 0.687735
v 0.006821 4.195887 0.683708
v 0.006821 4.191025 0.681364
v -0.009694 4.073481 0.508808
v -0.009694 4.064708 0.510553
v -0.009694 4.057271 0.515522
v -0.009694 4.052301 0.522959
v -0.009694 4.050557 0.531732
v -0.009694 4.052301 0.540505
v -0.009694 4.057271 0.547942
v -0.009694 4.064708 0.552911
v -0.009694 4.073481 0.554656
v -0.009694 4.082253 0.552911
v -0.009694 4.089690 0.547942
v -0.009694 4.094660 0.540505
v -0.009694 4.096405 0.531732
v -0.009694 4.094660 0.522959
v -0.009694 4.089690 0.515522
v -0.009694 4.082253 0.510553
v -0.000000 4.073481 0.506732
v 0.000000 4.063913 0.508635
v 0.000000 4.055803 0.514054
v 0.000000 4.050384 0.522165
v 0.000000 4.048481 0.531732
v 0.000000 4.050384 0.541299
v 0.000000 4.055803 0.549410
v 0.000000 4.063913 0.554829
v -0.000000 4.073481 0.556732
v -0.000000 4.083048 0.554829
v -0.000000 4.091158 0.549410
v -0.000000 4.096578 0.541299
v -0.000000 4.098481 0.531732
v -0.000000 4.096578 0.522165
v -0.000000 4.091158 0.514054
v -0.000000 4.083048 0.508635
v -0.009694 4.073481 0.506732
v -0.009694 4.063913 0.508635
v -0.009694 4.055803 0.514054
v -0.009694 4.050384 0.522165
v -0.009694 4.048481 0.531732
v -0.009694 4.050384 0.541299
v -0.009694 4.055803 0.549410
v -0.009694 4.063913 0.554829
v -0.009694 4.073481 0.556732
v -0.009694 4.083048 0.554829
v -0.009694 4.091158 0.549410
v -0.009694 4.096578 0.541299
v -0.009694 4.098481 0.531732
v -0.009694 4.096578 0.522165
v -0.009694 4.091158 0.514054
v -0.009694 4.083048 0.508635
v -0.006821 4.073481 0.517898
v -0.006821 4.068187 0.518951
v -0.006821 4.063699 0.521950
v -0.006821 4.060700 0.526438
v -0.006821 4.059647 0.531732
v -0.006821 4.060700 0.537026
v -0.006821 4.063699 0.541514
v -0.006821 4.068187 0.544513
v -0.006821 4.073481 0.545566
v -0.006821 4.078774 0.544513
v -0.006821 4.083262 0.541514
v -0.006821 4.086261 0.537026
v -0.006821 4.087315 0.531732
v -0.006821 4.086261 0.526438
v -0.006821 4.083262 0.521950
v -0.006821 4.078774 0.518951
v 0.009694 4.073481 0.508808
v 0.009694 4.064708 0.510553
v 0.009694 4.057271 0.515522
v 0.009694 4.052301 0.522959
v 0.009694 4.050557 0.531732
v 0.009694 4.052301 0.540505
v 0.009694 4.057271 0.547942
v 0.009694 4.064708 0.552911
v 0.009694 4.073481 0.554656
v 0.009694 4.082253 0.552911
v 0.009694 4.089690 0.547942
v 0.009694 4.094660 0.540505
v 0.009694 4.096405 0.531732
v 0.009694 4.094660 0.522959
v 0.009694 4.089690 0.515522
v 0.009694 4.082253 0.510553
v 0.009694 4.073481 0.506732
v 0.009694 4.063913 0.508635
v 0.009694 4.055803 0.514054
v 0.009694 4.050384 0.522165
v 0.009694 4.048481 0.531732
v 0.009694 4.050384 0.541299
v 0.009694 4.055803 0.549410
v 0.009694 4.063913 0.554829
v 0.009694 4.073481 0.556732
v 0.009694 4.083048 0.554829
v 0.009694 4.091158 0.549410
v 0.009694 4.096578 0.541299
v 0.009694 4.098481 0.531732
v 0.009694 4.096578 0.522165
v 0.009694 4.091158 0.514054
v 0.009694 4.083048 0.508635
v 0.006821 4.073481 0.517898
v 0.006821 4.068187 0.518951
v 0.006821 4.063699 0.521950
v 0.006821 4.060700 0.526438
v 0.006821 4.059647 0.531732
v 0.006821 4.060700 0.537026
v 0.006821 4.063699 0.541514
v 0.006821 4.068187 0.544513
v 0.006821 4.073481 0.545566
v 0.006821 4.078774 0.544513
v 0.006821 4.083262 0.541514
v 0.006821 4.086261 0.537026
v 0.006821 4.087315 0.531732
v 0.006821 4.086261 0.526438
v 0.006821 4.083262 0.521950
v 0.006821 4.078774 0.518951
v -0.009694 4.112023 0.775979
v -0.009694 4.103251 0.777724
v -0.009694 4.095814 0.782694
v -0.009694 4.090844 0.790131
v -0.009694 4.089099 0.798903
v -0.009694 4.090844 0.807676
v -0.009694 4.095814 0.815113
v -0.009694 4.103251 0.820082
v -0.009694 4.112023 0.821827
v -0.009694 4.120796 0.820082
v -0.009694 4.128233 0.815113
v -0.009694 4.133203 0.807676
v -0.009694 4.134947 0.798903
v -0.009694 4.133203 0.790131
v -0.009694 4.128233 0.782694
v -0.009694 4.120796 0.777724
v -0.000000 4.112023 0.773903
v 0.000000 4.102456 0.775806
v 0.000000 4.094346 0.781226
v 0.000000 4.088926 0.789336
v 0.000000 4.087023 0.798903
v 0.000000 4.088926 0.808470
v 0.000000 4.094346 0.816581
v 0.000000 4.102456 0.822000
v -0.000000 4.112023 0.823903
v -0.000000 4.121591 0.822000
v -0.000000 4.129701 0.816581
v -0.000000 4.135120 0.808470
v -0.000000 4.137023 0.798903
v -0.000000 4.135120 0.789336
v -0.000000 4.129701 0.781226
v -0.000000 4.121591 0.775806
v -0.009694 4.112023 0.773903
v -0.009694 4.102456 0.775806
v -0.009694 4.094346 0.781226
v -0.009694 4.088926 0.789336
v -0.009694 4.087023 0.798903
v -0.009694 4.088926 0.808470
v -0.009694 4.094346 0.816581
v -0.009694 4.102456 0.822000
v -0.009694 4.112023 0.823903
v -0.009694 4.121591 0.822000
v -0.009694 4.129701 0.816581
v -0.009694 4.135120 0.808470
v -0.009694 4.137023 0.798903
v -0.009694 4.135120 0.789336
v -0.009694 4.129701 0.781226
v -0.009694 4.121591 0.775806
v -0.006821 4.112023 0.785070
v -0.006821 4.106730 0.786123
v -0.006821 4.102242 0.789121
v -0.006821 4.099243 0.793609
v -0.006821 4.098189 0.798903
v -0.006821 4.099243 0.804197
v -0.006821 4.102242 0.808685
v -0.006821 4.106730 0.811684
v -0.006821 4.112023 0.812737
v -0.006821 4.117317 0.811684
v -0.006821 4.121805 0.808685
v -0.006821 4.124804 0.804197
v -0.006821 4.125857 0.798903
v -0.006821 4.124804 0.793609
v -0.006821 4.121805 0.789121
v -0.006821 4.117317 0.786123
v 0.009694 4.112023 0.775979
v 0.009694 4.103251 0.777724
v 0.009694 4.095814 0.782694
v 0.009694 4.090844 0.790131
v 0.009694 4.089099 0.798903
v 0.009694 4.090844 0.807676
v 0.009694 4.095814 0.815113
v 0.009694 4.103251 0.820082
v 0.009694 4.112023 0.821827
v 0.009694 4.120796 0.820082
v 0.009694 4.128233 0.815113
v 0.009694 4.133203 0.807676
v 0.009694 4.134947 0.798903
v 0.009694 4.133203 0.790131
v 0.009694 4.128233 0.782694
v 0.009694 4.120796 0.777724
v 0.009694 4.112023 0.773903
v 0.009694 4.102456 0.775806
v 0.009694 4.094346 0.781226
v 0.009694 4.088926 0.789336
v 0.009694 4.087023 0.798903
v 0.009694 4.088926 0.808470
v 0.009694 4.094346 0.816581
v 0.009694 4.102456 0.822000
v 0.009694 4.112023 0.823903
v 0.009694 4.121591 0.822000
v 0.009694 4.129701 0.816581
v 0.009694 4.135120 0.808470
v 0.009694 4.137023 0.798903
v 0.009694 4.135120 0.789336
v 0.009694 4.129701 0.781226
v 0.009694 4.121591 0.775806
v 0.006821 4.112023 0.785070
v 0.006821 4.106730 0.786123
v 0.006821 4.102242 0.789121
v 0.006821 4.099243 0.793609
v 0.006821 4.098189 0.798903
v 0.006821 4.099243 0.804197
v 0.006821 4.102242 0.808685
v 0.006821 4.106730 0.811684
v 0.006821 4.112023 0.812737
v 0.006821 4.117317 0.811684
v 0.006821 4.121805 0.808685
v 0.006821 4.124804 0.804197
v 0.006821 4.125857 0.798903
v 0.006821 4.124804 0.793609
v 0.006821 4.121805 0.789121
v 0.006821 4.117317 0.786123
vn -0.8628 0.3654 -0.3493
vn -0.6723 0.6722 -0.3101
vn -0.5773 0.5774 -0.5774
vn -0.6724 0.3095 -0.6724
vn 0.3493 0.3654 -0.8628
vn 0.3098 0.6758 -0.6688
vn 0.5773 0.5774 -0.5774
vn 0.6724 0.3095 -0.6724
vn 0.8628 0.3654 0.3493
vn 0.6723 0.6722 0.3101
vn 0.5774 0.5773 0.5774
vn 0.6724 0.3095 0.6724
vn -0.3493 0.3654 0.8628
vn -0.3098 0.6758 0.6688
vn -0.5773 0.5774 0.5774
vn -0.6724 0.3095 0.6724
vn -0.3654 0.8628 0.3493
vn -0.6723 0.6722 0.3101
vn 0.3654 0.8628 0.3493
vn 0.3098 0.6758 0.6688
vn -0.0000 0.9303 0.3667
vn -0.0000 0.7128 0.7014
vn 0.3654 0.8628 -0.3493
vn 0.6723 0.6722 -0.3101
vn 0.3918 0.9200 -0.0000
vn 0.7071 0.7071 -0.0000
vn -0.0000 0.7128 -0.7014
vn -0.0000 0.9303 -0.3667
vn -0.0000 1.0000 -0.0000
vn -0.3098 0.6758 -0.6688
vn -0.3654 0.8628 -0.3493
vn -0.3918 0.9200 -0.0000
vn -0.7071 0.7071 -0.0000
vn -0.9346 -0.1051 -0.3398
vn -0.7042 -0.0899 -0.7042
vn -0.8780 -0.0000 -0.4786
vn -0.9456 -0.0000 -0.3252
vn -0.3399 -0.1051 -0.9346
vn -0.3252 -0.0000 -0.9456
vn -0.4786 -0.0000 -0.8780
vn -0.9924 -0.1227 -0.0000
vn -1.0000 -0.0000 -0.0000
vn 0.9346 -0.1051 -0.3398
vn 0.9924 -0.1227 -0.0000
vn 1.0000 -0.0000 -0.0000
vn 0.9456 -0.0000 -0.3252
vn 0.3399 -0.1051 -0.9346
vn 0.7042 -0.0899 -0.7042
vn 0.4786 -0.0000 -0.8780
vn 0.3252 -0.0000 -0.9456
vn 0.9346 -0.1051 0.3398
vn 0.7042 -0.0899 0.7042
vn 0.8780 -0.0000 0.4786
vn 0.9456 -0.0000 0.3252
vn -0.0000 -0.1227 0.9924
vn -0.3399 -0.1051 0.9346
vn -0.3252 -0.0000 0.9456
vn -0.0000 -0.0000 1.0000
vn 0.8780 -0.0000 -0.4786
vn -0.7042 -0.0899 0.7042
vn -0.9346 -0.1051 0.3398
vn -0.9456 -0.0000 0.3252
vn -0.8780 -0.0000 0.4786
vn -0.3603 -0.0044 0.9328
vn -0.7071 0.0032 0.7071
vn -0.0000 -0.1227 -0.9924
vn -0.0000 -0.0000 -1.0000
vn 0.7071 0.0032 0.7071
vn 0.3603 -0.0044 0.9328
vn 0.3399 -0.1051 0.9346
vn -0.0000 -0.0119 0.9999
vn 0.3493 0.3654 0.8628
vn -0.0000 0.3918 0.9200
vn 0.9328 -0.0044 0.3602
vn -0.4786 -0.0000 0.8780
vn 0.7071 0.0032 -0.7071
vn 0.9328 -0.0044 -0.3602
vn 0.9999 -0.0119 -0.0000
vn 0.8628 0.3654 -0.3493
vn 0.9200 0.3918 -0.0000
vn 0.3603 -0.0044 -0.9328
vn 0.3252 -0.0000 0.9456
vn 0.4786 -0.0000 0.8780
vn -0.7071 0.0032 -0.7071
vn -0.3603 -0.0044 -0.9328
vn -0.0000 -0.0119 -0.9999
vn -0.3493 0.3654 -0.8628
vn -0.0000 0.3918 -0.9200
vn -0.9328 -0.0044 -0.3602
vn -0.9328 -0.0044 0.3602
vn -0.9999 -0.0119 -0.0000
vn -0.8628 0.3654 0.3493
vn -0.9200 0.3918 -0.0000
vn 0.9456 -0.0000 0.3253
vn -0.9456 -0.0000 0.3253
vn -0.3253 -0.0000 -0.9456
vn -0.9456 -0.0000 -0.3253
vn 0.0001 1.0000 -0.0002
vn -0.0001 1.0000 -0.0001
vn 0.9456 -0.0000 -0.3253
vn -0.3253 -0.0000 0.9456
vn 0.0002 1.0000 0.0001
vn 0.0001 1.0000 -0.0001
vn 0.3253 -0.0000 -0.9456
vn 0.3253 -0.0000 0.9456
vn -0.0001 1.0000 -0.0000
vn -0.0001 1.0000 0.0002
vn 0.0001 1.0000 0.0002
vn 0.0001 1.0000 -0.0000
vn -0.0001 1.0000 0.0001
vn -0.0001 1.0000 -0.0002
vn -0.0002 1.0000 0.0001
vn -0.0000 1.0000 0.0001
vn 0.0001 1.0000 0.0001
vn -0.0000 1.0000 -0.0001
vn -0.0002 1.0000 -0.0001
vn 0.0002 1.0000 -0.0001
vn -0.0000 0.7075 -0.7067
vn 0.2242 0.7118 -0.6656
vn 0.2314 0.7121 -0.6628
vn -0.4865 0.7257 -0.4865
vn -0.2242 0.7118 -0.6656
vn -0.2314 0.7121 -0.6628
vn -0.7067 0.7075 -0.0000
vn -0.6656 0.7118 -0.2242
vn -0.6628 0.7121 -0.2314
vn 0.6656 0.7118 -0.2242
vn 0.7067 0.7075 -0.0000
vn 0.6628 0.7121 -0.2314
vn 0.6656 0.7119 0.2242
vn 0.4865 0.7257 0.4865
vn 0.6628 0.7121 0.2315
vn -0.4865 0.7257 0.4865
vn -0.6656 0.7119 0.2242
vn -0.6628 0.7121 0.2315
vn 0.2242 0.7118 0.6656
vn 0.2314 0.7121 0.6628
vn -0.2242 0.7118 0.6656
vn -0.2314 0.7121 0.6628
vn 0.4865 0.7257 -0.4865
vn -0.0000 0.7075 0.7067
vn 0.6656 0.7118 0.2242
vn 0.6628 0.7121 0.2314
vn -0.6656 0.7118 0.2242
vn -0.6628 0.7121 0.2314
vn -0.1951 -0.0000 -0.9808
vn -0.1943 0.0479 -0.9798
vn -0.0000 0.0489 -0.9988
vn 0.3827 -0.0000 -0.9239
vn 0.3812 0.0452 -0.9234
vn 0.5537 0.0408 -0.8317
vn 0.5556 -0.0000 -0.8315
vn 0.7052 0.0348 -0.7082
vn 0.7071 -0.0000 -0.7071
vn 0.8298 0.0275 -0.5575
vn 0.8315 -0.0000 -0.5556
vn 0.9226 0.0190 -0.3852
vn 0.9239 -0.0000 -0.3827
vn 0.9801 0.0099 -0.1980
vn 0.9808 -0.0000 -0.1951
vn 1.0000 0.0003 -0.0031
vn 0.9813 -0.0093 0.1921
vn 0.9808 -0.0000 0.1951
vn 0.9248 -0.0186 0.3800
vn 0.9239 -0.0000 0.3827
vn 0.8326 -0.0271 0.5532
vn 0.8315 -0.0000 0.5556
vn 0.7082 -0.0346 0.7051
vn 0.7071 -0.0000 0.7071
vn 0.5565 -0.0408 0.8298
vn 0.5556 -0.0000 0.8315
vn 0.3834 -0.0454 0.9225
vn 0.3827 -0.0000 0.9239
vn 0.1955 -0.0482 0.9795
vn 0.1951 -0.0000 0.9808
vn -0.0000 -0.0492 0.9988
vn -0.1955 -0.0482 0.9795
vn -0.1951 -0.0000 0.9808
vn -0.3834 -0.0454 0.9225
vn -0.3827 -0.0000 0.9239
vn -0.5565 -0.0408 0.8298
vn -0.5556 -0.0000 0.8315
vn -0.7082 -0.0346 0.7051
vn -0.7071 -0.0000 0.7071
vn -0.8326 -0.0271 0.5532
vn -0.8315 -0.0000 0.5556
vn -0.9248 -0.0186 0.3800
vn -0.9239 -0.0000 0.3827
vn -0.9813 -0.0093 0.1921
vn -0.9808 -0.0000 0.1951
vn -1.0000 0.0003 -0.0031
vn -0.9801 0.0099 -0.1980
vn -0.9808 -0.0000 -0.1951
vn -0.9226 0.0190 -0.3852
vn -0.9239 -0.0000 -0.3827
vn -0.8298 0.0275 -0.5575
vn -0.8315 -0.0000 -0.5556
vn -0.7052 0.0348 -0.7082
vn -0.7071 -0.0000 -0.7071
vn -0.5537 0.0408 -0.8317
vn -0.5556 -0.0000 -0.8315
vn -0.3812 0.0452 -0.9234
vn -0.3827 -0.0000 -0.9239
vn 0.9796 0.0392 -0.1971
vn 1.0000 0.0012 -0.0060
vn 0.1951 -0.0000 -0.9808
vn 0.1943 0.0479 -0.9798
vn -0.9260 -0.0735 0.3702
vn -0.8343 -0.1074 0.5407
vn -0.8343 -0.2107 0.5094
vn -0.9260 -0.1443 0.3488
vn -0.0000 -0.1948 0.9808
vn -0.1963 -0.1911 0.9618
vn -0.9796 0.0392 -0.1971
vn -0.9217 0.0756 -0.3804
vn 0.5528 0.1624 -0.8174
vn 0.7041 0.1384 -0.6965
vn 0.7102 -0.1372 0.6905
vn 0.5584 -0.1616 0.8137
vn -0.3805 0.1802 -0.9070
vn -0.1939 0.1912 -0.9622
vn 0.9819 -0.0369 0.1856
vn -0.3849 -0.1798 0.9053
vn -0.8286 0.1091 -0.5490
vn 0.8286 0.1091 -0.5490
vn 0.3849 -0.1798 0.9053
vn -0.9819 -0.0369 0.1856
vn -0.0000 0.1949 -0.9808
vn 0.1939 0.1912 -0.9622
vn 0.9260 -0.0735 0.3702
vn -0.5584 -0.1616 0.8137
vn -0.7041 0.1384 -0.6965
vn 0.9217 0.0756 -0.3804
vn 0.1963 -0.1911 0.9618
vn -1.0000 0.0012 -0.0060
vn 0.3805 0.1802 -0.9070
vn 0.8343 -0.1074 0.5407
vn -0.7102 -0.1372 0.6905
vn -0.5528 0.1624 -0.8174
vn -0.9796 0.0768 -0.1857
vn -1.0000 0.0023 -0.0057
vn -1.0000 0.0034 -0.0051
vn -0.9796 0.1115 -0.1672
vn 1.0000 0.0023 -0.0057
vn 0.9819 -0.0723 0.1748
vn -0.9819 -0.0723 0.1748
vn 0.9260 -0.1443 0.3488
vn 0.8343 -0.2107 0.5094
vn 0.7102 -0.2691 0.6506
vn -0.9217 0.1483 -0.3584
vn 0.5584 -0.3171 0.7666
vn -0.8286 0.2140 -0.5173
vn 0.3849 -0.3528 0.8529
vn -0.0000 0.3822 -0.9241
vn 0.1939 0.3750 -0.9065
vn -0.7041 0.2714 -0.6562
vn 0.1963 -0.3748 0.9061
vn 0.3805 0.3535 -0.8545
vn -0.5528 0.3185 -0.7701
vn -0.0000 -0.3822 0.9241
vn 0.5528 0.3185 -0.7701
vn -0.3805 0.3535 -0.8545
vn -0.1963 -0.3748 0.9061
vn 0.7041 0.2714 -0.6562
vn -0.1939 0.3750 -0.9065
vn -0.3849 -0.3528 0.8529
vn 0.8286 0.2140 -0.5173
vn -0.5584 -0.3171 0.7666
vn 0.9217 0.1483 -0.3584
vn -0.7102 -0.2691 0.6506
vn 0.9796 0.0768 -0.1857
vn 0.1939 0.5444 -0.8161
vn -0.0000 0.5550 -0.8319
vn -0.0000 0.7064 -0.7078
vn 0.1939 0.6930 -0.6944
vn 0.8343 -0.3060 0.4586
vn 0.7102 -0.3907 0.5857
vn -0.9217 0.2153 -0.3227
vn 0.5584 -0.4604 0.6901
vn -0.8286 0.3107 -0.4657
vn 0.3849 -0.5122 0.7678
vn -0.7041 0.3941 -0.5908
vn 0.1963 -0.5442 0.8157
vn 0.3805 0.5132 -0.7693
vn -0.5528 0.4625 -0.6932
vn -0.0000 -0.5550 0.8319
vn 0.5528 0.4625 -0.6932
vn -0.3805 0.5132 -0.7693
vn -0.1963 -0.5442 0.8157
vn 0.7041 0.3941 -0.5908
vn -0.1939 0.5444 -0.8161
vn -0.3849 -0.5122 0.7678
vn 0.8286 0.3107 -0.4657
vn -0.5584 -0.4604 0.6901
vn 0.9217 0.2153 -0.3227
vn -0.7102 -0.3907 0.5857
vn 0.9796 0.1115 -0.1672
vn -0.8343 -0.3060 0.4586
vn 1.0000 0.0034 -0.0051
vn -0.9260 -0.2095 0.3140
vn 0.9819 -0.1050 0.1574
vn -0.9819 -0.1050 0.1574
vn 0.9260 -0.2095 0.3140
vn 0.7041 0.5017 -0.5026
vn 0.5528 0.5887 -0.5898
vn 0.5528 0.6923 -0.4638
vn 0.7041 0.5900 -0.3953
vn -0.8286 0.3954 -0.3962
vn -0.7041 0.5017 -0.5026
vn 0.3849 -0.6520 0.6533
vn 0.1963 -0.6927 0.6940
vn 0.3805 0.6533 -0.6545
vn -0.5528 0.5887 -0.5898
vn -0.0000 -0.7064 0.7078
vn -0.3805 0.6533 -0.6545
vn -0.1963 -0.6927 0.6940
vn -0.1939 0.6930 -0.6944
vn -0.3849 -0.6520 0.6533
vn 0.8286 0.3954 -0.3962
vn -0.5584 -0.5860 0.5872
vn 0.9217 0.2740 -0.2745
vn -0.7102 -0.4973 0.4983
vn 0.9796 0.1420 -0.1422
vn -0.8343 -0.3895 0.3902
vn 1.0000 0.0043 -0.0043
vn -0.9260 -0.2666 0.2671
vn 0.9819 -0.1336 0.1339
vn -0.9819 -0.1336 0.1339
vn 0.9260 -0.2666 0.2671
vn -1.0000 0.0043 -0.0043
vn 0.8343 -0.3895 0.3902
vn -0.9796 0.1420 -0.1422
vn 0.7102 -0.4973 0.4983
vn -0.9217 0.2740 -0.2745
vn 0.5584 -0.5860 0.5872
vn 0.9796 0.1670 -0.1119
vn 0.9217 0.3222 -0.2159
vn 0.9217 0.3581 -0.1490
vn 0.9796 0.1855 -0.0772
vn -0.3805 0.7683 -0.5147
vn -0.1939 0.8150 -0.5460
vn -0.1963 -0.8146 0.5458
vn -0.3848 -0.7668 0.5137
vn 0.8286 0.4651 -0.3116
vn -0.0000 0.8308 -0.5566
vn -0.5584 -0.6892 0.4617
vn -0.7102 -0.5849 0.3919
vn -0.8343 -0.4580 0.3069
vn 1.0000 0.0051 -0.0034
vn -0.9260 -0.3136 0.2101
vn 0.9819 -0.1572 0.1053
vn -0.9819 -0.1572 0.1053
vn 0.9260 -0.3136 0.2101
vn -1.0000 0.0051 -0.0034
vn 0.8343 -0.4580 0.3069
vn -0.9796 0.1670 -0.1119
vn 0.7102 -0.5849 0.3919
vn -0.9217 0.3222 -0.2159
vn 0.5584 -0.6892 0.4617
vn -0.8286 0.4651 -0.3116
vn 0.3848 -0.7668 0.5137
vn 0.1939 0.8150 -0.5460
vn -0.7041 0.5900 -0.3953
vn 0.1963 -0.8146 0.5458
vn 0.3805 0.7683 -0.5147
vn -0.5528 0.6923 -0.4638
vn -0.0000 -0.8308 0.5566
vn 0.9260 -0.3485 0.1450
vn 0.9819 -0.1747 0.0727
vn 0.9819 -0.1855 0.0372
vn 0.9260 -0.3701 0.0743
vn -0.7102 -0.6500 0.2704
vn -0.8343 -0.5090 0.2117
vn 1.0000 0.0056 -0.0023
vn -0.9260 -0.3485 0.1450
vn -0.9819 -0.1747 0.0727
vn -1.0000 0.0056 -0.0023
vn 0.8343 -0.5090 0.2117
vn -0.9796 0.1855 -0.0772
vn 0.7102 -0.6500 0.2704
vn -0.9217 0.3581 -0.1490
vn 0.5584 -0.7659 0.3186
vn -0.8286 0.5169 -0.2150
vn 0.3849 -0.8522 0.3545
vn -0.0000 0.9233 -0.3840
vn 0.1939 0.9058 -0.3767
vn -0.7041 0.6557 -0.2727
vn 0.1963 -0.9054 0.3766
vn 0.3805 0.8539 -0.3551
vn -0.5528 0.7694 -0.3200
vn -0.0000 -0.9233 0.3840
vn 0.5528 0.7694 -0.3200
vn -0.3805 0.8539 -0.3551
vn -0.1963 -0.9054 0.3766
vn 0.7041 0.6557 -0.2727
vn -0.1939 0.9058 -0.3767
vn -0.3849 -0.8522 0.3545
vn 0.8286 0.5169 -0.2150
vn -0.5584 -0.7659 0.3186
vn 0.5584 -0.8133 0.1632
vn 0.7102 -0.6903 0.1385
vn 0.7102 -0.7040 0.0014
vn 0.5584 -0.8296 0.0016
vn -0.9819 -0.1855 0.0372
vn -1.0000 0.0060 -0.0012
vn 0.8343 -0.5405 0.1085
vn -0.9796 0.1970 -0.0395
vn -0.9217 0.3803 -0.0763
vn -0.8286 0.5488 -0.1101
vn 0.3849 -0.9049 0.1816
vn -0.0000 0.9805 -0.1968
vn 0.1939 0.9618 -0.1930
vn -0.7041 0.6963 -0.1397
vn 0.1963 -0.9614 0.1929
vn 0.3805 0.9067 -0.1820
vn -0.5528 0.8170 -0.1640
vn -0.0000 -0.9804 0.1968
vn 0.5528 0.8170 -0.1640
vn -0.3805 0.9067 -0.1820
vn -0.1963 -0.9614 0.1929
vn 0.7041 0.6963 -0.1397
vn -0.1939 0.9618 -0.1930
vn -0.3849 -0.9049 0.1816
vn 0.8286 0.5488 -0.1101
vn -0.5584 -0.8133 0.1632
vn 0.9217 0.3803 -0.0763
vn -0.7102 -0.6903 0.1385
vn 0.9796 0.1970 -0.0395
vn -0.8343 -0.5405 0.1085
vn 1.0000 0.0060 -0.0012
vn -0.9260 -0.3701 0.0743
vn -0.0000 -1.0000 0.0020
vn 0.1962 -0.9806 0.0019
vn 0.1963 -0.9621 -0.1892
vn -0.0000 -0.9812 -0.1929
vn -0.9217 0.3879 -0.0008
vn -0.8286 0.5598 -0.0011
vn 0.3849 -0.9230 0.0018
vn -0.0000 1.0000 -0.0020
vn 0.1939 0.9810 -0.0019
vn -0.7041 0.7101 -0.0014
vn 0.3805 0.9248 -0.0018
vn -0.5528 0.8333 -0.0016
vn 0.5528 0.8333 -0.0016
vn -0.3805 0.9248 -0.0018
vn -0.1962 -0.9806 0.0019
vn 0.7041 0.7101 -0.0014
vn -0.1939 0.9810 -0.0019
vn -0.3849 -0.9230 0.0018
vn 0.8286 0.5598 -0.0011
vn -0.5584 -0.8296 0.0016
vn 0.9217 0.3879 -0.0008
vn -0.7102 -0.7040 0.0014
vn 0.9796 0.2010 -0.0004
vn -0.8343 -0.5513 0.0011
vn 1.0000 0.0061 -0.0000
vn -0.9260 -0.3774 0.0007
vn 0.9819 -0.1892 0.0004
vn -0.9819 -0.1892 0.0004
vn 0.9260 -0.3774 0.0007
vn -1.0000 0.0061 -0.0000
vn 0.8343 -0.5513 0.0011
vn -0.9796 0.2010 -0.0004
vn -0.5584 -0.8140 -0.1601
vn -0.3849 -0.9056 -0.1781
vn -0.3848 -0.8536 -0.3511
vn -0.5584 -0.7672 -0.3156
vn 0.3805 0.9074 0.1784
vn 0.5528 0.8177 0.1608
vn -0.5528 0.8177 0.1608
vn -0.3805 0.9074 0.1784
vn -0.1963 -0.9621 -0.1892
vn 0.7041 0.6968 0.1370
vn -0.1939 0.9626 0.1893
vn 0.8286 0.5493 0.1080
vn -0.0000 0.9812 0.1929
vn 0.9217 0.3806 0.0748
vn -0.7102 -0.6908 -0.1358
vn 0.9796 0.1972 0.0388
vn -0.8343 -0.5410 -0.1064
vn 1.0000 0.0060 0.0012
vn -0.9260 -0.3704 -0.0728
vn 0.9819 -0.1856 -0.0365
vn -0.9819 -0.1856 -0.0365
vn 0.9260 -0.3704 -0.0728
vn -1.0000 0.0060 0.0012
vn 0.8343 -0.5410 -0.1064
vn -0.9796 0.1972 0.0388
vn 0.7102 -0.6908 -0.1358
vn -0.9217 0.3806 0.0748
vn 0.5584 -0.8140 -0.1601
vn -0.8286 0.5493 0.1080
vn 0.3849 -0.9056 -0.1781
vn 0.1939 0.9626 0.1893
vn -0.7041 0.6968 0.1370
vn -0.9260 -0.3491 -0.1436
vn -0.8343 -0.5099 -0.2097
vn -0.8343 -0.4592 -0.3051
vn -0.9260 -0.3144 -0.2089
vn 0.8286 0.5177 0.2129
vn 0.9217 0.3587 0.1476
vn -0.7102 -0.6511 -0.2678
vn 0.9796 0.1859 0.0765
vn 1.0000 0.0057 0.0023
vn 0.9819 -0.1750 -0.0720
vn -0.9819 -0.1750 -0.0720
vn 0.9260 -0.3491 -0.1436
vn -1.0000 0.0057 0.0023
vn 0.8343 -0.5099 -0.2097
vn -0.9796 0.1859 0.0765
vn 0.7102 -0.6511 -0.2678
vn -0.9217 0.3587 0.1476
vn 0.5584 -0.7672 -0.3156
vn -0.8286 0.5177 0.2129
vn 0.3848 -0.8536 -0.3511
vn -0.0000 0.9248 0.3804
vn 0.1939 0.9073 0.3732
vn -0.7041 0.6567 0.2702
vn 0.1963 -0.9068 -0.3730
vn 0.3805 0.8552 0.3518
vn -0.5528 0.7707 0.3170
vn -0.0000 -0.9248 -0.3804
vn 0.5528 0.7707 0.3170
vn -0.3805 0.8552 0.3518
vn -0.1963 -0.9068 -0.3730
vn 0.7041 0.6567 0.2702
vn -0.1939 0.9073 0.3732
vn -0.9796 0.1674 0.1112
vn -1.0000 0.0051 0.0034
vn -1.0000 0.0043 0.0043
vn -0.9796 0.1425 0.1417
vn 1.0000 0.0051 0.0034
vn 0.9819 -0.1576 -0.1047
vn -0.9819 -0.1576 -0.1047
vn 0.9260 -0.3144 -0.2089
vn 0.8343 -0.4592 -0.3051
vn 0.7102 -0.5864 -0.3896
vn -0.9217 0.3231 0.2146
vn 0.5584 -0.6910 -0.4590
vn -0.8286 0.4663 0.3097
vn 0.3848 -0.7688 -0.5107
vn -0.0000 0.8330 0.5533
vn 0.1939 0.8171 0.5428
vn -0.7041 0.5915 0.3929
vn 0.1963 -0.8168 -0.5426
vn 0.3806 0.7703 0.5117
vn -0.5528 0.6941 0.4611
vn -0.0000 -0.8330 -0.5533
vn 0.5528 0.6941 0.4611
vn -0.3806 0.7703 0.5117
vn -0.1963 -0.8168 -0.5426
vn 0.7041 0.5915 0.3929
vn -0.1939 0.8171 0.5428
vn -0.3848 -0.7688 -0.5107
vn 0.8286 0.4663 0.3097
vn -0.5584 -0.6910 -0.4590
vn 0.9217 0.3231 0.2146
vn -0.7102 -0.5864 -0.3896
vn 0.9796 0.1674 0.1112
vn 0.1939 0.6957 0.6916
vn -0.0000 0.7092 0.7050
vn -0.0000 0.5582 0.8297
vn 0.1939 0.5476 0.8139
vn 0.8343 -0.3910 -0.3887
vn 0.7102 -0.4993 -0.4964
vn -0.9217 0.2751 0.2735
vn 0.5584 -0.5883 -0.5849
vn -0.8286 0.3970 0.3947
vn 0.3849 -0.6546 -0.6507
vn -0.7041 0.5036 0.5007
vn 0.1963 -0.6954 -0.6913
vn 0.3805 0.6558 0.6520
vn -0.5528 0.5910 0.5875
vn -0.0000 -0.7092 -0.7050
vn 0.5528 0.5910 0.5875
vn -0.3805 0.6558 0.6520
vn -0.1963 -0.6954 -0.6913
vn 0.7041 0.5036 0.5007
vn -0.1939 0.6957 0.6916
vn -0.3849 -0.6546 -0.6507
vn 0.8286 0.3970 0.3947
vn -0.5584 -0.5883 -0.5849
vn 0.9217 0.2751 0.2735
vn -0.7102 -0.4993 -0.4963
vn 0.9796 0.1425 0.1417
vn -0.8343 -0.3910 -0.3887
vn 1.0000 0.0043 0.0043
vn -0.9260 -0.2677 -0.2661
vn 0.9819 -0.1342 -0.1334
vn -0.9819 -0.1342 -0.1334
vn 0.9260 -0.2677 -0.2661
vn 0.7041 0.3964 0.5892
vn 0.5528 0.4652 0.6914
vn 0.5528 0.3215 0.7688
vn 0.7041 0.2740 0.6552
vn -0.8286 0.3125 0.4645
vn -0.7041 0.3964 0.5892
vn 0.3849 -0.5152 -0.7658
vn 0.1963 -0.5474 -0.8136
vn 0.3805 0.5162 0.7673
vn -0.5528 0.4652 0.6914
vn -0.0000 -0.5582 -0.8297
vn -0.3805 0.5162 0.7673
vn -0.1963 -0.5474 -0.8136
vn -0.1939 0.5476 0.8139
vn -0.3849 -0.5152 -0.7658
vn 0.8286 0.3125 0.4645
vn -0.5584 -0.4631 -0.6883
vn 0.9217 0.2165 0.3218
vn -0.7102 -0.3930 -0.5841
vn 0.9796 0.1122 0.1667
vn -0.8343 -0.3077 -0.4574
vn 1.0000 0.0034 0.0051
vn -0.9260 -0.2107 -0.3132
vn 0.9819 -0.1056 -0.1570
vn -0.9819 -0.1056 -0.1570
vn 0.9260 -0.2107 -0.3132
vn -1.0000 0.0034 0.0051
vn 0.8343 -0.3078 -0.4574
vn -0.9796 0.1122 0.1667
vn 0.7102 -0.3930 -0.5841
vn -0.9217 0.2165 0.3218
vn 0.5584 -0.4631 -0.6883
vn 0.9796 0.0775 0.1854
vn 0.9217 0.1497 0.3578
vn 0.9217 0.0771 0.3801
vn 0.9796 0.0399 0.1970
vn -0.3805 0.3568 0.8532
vn -0.1939 0.3785 0.9050
vn -0.1963 -0.3783 -0.9046
vn -0.3849 -0.3561 -0.8515
vn 0.8286 0.2160 0.5164
vn -0.0000 0.3858 0.9226
vn -0.5584 -0.3201 -0.7653
vn -0.7102 -0.2716 -0.6495
vn -0.8343 -0.2127 -0.5086
vn 1.0000 0.0024 0.0056
vn -0.9260 -0.1456 -0.3482
vn 0.9819 -0.0730 -0.1745
vn -0.9819 -0.0730 -0.1745
vn 0.9260 -0.1456 -0.3482
vn -1.0000 0.0024 0.0056
vn 0.8343 -0.2127 -0.5086
vn -0.9796 0.0775 0.1854
vn 0.7102 -0.2716 -0.6495
vn -0.9217 0.1497 0.3578
vn 0.5584 -0.3201 -0.7653
vn -0.8286 0.2160 0.5164
vn 0.3849 -0.3561 -0.8515
vn 0.1939 0.3785 0.9050
vn -0.7041 0.2740 0.6552
vn 0.1963 -0.3783 -0.9046
vn 0.3805 0.3568 0.8532
vn -0.5528 0.3215 0.7688
vn -0.0000 -0.3858 -0.9226
vn 0.9260 -0.0750 -0.3699
vn 0.9819 -0.0376 -0.1854
vn 0.9813 -0.0101 -0.1921
vn 0.9248 -0.0201 -0.3799
vn -0.7102 -0.1399 -0.6900
vn -0.8343 -0.1095 -0.5403
vn 1.0000 0.0012 0.0060
vn -0.9260 -0.0750 -0.3699
vn -0.9819 -0.0376 -0.1854
vn -1.0000 0.0012 0.0060
vn 0.8343 -0.1095 -0.5403
vn -0.9796 0.0399 0.1970
vn 0.7102 -0.1399 -0.6900
vn -0.9217 0.0771 0.3801
vn 0.5584 -0.1648 -0.8130
vn -0.8286 0.1112 0.5486
vn 0.3849 -0.1834 -0.9046
vn -0.0000 0.1987 0.9801
vn 0.1939 0.1949 0.9615
vn -0.7041 0.1411 0.6960
vn 0.1963 -0.1948 -0.9610
vn 0.3805 0.1837 0.9063
vn -0.5528 0.1656 0.8167
vn -0.0000 -0.1987 -0.9801
vn 0.5528 0.1656 0.8167
vn -0.3805 0.1837 0.9063
vn -0.1963 -0.1948 -0.9610
vn 0.7041 0.1411 0.6960
vn -0.1939 0.1949 0.9615
vn -0.3849 -0.1834 -0.9046
vn 0.8286 0.1112 0.5486
vn -0.5584 -0.1648 -0.8130
vn 0.5565 -0.0440 -0.8297
vn 0.7082 -0.0374 -0.7050
vn 0.7071 -0.0028 -0.7071
vn 0.5556 -0.0033 -0.8315
vn -0.9813 -0.0101 -0.1921
vn -1.0000 0.0003 0.0031
vn 0.8326 -0.0293 -0.5531
vn -0.9801 0.0107 0.1980
vn -0.9226 0.0206 0.3851
vn -0.8297 0.0296 0.5574
vn 0.3834 -0.0490 -0.9223
vn -0.0000 0.0528 0.9986
vn 0.1943 0.0518 0.9796
vn -0.7052 0.0376 0.7081
vn 0.1955 -0.0520 -0.9793
vn 0.3812 0.0488 0.9232
vn -0.5537 0.0440 0.8315
vn -0.0000 -0.0531 -0.9986
vn 0.5537 0.0440 0.8315
vn -0.3812 0.0488 0.9232
vn -0.1955 -0.0520 -0.9793
vn 0.7052 0.0376 0.7081
vn -0.1943 0.0518 0.9796
vn -0.3834 -0.0490 -0.9223
vn 0.8297 0.0296 0.5574
vn -0.5565 -0.0440 -0.8297
vn 0.9226 0.0206 0.3851
vn -0.7082 -0.0374 -0.7050
vn 0.9801 0.0107 0.1980
vn -0.8326 -0.0293 -0.5531
vn 1.0000 0.0003 0.0031
vn -0.9248 -0.0201 -0.3799
vn -0.1950 -0.0077 -0.9808
vn -0.0000 -0.0078 -1.0000
vn -0.1951 -0.0077 -0.9807
vn -0.9239 0.0015 0.3827
vn -0.8315 0.0022 0.5556
vn 0.3827 -0.0036 -0.9239
vn -0.0000 0.0039 1.0000
vn 0.1951 0.0038 0.9808
vn -0.7071 0.0028 0.7071
vn 0.1951 -0.0038 -0.9808
vn 0.3827 0.0036 0.9239
vn -0.5556 0.0033 0.8315
vn -0.0000 -0.0039 -1.0000
vn 0.5556 0.0033 0.8315
vn -0.3827 0.0036 0.9239
vn -0.1951 -0.0038 -0.9808
vn 0.7071 0.0028 0.7071
vn -0.1951 0.0038 0.9808
vn -0.3827 -0.0036 -0.9239
vn 0.8315 0.0022 0.5556
vn -0.5556 -0.0033 -0.8315
vn 0.9239 0.0015 0.3827
vn -0.7071 -0.0028 -0.7071
vn 0.9808 0.0008 0.1951
vn -0.8315 -0.0022 -0.5556
vn -0.9239 -0.0015 -0.3827
vn 0.9808 -0.0008 -0.1951
vn -0.9808 -0.0008 -0.1951
vn 0.9239 -0.0015 -0.3827
vn 0.8315 -0.0022 -0.5556
vn -0.9808 0.0008 0.1951
vn -0.7070 -0.0055 -0.7072
vn -0.5554 -0.0065 -0.8315
vn -0.5557 -0.0065 -0.8314
vn -0.7072 -0.0055 -0.7070
vn 0.7072 0.0055 0.7070
vn 0.5557 0.0065 0.8314
vn 0.5555 0.0065 0.8315
vn 0.7070 0.0055 0.7072
vn -0.1951 0.0077 0.9807
vn -0.3828 0.0072 0.9238
vn -0.3826 0.0072 0.9239
vn -0.1950 0.0077 0.9808
vn -0.3826 -0.0072 -0.9239
vn -0.3828 -0.0072 -0.9238
vn 0.8316 0.0043 0.5554
vn 0.8313 0.0043 0.5557
vn -0.0000 1.0000 -0.0039
vn 0.9240 0.0030 0.3825
vn 0.9238 0.0030 0.3829
vn 0.3828 0.0072 0.9238
vn 0.1951 0.0077 0.9807
vn 0.1950 0.0077 0.9808
vn 0.3826 0.0072 0.9239
vn 0.9808 0.0015 0.1948
vn 0.9807 0.0015 0.1953
vn -0.8313 -0.0043 -0.5557
vn -0.8316 -0.0043 -0.5554
vn 1.0000 -0.0000 -0.0002
vn 1.0000 -0.0000 0.0002
vn -0.9238 -0.0030 -0.3829
vn -0.9240 -0.0030 -0.3825
vn 0.9807 -0.0015 -0.1953
vn 0.9808 -0.0015 -0.1948
vn -0.9807 -0.0015 -0.1953
vn -0.9808 -0.0015 -0.1948
vn 0.9238 -0.0030 -0.3829
vn 0.9240 -0.0030 -0.3825
vn -1.0000 -0.0000 -0.0002
vn -1.0000 -0.0000 0.0002
vn 0.8313 -0.0043 -0.5557
vn 0.8316 -0.0043 -0.5554
vn -0.9808 0.0015 0.1948
vn -0.9807 0.0015 0.1953
vn 0.7070 -0.0055 -0.7072
vn 0.7072 -0.0055 -0.7070
vn -0.9240 0.0030 0.3825
vn -0.9238 0.0030 0.3829
vn 0.5554 -0.0065 -0.8315
vn 0.5557 -0.0065 -0.8314
vn -0.8316 0.0043 0.5554
vn -0.8313 0.0043 0.5557
vn 0.3826 -0.0072 -0.9239
vn 0.3828 -0.0072 -0.9238
vn -0.7072 0.0055 0.7070
vn -0.7070 0.0055 0.7072
vn 0.1950 -0.0077 -0.9808
vn 0.1951 -0.0077 -0.9807
vn -0.0000 0.0078 1.0000
vn -0.5557 0.0065 0.8314
vn -0.5555 0.0065 0.8315
vn -0.9640 0.1834 -0.1925
vn -0.9082 0.1821 -0.3769
vn -0.9808 -0.0015 -0.1949
vn -0.9078 0.1874 0.3752
vn -0.9638 0.1861 0.1909
vn 0.9082 0.1821 -0.3769
vn 0.9640 0.1834 -0.1925
vn 0.9808 -0.0015 -0.1949
vn -0.9828 0.1847 -0.0008
vn 0.8174 0.1809 -0.5469
vn -0.7169 0.6830 0.1399
vn -0.7311 0.6823 -0.0027
vn -0.8487 0.5289 -0.0021
vn -0.8322 0.5298 0.1634
vn 0.6952 0.1799 -0.6960
vn 0.5462 0.1790 -0.8183
vn -0.8169 0.1886 0.5451
vn 0.3763 0.1784 -0.9092
vn -0.6947 0.1896 0.6939
vn 0.1918 0.1780 -0.9652
vn -0.0000 0.1916 0.9815
vn -0.1916 0.1915 0.9626
vn -0.5458 0.1905 0.8160
vn -0.0000 0.1778 -0.9841
vn 0.5458 0.1905 0.8160
vn 0.3759 0.1911 0.9067
vn -0.3759 0.1911 0.9067
vn -0.1918 0.1780 -0.9652
vn 0.6947 0.1896 0.6939
vn -0.3763 0.1784 -0.9092
vn 0.8169 0.1886 0.5451
vn -0.5462 0.1790 -0.8183
vn 0.9078 0.1874 0.3752
vn 0.1916 0.1915 0.9626
vn -0.6952 0.1799 -0.6960
vn 0.9638 0.1861 0.1909
vn -0.8174 0.1809 -0.5469
vn 0.9828 0.1847 -0.0008
vn 0.0849 -0.9950 -0.0529
vn 0.0944 -0.9949 -0.0352
vn 0.1068 -0.9935 -0.0404
vn 0.0961 -0.9935 -0.0603
vn 0.5171 0.6799 -0.5199
vn 0.6080 0.6804 -0.4090
vn 0.7060 0.5263 -0.4739
vn 0.6005 0.5256 -0.6026
vn -0.6753 0.6836 0.2770
vn -0.7838 0.5307 0.3225
vn 0.4063 0.6795 -0.6109
vn 0.4718 0.5250 -0.7083
vn -0.6077 0.6842 0.4033
vn -0.7053 0.5314 0.4691
vn 0.2799 0.6792 -0.6785
vn 0.3251 0.5246 -0.7868
vn 0.1425 0.6856 0.7139
vn -0.0000 0.6857 0.7279
vn -0.0000 0.5335 0.8458
vn 0.1654 0.5334 0.8295
vn -0.5167 0.6847 0.5140
vn -0.5997 0.5321 0.5976
vn 0.1427 0.6790 -0.7201
vn 0.1657 0.5243 -0.8352
vn 0.2796 0.6854 0.6723
vn 0.3245 0.5331 0.7813
vn -0.4060 0.6851 0.6048
vn -0.4712 0.5327 0.7030
vn -0.0000 0.6789 -0.7342
vn -0.0000 0.5243 -0.8516
vn 0.4060 0.6851 0.6048
vn 0.4712 0.5327 0.7030
vn -0.2796 0.6854 0.6723
vn -0.3245 0.5331 0.7813
vn -0.1427 0.6790 -0.7201
vn -0.1657 0.5243 -0.8352
vn 0.5167 0.6847 0.5140
vn 0.5997 0.5321 0.5976
vn -0.1425 0.6856 0.7139
vn -0.1654 0.5334 0.8295
vn -0.2799 0.6792 -0.6785
vn -0.3251 0.5246 -0.7868
vn 0.6076 0.6842 0.4033
vn 0.7053 0.5314 0.4692
vn -0.4063 0.6795 -0.6109
vn -0.4718 0.5250 -0.7083
vn 0.6753 0.6836 0.2770
vn 0.7838 0.5307 0.3225
vn -0.5171 0.6799 -0.5199
vn -0.6005 0.5256 -0.6026
vn 0.7169 0.6830 0.1399
vn 0.8322 0.5298 0.1634
vn -0.6080 0.6804 -0.4090
vn -0.7060 0.5263 -0.4739
vn 0.7311 0.6823 -0.0027
vn 0.8487 0.5289 -0.0021
vn -0.6756 0.6810 -0.2825
vn -0.7844 0.5271 -0.3270
vn 0.7171 0.6817 -0.1454
vn 0.8325 0.5280 -0.1677
vn -0.7171 0.6817 -0.1454
vn -0.8325 0.5280 -0.1677
vn 0.6756 0.6810 -0.2825
vn 0.7844 0.5271 -0.3270
vn -0.0000 -0.9952 -0.0983
vn -0.0199 -0.9952 -0.0963
vn -0.0000 -1.0000 0.0039
vn -0.0391 -0.9951 -0.0905
vn -0.0567 -0.9951 -0.0811
vn -0.0723 -0.9950 -0.0683
vn -0.0850 -0.9950 -0.0529
vn -0.0944 -0.9949 -0.0352
vn -0.1002 -0.9948 -0.0160
vn -0.1022 -0.9948 0.0039
vn -0.1002 -0.9947 0.0238
vn -0.0944 -0.9946 0.0430
vn -0.0849 -0.9945 0.0606
vn -0.0722 -0.9945 0.0761
vn -0.0567 -0.9944 0.0888
vn -0.0391 -0.9944 0.0983
vn -0.0199 -0.9944 0.1041
vn -0.0000 -0.9944 0.1061
vn 0.0199 -0.9944 0.1041
vn 0.0391 -0.9944 0.0983
vn 0.0568 -0.9944 0.0888
vn 0.0722 -0.9945 0.0761
vn 0.0849 -0.9945 0.0606
vn 0.0944 -0.9946 0.0430
vn 0.1002 -0.9947 0.0238
vn 0.1022 -0.9948 0.0039
vn 0.1002 -0.9948 -0.0160
vn 0.0722 -0.9950 -0.0683
vn 0.0567 -0.9951 -0.0811
vn 0.0391 -0.9951 -0.0905
vn 0.0199 -0.9952 -0.0963
vn -0.0226 -0.9937 -0.1095
vn -0.0000 -0.9937 -0.1117
vn 0.0226 -0.9937 -0.1095
vn 0.0442 -0.9937 -0.1029
vn 0.0642 -0.9937 -0.0922
vn 0.0818 -0.9936 -0.0779
vn 0.1134 -0.9934 -0.0187
vn 0.1156 -0.9933 0.0039
vn 0.1134 -0.9932 0.0264
vn 0.1068 -0.9931 0.0481
vn 0.0961 -0.9930 0.0681
vn 0.0817 -0.9930 0.0856
vn 0.0642 -0.9929 0.1000
vn 0.0443 -0.9929 0.1107
vn 0.0226 -0.9928 0.1173
vn -0.0000 -0.9928 0.1195
vn -0.0226 -0.9928 0.1173
vn -0.0443 -0.9929 0.1107
vn -0.0642 -0.9929 0.1000
vn -0.0818 -0.9930 0.0856
vn -0.0961 -0.9930 0.0681
vn -0.1068 -0.9931 0.0481
vn -0.1134 -0.9932 0.0264
vn -0.1156 -0.9933 0.0039
vn -0.1134 -0.9934 -0.0187
vn -0.1068 -0.9935 -0.0404
vn -0.0961 -0.9935 -0.0603
vn -0.0818 -0.9936 -0.0779
vn -0.0642 -0.9937 -0.0922
vn -0.0442 -0.9937 -0.1029
vn -0.0000 -0.7088 -0.7054
vn 0.1376 -0.7088 -0.6919
vn 0.2700 -0.7088 -0.6517
vn 0.3919 -0.7088 -0.5865
vn 0.4988 -0.7088 -0.4988
vn 0.5865 -0.7088 -0.3919
vn 0.6517 -0.7088 -0.2700
vn 0.6919 -0.7088 -0.1376
vn 0.7054 -0.7088 -0.0000
vn 0.6918 -0.7088 0.1376
vn 0.6517 -0.7088 0.2700
vn 0.5865 -0.7088 0.3919
vn 0.4988 -0.7088 0.4988
vn 0.3919 -0.7088 0.5865
vn 0.2699 -0.7088 0.6517
vn 0.1376 -0.7088 0.6919
vn -0.0000 -0.7088 0.7054
vn -0.1376 -0.7088 0.6919
vn -0.2699 -0.7088 0.6517
vn -0.3919 -0.7088 0.5865
vn -0.4988 -0.7088 0.4988
vn -0.5865 -0.7088 0.3919
vn -0.6517 -0.7088 0.2700
vn -0.6517 -0.7088 0.2699
vn -0.6919 -0.7088 0.1376
vn -0.7054 -0.7088 -0.0000
vn -0.6919 -0.7088 -0.1376
vn -0.6517 -0.7088 -0.2700
vn -0.5865 -0.7088 -0.3919
vn -0.4988 -0.7088 -0.4988
vn -0.3919 -0.7088 -0.5865
vn -0.2700 -0.7088 -0.6517
vn -0.1376 -0.7088 -0.6919
vn -0.0000 -1.0000 -0.0000
vn 0.1374 0.7129 0.6877
vn -0.0000 0.7129 0.7012
vn 0.1373 0.7129 0.6877
vn 0.2695 0.7126 0.6477
vn 0.2694 0.7126 0.6478
vn 0.3913 0.7122 0.5827
vn 0.3912 0.7122 0.5828
vn 0.4982 0.7117 0.4953
vn 0.4980 0.7117 0.4954
vn 0.5859 0.7111 0.3886
vn 0.5858 0.7111 0.3888
vn 0.6513 0.7104 0.2669
vn 0.6512 0.7104 0.2671
vn 0.6916 0.7096 0.1347
vn 0.6916 0.7096 0.1349
vn 0.7054 0.7088 -0.0029
vn 0.7054 0.7088 -0.0027
vn 0.6921 0.7080 -0.1406
vn 0.6921 0.7080 -0.1403
vn 0.6521 0.7072 -0.2730
vn 0.6522 0.7072 -0.2728
vn 0.5871 0.7065 -0.3952
vn 0.5872 0.7065 -0.3950
vn 0.4994 0.7059 -0.5023
vn 0.4995 0.7059 -0.5022
vn 0.3925 0.7054 -0.5903
vn 0.3926 0.7054 -0.5902
vn 0.2704 0.7050 -0.6557
vn 0.2705 0.7050 -0.6556
vn 0.1379 0.7047 -0.6959
vn -0.0000 0.7047 -0.7095
vn -0.1379 0.7047 -0.6959
vn -0.2704 0.7050 -0.6557
vn -0.2705 0.7050 -0.6556
vn -0.3925 0.7054 -0.5903
vn -0.3926 0.7054 -0.5902
vn -0.4994 0.7059 -0.5023
vn -0.4995 0.7059 -0.5022
vn -0.5871 0.7065 -0.3952
vn -0.5872 0.7065 -0.3950
vn -0.6521 0.7072 -0.2730
vn -0.6522 0.7072 -0.2728
vn -0.6921 0.7080 -0.1406
vn -0.6921 0.7080 -0.1403
vn -0.7054 0.7088 -0.0029
vn -0.7054 0.7088 -0.0027
vn -0.6916 0.7096 0.1347
vn -0.6916 0.7096 0.1349
vn -0.6513 0.7104 0.2669
vn -0.6512 0.7104 0.2671
vn -0.5859 0.7111 0.3886
vn -0.5858 0.7111 0.3888
vn -0.4982 0.7117 0.4953
vn -0.4980 0.7117 0.4954
vn -0.3913 0.7122 0.5827
vn -0.3912 0.7122 0.5828
vn -0.2695 0.7126 0.6477
vn -0.2694 0.7126 0.6478
vn -0.1374 0.7129 0.6877
vn -0.1373 0.7129 0.6877
vn -0.0000 -0.3162 -0.9487
vn 0.1851 -0.3162 -0.9305
vn 0.3630 -0.3162 -0.8765
vn 0.5271 -0.3162 -0.7888
vn 0.6708 -0.3162 -0.6708
vn 0.7888 -0.3162 -0.5271
vn 0.8765 -0.3162 -0.3630
vn 0.9305 -0.3162 -0.1851
vn 0.9487 -0.3162 -0.0000
vn 0.9305 -0.3162 0.1851
vn 0.8765 -0.3162 0.3630
vn 0.7888 -0.3162 0.5271
vn 0.6708 -0.3162 0.6708
vn 0.5271 -0.3162 0.7888
vn 0.3630 -0.3162 0.8765
vn 0.1851 -0.3162 0.9305
vn -0.0000 -0.3162 0.9487
vn -0.1851 -0.3162 0.9305
vn -0.3630 -0.3162 0.8765
vn -0.5271 -0.3162 0.7888
vn -0.6708 -0.3162 0.6708
vn -0.7888 -0.3162 0.5271
vn -0.8765 -0.3162 0.3630
vn -0.9305 -0.3162 0.1851
vn -0.9487 -0.3162 -0.0000
vn -0.9305 -0.3162 -0.1851
vn -0.8765 -0.3162 -0.3630
vn -0.7888 -0.3162 -0.5271
vn -0.6708 -0.3162 -0.6708
vn -0.5271 -0.3162 -0.7888
vn -0.3630 -0.3162 -0.8765
vn -0.1851 -0.3162 -0.9305
vn -0.3277 0.8075 -0.4904
vn -0.2257 0.8075 -0.5449
vn -0.0000 -0.7022 0.7120
vn -0.1389 -0.7022 0.6983
vn -0.0000 0.8075 0.5898
vn -0.1151 0.8075 0.5785
vn 0.4904 0.8075 0.3277
vn 0.4171 0.8075 0.4171
vn -0.1151 0.8075 -0.5785
vn -0.2257 0.8075 0.5449
vn 0.3277 0.8075 0.4904
vn -0.0000 0.8075 -0.5898
vn -0.3277 0.8075 0.4904
vn 0.2257 0.8075 0.5449
vn 0.1151 0.8075 -0.5785
vn -0.4171 0.8075 0.4171
vn 0.1151 0.8075 0.5785
vn 0.2257 0.8075 -0.5449
vn -0.4904 0.8075 0.3277
vn 0.3277 0.8075 -0.4904
vn -0.5449 0.8075 0.2257
vn 0.4171 0.8075 -0.4171
vn -0.5785 0.8075 0.1151
vn 0.4904 0.8075 -0.3277
vn -0.5898 0.8075 -0.0000
vn 0.5449 0.8075 -0.2257
vn -0.5785 0.8075 -0.1151
vn 0.5785 0.8075 -0.1151
vn -0.5449 0.8075 -0.2257
vn 0.5898 0.8075 -0.0000
vn -0.4904 0.8075 -0.3277
vn 0.5785 0.8075 0.1151
vn -0.4171 0.8075 -0.4171
vn 0.5449 0.8075 0.2257
vn 0.3955 -0.7022 -0.5920
vn 0.5034 -0.7022 -0.5034
vn -0.2725 -0.7022 -0.6578
vn -0.1389 -0.7022 -0.6983
vn -0.2725 -0.7022 0.6578
vn 0.5920 -0.7022 -0.3955
vn -0.0000 -0.7022 -0.7120
vn -0.3955 -0.7022 0.5920
vn 0.6578 -0.7022 -0.2725
vn -0.5034 -0.7022 0.5034
vn 0.6983 -0.7022 -0.1389
vn -0.5920 -0.7022 0.3955
vn 0.7120 -0.7022 -0.0000
vn -0.6578 -0.7022 0.2725
vn 0.6983 -0.7022 0.1389
vn -0.6983 -0.7022 0.1389
vn 0.6578 -0.7022 0.2725
vn -0.7120 -0.7022 -0.0000
vn 0.5920 -0.7022 0.3955
vn -0.6983 -0.7022 -0.1389
vn 0.5034 -0.7022 0.5034
vn -0.6578 -0.7022 -0.2725
vn 0.3955 -0.7022 0.5920
vn -0.5920 -0.7022 -0.3955
vn 0.2725 -0.7022 0.6578
vn 0.1389 -0.7022 -0.6983
vn -0.5034 -0.7022 -0.5034
vn 0.1389 -0.7022 0.6983
vn 0.2725 -0.7022 -0.6578
vn -0.3955 -0.7022 -0.5920
vn -0.8100 -0.4810 0.3355
vn -0.8599 -0.4810 0.1710
vn 0.8599 -0.4810 0.1710
vn 0.8100 -0.4810 0.3355
vn -0.8767 -0.4810 -0.0000
vn 0.7289 -0.4810 0.4871
vn -0.8599 -0.4810 -0.1710
vn 0.6199 -0.4810 0.6199
vn -0.8100 -0.4810 -0.3355
vn 0.4871 -0.4810 0.7289
vn -0.7290 -0.4810 -0.4871
vn 0.3355 -0.4810 0.8100
vn -0.0000 -0.4810 -0.8767
vn 0.1710 -0.4810 -0.8599
vn -0.6199 -0.4810 -0.6199
vn 0.1710 -0.4810 0.8599
vn 0.3355 -0.4810 -0.8100
vn -0.4871 -0.4810 -0.7289
vn -0.0000 -0.4810 0.8767
vn 0.4871 -0.4810 -0.7289
vn -0.3355 -0.4810 -0.8100
vn -0.1710 -0.4810 0.8599
vn 0.6199 -0.4810 -0.6199
vn -0.1710 -0.4810 -0.8599
vn -0.3355 -0.4810 0.8100
vn 0.7289 -0.4810 -0.4871
vn -0.4871 -0.4810 0.7289
vn 0.8100 -0.4810 -0.3355
vn -0.6199 -0.4810 0.6199
vn 0.8599 -0.4810 -0.1710
vn -0.7289 -0.4810 0.4871
vn 0.8767 -0.4810 -0.0000
vn -0.0000 0.9969 0.0784
vn -0.0000 0.9999 0.0157
vn 1.0000 -0.0000 0.0095
vn -0.0000 -0.9999 0.0157
vn -0.0000 -0.9770 0.2132
vn -0.0000 -0.9853 0.1710
vn 0.9989 -0.0000 0.0477
vn -1.0000 -0.0000 0.0095
vn -0.0000 -0.9969 0.0784
vn 0.9915 -0.0000 0.1298
vn 0.9945 -0.0000 0.1048
vn -0.9989 -0.0000 0.0477
vn -0.9945 -0.0000 0.1048
vn -0.9915 -0.0000 0.1298
vn -0.0000 0.9853 0.1710
vn -0.0000 0.9770 0.2132
vn -0.0000 -0.0204 0.9998
vn -0.0000 -0.2708 0.9626
vn -0.0000 0.2610 0.9653
vn -0.0000 0.9751 0.2218
vn -0.0000 0.9017 0.4323
vn -0.0000 1.0000 0.0022
vn -0.0000 -0.8125 0.5829
vn -0.0000 -0.9252 0.3794
vn -0.0000 -0.6644 0.7474
vn -0.0000 -0.8390 -0.5441
vn -0.0000 -0.6268 -0.7792
vn -0.0000 -0.9682 -0.2501
vn -0.0000 0.2562 -0.9666
vn -0.0000 0.5481 -0.8364
vn -0.0000 -0.0449 -0.9990
vn -0.0000 0.9980 0.0632
vn -0.0000 0.9372 0.3487
vn -0.0000 0.9672 -0.2541
vn -0.0000 0.7884 0.6152
vn -0.0000 0.6809 0.7324
vn -0.0000 0.8116 -0.5843
vn -0.0000 -0.3512 -0.9363
vn -0.0000 -0.9962 0.0871
vn -0.0000 -0.4772 0.8788
vn -0.0000 0.4819 0.8762
vn -0.0000 0.6426 0.7662
vn -0.0000 0.2606 -0.9655
vn -0.0000 0.0068 -1.0000
vn -0.0000 -0.2882 -0.9576
vn -0.0000 -0.9160 -0.4011
vn -0.0000 -0.9285 -0.3714
vn -0.0000 -0.9119 -0.4105
vn -0.0000 0.9216 -0.3881
vn -0.0000 0.8001 -0.5999
vn -0.0000 0.6455 -0.7637
vn -0.0000 0.6175 0.7866
vn -0.0000 0.8321 0.5547
vn -0.0000 0.9689 0.2474
vn -0.0000 -0.5518 0.8340
vn -0.0000 -0.2535 0.9673
vn -0.0000 0.0492 0.9988
vn -0.0000 -0.9435 -0.3313
vn -0.0000 -0.9983 -0.0588
vn -0.0000 -0.9667 0.2559
vn -0.0000 -0.8857 -0.4643
vn -0.0000 -0.8888 -0.4583
vn -0.0000 -0.8147 0.5799
vn -0.0000 0.3497 0.9369
vn -0.0000 0.9954 -0.0963
vn -0.0000 0.4641 -0.8858
vn -0.0000 -0.5357 -0.8444
vn -0.0000 -0.7067 -0.7075
vn -0.0000 0.9602 -0.2793
vn -0.0000 0.8938 -0.4484
vn -0.0000 -0.2949 0.9555
vn -0.0000 -0.8453 0.5342
vn -0.0000 0.7878 0.6160
vn -0.0000 -0.8333 -0.5529
vn -0.0000 0.9969 -0.0789
vn -0.0000 0.9451 -0.3267
vn -0.0000 0.9790 0.2040
vn -0.0000 0.2785 0.9604
vn -0.0000 0.4844 0.8749
vn -0.0000 0.0607 0.9982
vn -0.0000 0.5343 -0.8453
vn -0.0000 0.3246 -0.9459
vn -0.0000 0.7072 -0.7070
vn -0.0000 -0.5923 -0.8057
vn -0.0000 -0.8145 -0.5801
vn -0.0000 -0.3063 -0.9519
vn -0.0000 -0.9500 0.3124
vn -0.0000 -0.8029 0.5961
vn -0.0000 -0.9999 0.0136
vn -0.0000 0.1215 0.9926
vn -0.0000 0.4030 0.9152
vn -0.0000 -0.1970 0.9804
vn -0.0000 0.6603 0.7510
vn -0.0000 0.7710 0.6368
vn -0.0000 -0.5357 0.8444
vn -0.0000 -0.9553 -0.2958
vn -0.0000 0.0286 -0.9996
vn -0.0000 0.8493 -0.5278
vn -0.0000 0.9029 0.4298
vn -0.0000 0.8025 0.5967
vn -0.0000 -0.9485 0.3167
vn -0.0000 -0.9979 0.0653
vn -0.0000 -0.9728 -0.2317
vn -0.0000 -0.4541 -0.8910
vn -0.0000 -0.4251 -0.9051
vn -0.0000 -0.4632 -0.8863
vn -0.0000 -0.3334 0.9428
vn -0.0000 -0.5520 0.8338
vn -0.0000 -0.7246 0.6892
vn -0.0000 0.8214 0.5703
vn -0.0000 0.6024 0.7982
vn -0.0000 0.3038 0.9528
vn -0.0000 0.8003 -0.5997
vn -0.0000 0.9508 -0.3097
vn -0.0000 1.0000 -0.0093
vn -0.0000 -0.3860 -0.9225
vn -0.0000 -0.1171 -0.9931
vn -0.0000 0.1988 -0.9800
vn -0.0000 -0.5153 -0.8570
vn -0.0000 -0.5095 -0.8604
vn -0.0000 0.5312 -0.8473
vn -0.0000 0.9557 0.2943
vn -0.0000 -0.0378 0.9993
vn -0.0000 -0.8571 0.5152
vn -0.0000 -0.8743 -0.4854
vn -0.0000 -0.7477 -0.6641
vn -0.0000 -0.2226 0.9749
vn -0.0000 -0.3954 0.9185
vn -0.0000 0.9856 -0.1690
vn -0.0000 0.2934 -0.9560
vn -0.0000 0.6611 0.7503
vn -0.0000 -0.6007 -0.7995
vn -0.9910 -0.0946 0.0946
vn -0.9910 -0.0512 0.1236
vn -0.9853 -0.0654 0.1579
vn -0.9853 -0.1209 0.1209
vn -0.0000 0.3827 -0.9239
vn -0.0000 0.7071 -0.7071
vn -0.0000 0.9239 -0.3827
vn -0.0000 0.9239 0.3827
vn -0.0000 0.7071 0.7071
vn -0.0000 0.3827 0.9239
vn -0.0000 -0.3827 0.9239
vn -0.0000 -0.7071 0.7071
vn -0.0000 -0.9239 0.3827
vn -0.0000 -0.9239 -0.3827
vn -0.0000 -0.7071 -0.7071
vn -0.0000 -0.3827 -0.9239
vn -0.9910 0.0512 0.1236
vn -0.9910 -0.0000 0.1337
vn -0.9910 0.0946 0.0946
vn -0.9910 0.1236 0.0512
vn -0.9910 0.1337 -0.0000
vn -0.9910 0.1236 -0.0512
vn -0.9910 0.0946 -0.0946
vn -0.9910 0.0512 -0.1236
vn -0.9910 -0.0000 -0.1337
vn -0.9910 -0.0512 -0.1236
vn -0.9910 -0.0946 -0.0946
vn -0.9910 -0.1236 -0.0512
vn -0.9910 -0.1338 -0.0000
vn -0.9910 -0.1236 0.0512
vn -0.9853 -0.0000 0.1710
vn -0.9853 0.0654 0.1579
vn -0.9853 0.1209 0.1209
vn -0.9853 0.1579 0.0654
vn -0.9853 0.1710 -0.0000
vn -0.9853 0.1579 -0.0654
vn -0.9853 0.1209 -0.1209
vn -0.9853 0.0654 -0.1579
vn -0.9853 -0.0000 -0.1710
vn -0.9853 -0.0654 -0.1579
vn -0.9853 -0.1209 -0.1209
vn -0.9853 -0.1579 -0.0654
vn -0.9853 -0.1710 -0.0000
vn -0.9853 -0.1579 0.0654
vn 0.9910 -0.0946 0.0946
vn 0.9853 -0.1209 0.1209
vn 0.9853 -0.0654 0.1579
vn 0.9910 -0.0512 0.1236
vn 0.9910 0.0512 0.1236
vn 0.9910 -0.0000 0.1337
vn 0.9910 0.0946 0.0946
vn 0.9910 0.1236 0.0512
vn 0.9910 0.1337 -0.0000
vn 0.9910 0.1236 -0.0512
vn 0.9910 0.0946 -0.0946
vn 0.9910 0.0512 -0.1236
vn 0.9910 -0.0000 -0.1337
vn 0.9910 -0.0512 -0.1236
vn 0.9910 -0.0946 -0.0946
vn 0.9910 -0.1236 -0.0512
vn 0.9910 -0.1337 -0.0000
vn 0.9910 -0.1236 0.0512
vn 0.9853 -0.0000 0.1710
vn 0.9853 -0.1579 0.0654
vn 0.9853 -0.1710 -0.0000
vn 0.9853 -0.1579 -0.0654
vn 0.9853 -0.1209 -0.1209
vn 0.9853 -0.0654 -0.1579
vn 0.9853 -0.0000 -0.1710
vn 0.9853 0.0654 -0.1579
vn 0.9853 0.1209 -0.1209
vn 0.9853 0.1579 -0.0654
vn 0.9853 0.1710 -0.0000
vn 0.9853 0.1579 0.0654
vn 0.9853 0.1209 0.1209
vn 0.9853 0.0654 0.1579
vn -0.9910 -0.0805 0.1068
vn -0.9910 -0.0335 0.1295
vn -0.9853 -0.0428 0.1655
vn -0.9853 -0.1029 0.1365
vn -0.0000 0.2503 -0.9682
vn -0.0000 -0.1392 -0.9903
vn -0.0000 0.6018 -0.7987
vn -0.0000 0.8616 -0.5076
vn -0.0000 0.9903 -0.1393
vn -0.0000 0.9682 0.2503
vn -0.0000 0.7987 0.6018
vn -0.0000 0.5076 0.8616
vn -0.0000 0.1392 0.9903
vn -0.0000 -0.2503 0.9682
vn -0.0000 -0.6018 0.7987
vn -0.0000 -0.8616 0.5076
vn -0.0000 -0.9903 0.1393
vn -0.0000 -0.9682 -0.2503
vn -0.0000 -0.7987 -0.6018
vn -0.0000 -0.5076 -0.8616
vn -0.9910 0.0679 0.1152
vn -0.9910 0.0186 0.1324
vn -0.9910 0.1068 0.0805
vn -0.9910 0.1295 0.0335
vn -0.9910 0.1324 -0.0186
vn -0.9910 0.1152 -0.0679
vn -0.9910 0.0805 -0.1068
vn -0.9910 0.0335 -0.1295
vn -0.9910 -0.0186 -0.1324
vn -0.9910 -0.0679 -0.1152
vn -0.9910 -0.1068 -0.0805
vn -0.9910 -0.1295 -0.0335
vn -0.9910 -0.1324 0.0186
vn -0.9910 -0.1152 0.0679
vn -0.9853 0.0238 0.1693
vn -0.9853 0.0868 0.1473
vn -0.9853 0.1365 0.1029
vn -0.9853 0.1655 0.0428
vn -0.9853 0.1693 -0.0238
vn -0.9853 0.1473 -0.0868
vn -0.9853 0.1029 -0.1365
vn -0.9853 0.0428 -0.1655
vn -0.9853 -0.0238 -0.1693
vn -0.9853 -0.0868 -0.1473
vn -0.9853 -0.1365 -0.1029
vn -0.9853 -0.1655 -0.0428
vn -0.9853 -0.1693 0.0238
vn -0.9853 -0.1473 0.0868
vn 0.9910 -0.0805 0.1068
vn 0.9853 -0.1029 0.1365
vn 0.9853 -0.0428 0.1655
vn 0.9910 -0.0335 0.1295
vn 0.9910 0.0679 0.1152
vn 0.9910 0.0186 0.1324
vn 0.9910 0.1068 0.0805
vn 0.9910 0.1295 0.0335
vn 0.9910 0.1324 -0.0186
vn 0.9910 0.1152 -0.0679
vn 0.9910 0.0805 -0.1068
vn 0.9910 0.0335 -0.1295
vn 0.9910 -0.0186 -0.1324
vn 0.9910 -0.0679 -0.1152
vn 0.9910 -0.1068 -0.0805
vn 0.9910 -0.1295 -0.0335
vn 0.9910 -0.1324 0.0186
vn 0.9910 -0.1152 0.0679
vn 0.9853 0.0238 0.1693
vn 0.9853 -0.1473 0.0868
vn 0.9853 -0.1693 0.0238
vn 0.9853 -0.1655 -0.0428
vn 0.9853 -0.1365 -0.1029
vn 0.9853 -0.0868 -0.1473
vn 0.9853 -0.0238 -0.1693
vn 0.9853 0.0428 -0.1655
vn 0.9853 0.1029 -0.1365
vn 0.9853 0.1473 -0.0868
vn 0.9853 0.1693 -0.0238
vn 0.9853 0.1655 0.0428
vn 0.9853 0.1365 0.1029
vn 0.9853 0.0868 0.1473
vn -0.9910 -0.1337 -0.0000
vn 0.9910 0.1338 -0.0000
vt 0.023276 0.010335
vt 0.022277 0.005457
vt 0.027002 0.007145
vt 0.028668 0.011848
vt 0.125627 0.010300
vt 0.124631 0.005465
vt 0.129359 0.007175
vt 0.131022 0.011854
vt 0.057387 0.010335
vt 0.056396 0.005457
vt 0.061127 0.007144
vt 0.062787 0.011848
vt 0.091509 0.010312
vt 0.090513 0.005463
vt 0.095241 0.007165
vt 0.096905 0.011852
vt 0.851028 0.709993
vt 0.856028 0.709544
vt 0.853859 0.714065
vt 0.848978 0.715201
vt 0.832946 0.707013
vt 0.837730 0.708535
vt 0.838603 0.714063
vt 0.834084 0.711897
vt 0.844338 0.709639
vt 0.843728 0.715200
vt 0.836252 0.692122
vt 0.841134 0.690982
vt 0.839084 0.696181
vt 0.834084 0.696638
vt 0.837897 0.702301
vt 0.832946 0.701762
vt 0.846384 0.690981
vt 0.845775 0.696532
vt 0.845057 0.703083
vt 0.851509 0.692119
vt 0.852383 0.697639
vt 0.852215 0.703871
vt 0.856027 0.694290
vt 0.857165 0.699169
vt 0.857165 0.704418
vt 0.023276 0.023239
vt 0.028668 0.023262
vt 0.028668 0.643105
vt 0.023276 0.643064
vt 0.107803 0.023264
vt 0.113199 0.023200
vt 0.113199 0.642837
vt 0.107803 0.642920
vt 0.017064 0.023231
vt 0.017064 0.643050
vt 0.044959 0.023239
vt 0.051172 0.023231
vt 0.051172 0.643050
vt 0.044959 0.643064
vt 0.125627 0.023200
vt 0.131022 0.023264
vt 0.131022 0.642920
vt 0.125627 0.642837
vt 0.057387 0.023239
vt 0.062787 0.023261
vt 0.062787 0.643105
vt 0.057387 0.643064
vt 0.085295 0.023196
vt 0.091509 0.023214
vt 0.091509 0.642928
vt 0.085295 0.642904
vt 0.039568 0.023262
vt 0.039568 0.643105
vt 0.005448 0.023261
vt 0.010849 0.023239
vt 0.010849 0.643064
vt 0.005448 0.643105
vt 0.091888 0.016966
vt 0.097477 0.017055
vt 0.096905 0.023264
vt 0.119413 0.023178
vt 0.119413 0.642809
vt 0.073685 0.023264
vt 0.073113 0.017055
vt 0.078702 0.016966
vt 0.079081 0.023214
vt 0.085295 0.016935
vt 0.073685 0.011852
vt 0.079081 0.010312
vt 0.085295 0.009775
vt 0.075348 0.007165
vt 0.080076 0.005463
vt 0.085295 0.004877
vt 0.057764 0.017003
vt 0.063359 0.017057
vt 0.096905 0.642996
vt 0.038995 0.017058
vt 0.044578 0.017003
vt 0.051169 0.016984
vt 0.039568 0.011848
vt 0.044959 0.010335
vt 0.051172 0.009807
vt 0.041233 0.007145
vt 0.045959 0.005457
vt 0.051177 0.004877
vt 0.126006 0.016947
vt 0.131595 0.017054
vt 0.079081 0.642928
vt 0.073685 0.642996
vt 0.107230 0.017054
vt 0.112820 0.016947
vt 0.119413 0.016910
vt 0.107803 0.011854
vt 0.113199 0.010300
vt 0.119413 0.009758
vt 0.109466 0.007175
vt 0.114194 0.005465
vt 0.119413 0.004877
vt 0.023657 0.017003
vt 0.029241 0.017058
vt 0.004877 0.017057
vt 0.010472 0.017003
vt 0.017066 0.016984
vt 0.005448 0.011848
vt 0.010849 0.010335
vt 0.017064 0.009807
vt 0.007109 0.007144
vt 0.011840 0.005457
vt 0.017059 0.004877
vt 0.901405 0.495405
vt 0.907864 0.495454
vt 0.907864 0.910787
vt 0.901405 0.910738
vt 0.915467 0.004942
vt 0.921927 0.004894
vt 0.921927 0.420226
vt 0.915467 0.420275
vt 0.952996 0.005009
vt 0.959450 0.004911
vt 0.959450 0.420117
vt 0.952996 0.420216
vt 0.936793 0.004894
vt 0.943242 0.004943
vt 0.943242 0.420275
vt 0.936793 0.420226
vt 0.966883 0.004877
vt 0.966883 0.420083
vt 0.842832 0.603495
vt 0.837987 0.607276
vt 0.836533 0.606234
vt 0.841906 0.602042
vt 0.880089 0.495455
vt 0.886538 0.495406
vt 0.886538 0.910738
vt 0.880089 0.910787
vt 0.938939 0.495417
vt 0.945393 0.495499
vt 0.945393 0.910757
vt 0.938939 0.910675
vt 0.893970 0.495389
vt 0.893970 0.910721
vt 0.837987 0.625340
vt 0.841767 0.630186
vt 0.840725 0.631639
vt 0.836533 0.626266
vt 0.974316 0.004911
vt 0.974316 0.420117
vt 0.917618 0.495499
vt 0.924073 0.495417
vt 0.924073 0.910675
vt 0.917618 0.910757
vt 0.980771 0.005009
vt 0.980771 0.420216
vt 0.929362 0.004877
vt 0.929362 0.420209
vt 0.931506 0.495389
vt 0.931506 0.910647
vt 0.853868 0.632209
vt 0.859832 0.630186
vt 0.860757 0.631639
vt 0.854144 0.633882
vt 0.855094 0.601472
vt 0.848796 0.601472
vt 0.848520 0.599799
vt 0.855503 0.599798
vt 0.860896 0.603495
vt 0.861938 0.602042
vt 0.847570 0.632209
vt 0.847160 0.633882
vt 0.835963 0.613078
vt 0.835963 0.619376
vt 0.834290 0.619652
vt 0.834290 0.612669
vt 0.864677 0.626405
vt 0.866131 0.627447
vt 0.866700 0.614305
vt 0.864677 0.608340
vt 0.866130 0.607415
vt 0.868373 0.614029
vt 0.866700 0.620603
vt 0.868374 0.621012
vt 0.867293 0.606673
vt 0.869713 0.613807
vt 0.869713 0.621341
vt 0.867293 0.628282
vt 0.861498 0.632804
vt 0.854363 0.635224
vt 0.848296 0.598457
vt 0.855830 0.598457
vt 0.835366 0.605399
vt 0.841162 0.600877
vt 0.846830 0.635224
vt 0.839888 0.632804
vt 0.832946 0.612341
vt 0.835366 0.627008
vt 0.862771 0.600877
vt 0.832946 0.619874
vt 0.972786 0.495389
vt 0.982234 0.495410
vt 0.982234 0.891992
vt 0.972786 0.891971
vt 0.090351 0.686388
vt 0.094873 0.692183
vt 0.092999 0.694798
vt 0.087737 0.688053
vt 0.249095 0.598457
vt 0.258541 0.598501
vt 0.258541 0.994962
vt 0.249095 0.994919
vt 0.186398 0.598597
vt 0.194600 0.598493
vt 0.194600 0.995004
vt 0.186398 0.995108
vt 0.149557 0.598478
vt 0.159005 0.598457
vt 0.159005 0.995039
vt 0.149557 0.995061
vt 0.204046 0.598457
vt 0.213492 0.598493
vt 0.213492 0.995004
vt 0.204046 0.994968
vt 0.266743 0.598625
vt 0.266743 0.995087
vt 0.141348 0.598540
vt 0.141348 0.995122
vt 0.231447 0.598625
vt 0.239650 0.598501
vt 0.239650 0.994962
vt 0.231447 0.995087
vt 0.990443 0.495472
vt 0.990443 0.892054
vt 0.168449 0.598479
vt 0.176644 0.598541
vt 0.176644 0.995123
vt 0.168449 0.995061
vt 0.096147 0.660257
vt 0.090351 0.664779
vt 0.087736 0.662904
vt 0.094482 0.657642
vt 0.955147 0.495472
vt 0.963342 0.495410
vt 0.963342 0.891992
vt 0.955147 0.892055
vt 0.221694 0.598597
vt 0.221694 0.995108
vt 0.103281 0.657836
vt 0.102785 0.654827
vt 0.101815 0.694604
vt 0.101078 0.697614
vt 0.087931 0.671720
vt 0.087931 0.679253
vt 0.084921 0.679750
vt 0.084921 0.670983
vt 0.116482 0.692183
vt 0.122278 0.687661
vt 0.124893 0.689536
vt 0.118148 0.694798
vt 0.124698 0.673186
vt 0.122278 0.666052
vt 0.124892 0.664387
vt 0.127708 0.672690
vt 0.109348 0.694604
vt 0.109845 0.697613
vt 0.124698 0.680720
vt 0.127709 0.681457
vt 0.117756 0.660257
vt 0.119630 0.657642
vt 0.110815 0.657836
vt 0.111552 0.654826
vt 0.126598 0.663300
vt 0.129673 0.672366
vt 0.129673 0.681939
vt 0.126598 0.690760
vt 0.119233 0.696506
vt 0.110167 0.699582
vt 0.102457 0.652859
vt 0.112031 0.652859
vt 0.086026 0.661681
vt 0.093391 0.655935
vt 0.100593 0.699582
vt 0.091773 0.696506
vt 0.082951 0.670502
vt 0.086026 0.689141
vt 0.120851 0.655935
vt 0.082951 0.680075
vt 0.853989 0.503177
vt 0.853989 0.143958
vt 0.857524 0.143948
vt 0.857524 0.503167
vt 0.864457 0.503206
vt 0.864457 0.143987
vt 0.867590 0.144035
vt 0.867590 0.503254
vt 0.870336 0.144100
vt 0.870336 0.503319
vt 0.465692 0.588703
vt 0.204336 0.342107
vt 0.206194 0.340090
vt 0.467550 0.586686
vt 0.208324 0.337797
vt 0.469680 0.584393
vt 0.210645 0.335315
vt 0.472001 0.581912
vt 0.213066 0.332741
vt 0.474423 0.579337
vt 0.215496 0.330173
vt 0.476852 0.576769
vt 0.217841 0.327710
vt 0.479197 0.574306
vt 0.220010 0.325446
vt 0.481366 0.572043
vt 0.221920 0.323469
vt 0.483276 0.570066
vt 0.880089 0.482671
vt 0.880089 0.123407
vt 0.882835 0.123354
vt 0.882835 0.482617
vt 0.885967 0.123314
vt 0.885967 0.482578
vt 0.889366 0.123289
vt 0.889366 0.482553
vt 0.892901 0.123281
vt 0.892901 0.482545
vt 0.896436 0.123289
vt 0.896436 0.482553
vt 0.899835 0.123314
vt 0.899835 0.482578
vt 0.902968 0.123354
vt 0.902968 0.482617
vt 0.905713 0.123407
vt 0.905713 0.482671
vt 0.493030 0.570066
vt 0.754386 0.323469
vt 0.756297 0.325446
vt 0.494940 0.572043
vt 0.758466 0.327710
vt 0.497110 0.574306
vt 0.760810 0.330173
vt 0.499454 0.576769
vt 0.763240 0.332741
vt 0.501884 0.579337
vt 0.765662 0.335315
vt 0.504306 0.581912
vt 0.767982 0.337797
vt 0.506626 0.584393
vt 0.770113 0.340090
vt 0.508757 0.586686
vt 0.771971 0.342107
vt 0.510615 0.588703
vt 0.844712 0.503319
vt 0.844712 0.144100
vt 0.847457 0.144035
vt 0.847457 0.503254
vt 0.850590 0.143987
vt 0.850590 0.503206
vt 0.186897 0.308041
vt 0.189773 0.305989
vt 0.861058 0.503177
vt 0.861058 0.143958
vt 0.780867 0.301982
vt 0.778296 0.300180
vt 0.794949 0.271112
vt 0.797826 0.272381
vt 0.892901 0.091441
vt 0.896436 0.091381
vt 0.789409 0.308041
vt 0.792167 0.310021
vt 0.867590 0.105918
vt 0.870336 0.106420
vt 0.880089 0.090531
vt 0.882835 0.090917
vt 0.850590 0.105545
vt 0.853989 0.105315
vt 0.192658 0.303943
vt 0.899835 0.091205
vt 0.794700 0.311852
vt 0.179396 0.313463
vt 0.181607 0.311852
vt 0.885967 0.091205
vt 0.783649 0.303943
vt 0.857524 0.105238
vt 0.861058 0.105315
vt 0.195439 0.301982
vt 0.902968 0.090917
vt 0.796911 0.313463
vt 0.184140 0.310021
vt 0.889366 0.091381
vt 0.786533 0.305989
vt 0.864457 0.105545
vt 0.198011 0.300180
vt 0.905713 0.090531
vt 0.844712 0.106420
vt 0.847457 0.105918
vt 0.200274 0.298609
vt 0.776032 0.298609
vt 0.807387 0.276662
vt 0.804166 0.275210
vt 0.815464 0.241585
vt 0.818905 0.242381
vt 0.172140 0.275210
vt 0.175368 0.273765
vt 0.800938 0.273765
vt 0.178480 0.272381
vt 0.181357 0.271112
vt 0.183888 0.270007
vt 0.810475 0.278064
vt 0.880089 0.058762
vt 0.882835 0.059573
vt 0.813313 0.279363
vt 0.885967 0.060176
vt 0.857524 0.068230
vt 0.861058 0.068372
vt 0.815791 0.280508
vt 0.889366 0.060547
vt 0.864457 0.068793
vt 0.844712 0.070398
vt 0.847457 0.069477
vt 0.892901 0.060673
vt 0.867590 0.069477
vt 0.850590 0.068793
vt 0.896436 0.060547
vt 0.870336 0.070398
vt 0.853989 0.068372
vt 0.899835 0.060176
vt 0.160515 0.280508
vt 0.162993 0.279363
vt 0.902968 0.059573
vt 0.165832 0.278064
vt 0.905713 0.058762
vt 0.168920 0.276662
vt 0.792419 0.270007
vt 0.861058 0.034545
vt 0.857524 0.034343
vt 0.857524 0.004877
vt 0.861058 0.005130
vt 0.170687 0.239355
vt 0.173389 0.238759
vt 0.822205 0.243152
vt 0.880089 0.029316
vt 0.882835 0.030522
vt 0.825239 0.243870
vt 0.885967 0.031417
vt 0.827888 0.244506
vt 0.889366 0.031969
vt 0.864457 0.035141
vt 0.844712 0.037414
vt 0.847457 0.036110
vt 0.892901 0.032155
vt 0.867590 0.036110
vt 0.850590 0.035141
vt 0.896436 0.031969
vt 0.870336 0.037414
vt 0.853989 0.034545
vt 0.899835 0.031417
vt 0.148418 0.244506
vt 0.151068 0.243870
vt 0.902968 0.030522
vt 0.154101 0.243152
vt 0.905713 0.029316
vt 0.157401 0.242381
vt 0.802918 0.238759
vt 0.805620 0.239355
vt 0.160842 0.241585
vt 0.808691 0.240043
vt 0.164291 0.240795
vt 0.812016 0.240795
vt 0.167615 0.240043
vt 0.143569 0.206835
vt 0.141348 0.206927
vt 0.143961 0.168592
vt 0.146152 0.168940
vt 0.830020 0.206732
vt 0.832738 0.206835
vt 0.885967 0.006031
vt 0.889366 0.006742
vt 0.864457 0.005878
vt 0.830052 0.245035
vt 0.834958 0.206927
vt 0.892901 0.006982
vt 0.867590 0.007095
vt 0.847457 0.007095
vt 0.850590 0.005878
vt 0.896436 0.006742
vt 0.146254 0.245035
vt 0.853989 0.005130
vt 0.899835 0.006031
vt 0.146287 0.206732
vt 0.902968 0.004877
vt 0.149398 0.206623
vt 0.800690 0.238278
vt 0.804843 0.206020
vt 0.807127 0.206064
vt 0.152783 0.206512
vt 0.809897 0.206126
vt 0.156313 0.206402
vt 0.813048 0.206206
vt 0.159849 0.206299
vt 0.816457 0.206299
vt 0.163259 0.206206
vt 0.819994 0.206402
vt 0.166409 0.206126
vt 0.823523 0.206512
vt 0.169179 0.206064
vt 0.826908 0.206623
vt 0.175616 0.238278
vt 0.171463 0.206020
vt 0.882835 0.004877
vt 0.155243 0.170429
vt 0.151903 0.169877
vt 0.161520 0.134322
vt 0.164686 0.135517
vt 0.292844 0.598704
vt 0.296243 0.599435
vt 0.296243 0.629330
vt 0.292844 0.628755
vt 0.331621 0.831982
vt 0.328222 0.831256
vt 0.328222 0.806441
vt 0.331621 0.807010
vt 0.148833 0.169374
vt 0.289309 0.598457
vt 0.289309 0.628560
vt 0.334753 0.833161
vt 0.334753 0.807935
vt 0.802631 0.173571
vt 0.804885 0.173175
vt 0.807619 0.172701
vt 0.158725 0.171010
vt 0.810727 0.172168
vt 0.162215 0.171597
vt 0.814091 0.171597
vt 0.165579 0.172168
vt 0.817581 0.171010
vt 0.168688 0.172701
vt 0.821063 0.170429
vt 0.171421 0.173175
vt 0.824403 0.169877
vt 0.173675 0.173571
vt 0.827473 0.169374
vt 0.317753 0.831982
vt 0.314620 0.833161
vt 0.314621 0.807935
vt 0.317753 0.807010
vt 0.285774 0.598704
vt 0.285774 0.628755
vt 0.830155 0.168940
vt 0.321152 0.831255
vt 0.321152 0.806441
vt 0.282375 0.599435
vt 0.282375 0.629330
vt 0.832345 0.168592
vt 0.324687 0.831010
vt 0.324687 0.806248
vt 0.279243 0.600621
vt 0.279243 0.630264
vt 0.299375 0.600621
vt 0.299375 0.630264
vt 0.174487 0.139235
vt 0.171297 0.138021
vt 0.186746 0.106858
vt 0.189641 0.108667
vt 0.796278 0.141352
vt 0.798871 0.140359
vt 0.167987 0.136766
vt 0.801820 0.139235
vt 0.805010 0.138021
vt 0.808319 0.136766
vt 0.177435 0.140359
vt 0.811620 0.135517
vt 0.180029 0.141352
vt 0.814787 0.134322
vt 0.311875 0.809179
vt 0.311875 0.780046
vt 0.314621 0.779192
vt 0.817696 0.133227
vt 0.317753 0.778557
vt 0.289309 0.662925
vt 0.285774 0.663059
vt 0.820237 0.132275
vt 0.321152 0.778166
vt 0.282375 0.663457
vt 0.302121 0.631520
vt 0.302121 0.664970
vt 0.299375 0.664102
vt 0.324687 0.778034
vt 0.279243 0.664102
vt 0.296243 0.663456
vt 0.328222 0.778166
vt 0.276497 0.631520
vt 0.276497 0.664970
vt 0.292844 0.663059
vt 0.331621 0.778557
vt 0.156069 0.132275
vt 0.158610 0.133227
vt 0.334753 0.779192
vt 0.337499 0.809179
vt 0.337499 0.780046
vt 0.314621 0.748033
vt 0.311875 0.748465
vt 0.311875 0.715647
vt 0.314621 0.715654
vt 0.789560 0.106858
vt 0.792562 0.104983
vt 0.192317 0.110341
vt 0.795556 0.103113
vt 0.194671 0.111816
vt 0.798427 0.101322
vt 0.801064 0.099678
vt 0.317753 0.747712
vt 0.289309 0.700234
vt 0.285774 0.700303
vt 0.803366 0.098244
vt 0.321152 0.747515
vt 0.282375 0.700507
vt 0.302121 0.701285
vt 0.299375 0.700839
vt 0.324687 0.747448
vt 0.279243 0.700839
vt 0.296243 0.700507
vt 0.328222 0.747515
vt 0.276497 0.701285
vt 0.292844 0.700303
vt 0.331621 0.747712
vt 0.172940 0.098244
vt 0.175242 0.099678
vt 0.334753 0.748033
vt 0.177880 0.101322
vt 0.337499 0.748465
vt 0.180750 0.103113
vt 0.781635 0.111816
vt 0.783990 0.110341
vt 0.183744 0.104983
vt 0.786666 0.108667
vt 0.324687 0.715664
vt 0.321152 0.715663
vt 0.321152 0.683831
vt 0.324687 0.683900
vt 0.775951 0.072142
vt 0.778214 0.070012
vt 0.317753 0.715659
vt 0.289309 0.739056
vt 0.285774 0.739057
vt 0.780188 0.068152
vt 0.282375 0.739061
vt 0.302121 0.739074
vt 0.299375 0.739066
vt 0.279243 0.739066
vt 0.296243 0.739060
vt 0.328222 0.715663
vt 0.276497 0.739074
vt 0.292844 0.739057
vt 0.331621 0.715659
vt 0.196118 0.068152
vt 0.198093 0.070012
vt 0.334753 0.715654
vt 0.200355 0.072142
vt 0.337499 0.715647
vt 0.202820 0.074460
vt 0.761518 0.085698
vt 0.763545 0.083798
vt 0.205392 0.076878
vt 0.765847 0.081638
vt 0.207971 0.079301
vt 0.768335 0.079301
vt 0.210460 0.081638
vt 0.770915 0.076878
vt 0.212761 0.083798
vt 0.773486 0.074460
vt 0.214788 0.085698
vt 0.334753 0.683295
vt 0.331621 0.683627
vt 0.331621 0.652842
vt 0.334754 0.652197
vt 0.282375 0.777640
vt 0.279243 0.777319
vt 0.299376 0.777319
vt 0.296243 0.777640
vt 0.328222 0.683831
vt 0.276497 0.776887
vt 0.292844 0.777837
vt 0.224715 0.043152
vt 0.226284 0.045366
vt 0.289309 0.777904
vt 0.228086 0.047900
vt 0.337499 0.682849
vt 0.230049 0.050656
vt 0.736699 0.064001
vt 0.738321 0.061747
vt 0.232100 0.053529
vt 0.740161 0.059183
vt 0.234158 0.056408
vt 0.742148 0.056408
vt 0.236146 0.059183
vt 0.744207 0.053529
vt 0.237986 0.061747
vt 0.746257 0.050656
vt 0.239607 0.064001
vt 0.748221 0.047900
vt 0.311875 0.682849
vt 0.314621 0.683295
vt 0.750022 0.045366
vt 0.317753 0.683627
vt 0.285774 0.777837
vt 0.751592 0.043152
vt 0.302121 0.776887
vt 0.710592 0.042163
vt 0.709284 0.045033
vt 0.677547 0.034297
vt 0.678275 0.031230
vt 0.258738 0.026686
vt 0.260007 0.029525
vt 0.337499 0.651329
vt 0.261394 0.032614
vt 0.708128 0.047555
vt 0.262845 0.035832
vt 0.264303 0.039056
vt 0.712003 0.039056
vt 0.265714 0.042163
vt 0.713462 0.035832
vt 0.267023 0.045033
vt 0.714912 0.032614
vt 0.268179 0.047555
vt 0.716299 0.029525
vt 0.311875 0.651329
vt 0.314621 0.652197
vt 0.717569 0.026686
vt 0.317753 0.652842
vt 0.289309 0.815288
vt 0.285774 0.815156
vt 0.718673 0.024203
vt 0.321152 0.653239
vt 0.282375 0.814765
vt 0.302121 0.813276
vt 0.299376 0.814130
vt 0.324687 0.653373
vt 0.279243 0.814130
vt 0.296243 0.814765
vt 0.328222 0.653239
vt 0.276497 0.813276
vt 0.292844 0.815156
vt 0.257634 0.024203
vt 0.680653 0.021025
vt 0.679858 0.024465
vt 0.644685 0.019862
vt 0.644794 0.016333
vt 0.296448 0.024465
vt 0.297251 0.027911
vt 0.679055 0.027911
vt 0.298031 0.031230
vt 0.298759 0.034297
vt 0.299406 0.036991
vt 0.681410 0.017723
vt 0.311875 0.622295
vt 0.314621 0.623551
vt 0.682099 0.014686
vt 0.317753 0.624485
vt 0.289309 0.849775
vt 0.285774 0.849583
vt 0.682693 0.012032
vt 0.321152 0.625060
vt 0.282375 0.849014
vt 0.302121 0.846845
vt 0.299376 0.848089
vt 0.324687 0.625254
vt 0.279243 0.848089
vt 0.296243 0.849014
vt 0.328222 0.625060
vt 0.276497 0.846845
vt 0.292844 0.849583
vt 0.331621 0.624485
vt 0.293613 0.012032
vt 0.294208 0.014686
vt 0.334754 0.623552
vt 0.294897 0.017723
vt 0.337499 0.622295
vt 0.295653 0.021025
vt 0.676901 0.036991
vt 0.539387 0.598710
vt 0.542922 0.598457
vt 0.542922 0.627945
vt 0.539387 0.628146
vt 0.331978 0.029950
vt 0.332092 0.032714
vt 0.644890 0.012945
vt 0.299947 0.039210
vt 0.332196 0.034991
vt 0.644971 0.009829
vt 0.314621 0.598457
vt 0.317753 0.599644
vt 0.289309 0.880044
vt 0.285774 0.879799
vt 0.645032 0.007105
vt 0.321152 0.600374
vt 0.282376 0.879073
vt 0.683171 0.009862
vt 0.645073 0.004877
vt 0.324687 0.600621
vt 0.279243 0.877894
vt 0.299376 0.877894
vt 0.296243 0.879073
vt 0.328222 0.600374
vt 0.293136 0.009862
vt 0.331234 0.004877
vt 0.331274 0.007105
vt 0.292844 0.879799
vt 0.331621 0.599644
vt 0.331335 0.009829
vt 0.334754 0.598457
vt 0.331416 0.012945
vt 0.676359 0.039210
vt 0.644110 0.034991
vt 0.644214 0.032714
vt 0.331513 0.016333
vt 0.644328 0.029950
vt 0.331621 0.019862
vt 0.644448 0.026805
vt 0.331739 0.023398
vt 0.644568 0.023398
vt 0.331859 0.026805
vt 0.530110 0.631012
vt 0.532856 0.629709
vt 0.532856 0.663093
vt 0.530110 0.664011
vt 0.607609 0.012298
vt 0.607134 0.009610
vt 0.735841 0.600320
vt 0.739240 0.599610
vt 0.739240 0.625013
vt 0.735841 0.625564
vt 0.535988 0.599458
vt 0.535988 0.628742
vt 0.606734 0.007411
vt 0.732307 0.600560
vt 0.732307 0.625750
vt 0.532856 0.600673
vt 0.549856 0.599458
vt 0.552989 0.600673
vt 0.552989 0.629709
vt 0.549856 0.628742
vt 0.728772 0.600320
vt 0.728772 0.625564
vt 0.369572 0.007411
vt 0.369172 0.009610
vt 0.546457 0.598710
vt 0.546457 0.628146
vt 0.725373 0.599610
vt 0.725373 0.625013
vt 0.368697 0.012298
vt 0.722240 0.598457
vt 0.722240 0.624118
vt 0.368166 0.015374
vt 0.611658 0.037136
vt 0.611322 0.034889
vt 0.367598 0.018718
vt 0.610899 0.032160
vt 0.367017 0.022202
vt 0.610407 0.029055
vt 0.366443 0.025692
vt 0.609863 0.025692
vt 0.365900 0.029055
vt 0.609290 0.022202
vt 0.365407 0.032160
vt 0.608708 0.018718
vt 0.364985 0.034889
vt 0.608140 0.015374
vt 0.364648 0.037136
vt 0.742373 0.598457
vt 0.742373 0.624118
vt 0.402527 0.028089
vt 0.403737 0.024918
vt 0.436767 0.041210
vt 0.434960 0.044087
vt 0.549856 0.662410
vt 0.546457 0.661990
vt 0.728772 0.654154
vt 0.725373 0.653784
vt 0.405855 0.019452
vt 0.404861 0.022001
vt 0.542922 0.661848
vt 0.722240 0.653182
vt 0.719495 0.622914
vt 0.719495 0.652372
vt 0.579484 0.043431
vt 0.578542 0.040841
vt 0.401277 0.031394
vt 0.577457 0.037895
vt 0.400035 0.034705
vt 0.576271 0.034705
vt 0.398849 0.037895
vt 0.575029 0.031394
vt 0.397764 0.040841
vt 0.573779 0.028089
vt 0.396822 0.043431
vt 0.572569 0.024918
vt 0.745118 0.622914
vt 0.745118 0.652372
vt 0.742373 0.653182
vt 0.571445 0.022001
vt 0.739240 0.653784
vt 0.539387 0.661990
vt 0.570452 0.019452
vt 0.735841 0.654154
vt 0.535988 0.662410
vt 0.555734 0.631012
vt 0.555734 0.664011
vt 0.552989 0.663093
vt 0.732307 0.654279
vt 0.429444 0.052986
vt 0.431227 0.050091
vt 0.458821 0.071260
vt 0.456511 0.073750
vt 0.549922 0.058013
vt 0.548497 0.055661
vt 0.433089 0.047086
vt 0.546863 0.052986
vt 0.545080 0.050091
vt 0.543217 0.047086
vt 0.427809 0.055661
vt 0.541347 0.044087
vt 0.426385 0.058013
vt 0.539540 0.041210
vt 0.745118 0.684149
vt 0.742373 0.684534
vt 0.537866 0.038565
vt 0.739240 0.684819
vt 0.542922 0.698866
vt 0.539387 0.698943
vt 0.536390 0.036253
vt 0.735841 0.684995
vt 0.535988 0.699172
vt 0.555734 0.700044
vt 0.552989 0.699544
vt 0.732307 0.685055
vt 0.532856 0.699544
vt 0.549856 0.699172
vt 0.728772 0.684995
vt 0.530110 0.700044
vt 0.546457 0.698943
vt 0.725373 0.684819
vt 0.439916 0.036253
vt 0.438440 0.038565
vt 0.722240 0.684534
vt 0.719495 0.684149
vt 0.742373 0.716972
vt 0.745118 0.717027
vt 0.745118 0.735141
vt 0.742373 0.735085
vt 0.517485 0.071260
vt 0.515073 0.068676
vt 0.454389 0.076052
vt 0.512654 0.066098
vt 0.452539 0.078076
vt 0.510319 0.063626
vt 0.508158 0.061354
vt 0.739240 0.716930
vt 0.542922 0.737580
vt 0.539387 0.737590
vt 0.506256 0.059370
vt 0.735841 0.716905
vt 0.535988 0.737618
vt 0.555734 0.737727
vt 0.552989 0.737665
vt 0.732307 0.716896
vt 0.532856 0.737665
vt 0.549856 0.737618
vt 0.728772 0.716905
vt 0.530110 0.737727
vt 0.546457 0.737590
vt 0.725373 0.716930
vt 0.470050 0.059370
vt 0.468148 0.061354
vt 0.722240 0.716972
vt 0.465988 0.063626
vt 0.719495 0.717027
vt 0.463653 0.066098
vt 0.523767 0.078076
vt 0.521917 0.076052
vt 0.461233 0.068676
vt 0.519796 0.073750
vt 0.822908 0.785659
vt 0.822925 0.792729
vt 0.817648 0.792729
vt 0.817631 0.785659
vt 0.497093 0.076008
vt 0.494932 0.073736
vt 0.739240 0.735044
vt 0.542922 0.755692
vt 0.539387 0.755702
vt 0.493030 0.071751
vt 0.735841 0.735018
vt 0.535988 0.755730
vt 0.555734 0.755839
vt 0.552989 0.755777
vt 0.732307 0.735010
vt 0.532856 0.755777
vt 0.549856 0.755730
vt 0.728772 0.735018
vt 0.530110 0.755839
vt 0.546457 0.755702
vt 0.725373 0.735044
vt 0.483276 0.071751
vt 0.481374 0.073736
vt 0.722240 0.735085
vt 0.479214 0.076008
vt 0.719495 0.735141
vt 0.476879 0.078480
vt 0.510542 0.090458
vt 0.508691 0.088433
vt 0.474459 0.081057
vt 0.506570 0.086132
vt 0.472047 0.083641
vt 0.504259 0.083641
vt 0.469736 0.086132
vt 0.501847 0.081057
vt 0.467615 0.088433
vt 0.499428 0.078480
vt 0.465765 0.090458
vt 0.822663 0.767105
vt 0.822774 0.772596
vt 0.817497 0.772596
vt 0.817386 0.767105
vt 0.633156 0.788337
vt 0.633281 0.793829
vt 0.628006 0.793829
vt 0.627881 0.788337
vt 0.633432 0.821031
vt 0.633374 0.827829
vt 0.628099 0.827829
vt 0.628156 0.821031
vt 0.822857 0.778861
vt 0.817580 0.778861
vt 0.004966 0.694304
vt 0.005031 0.688806
vt 0.010309 0.688786
vt 0.010243 0.694283
vt 0.399330 0.945678
vt 0.400689 0.942396
vt 0.414391 0.946553
vt 0.411958 0.952428
vt 0.004917 0.700574
vt 0.010195 0.700553
vt 0.633374 0.800094
vt 0.633432 0.806892
vt 0.628156 0.806892
vt 0.628099 0.800094
vt 0.004887 0.707375
vt 0.010165 0.707354
vt 0.823104 0.680167
vt 0.823038 0.685652
vt 0.817761 0.685632
vt 0.817826 0.680147
vt 0.004877 0.714445
vt 0.010154 0.714425
vt 0.823152 0.673908
vt 0.817875 0.673887
vt 0.004887 0.721514
vt 0.010165 0.721494
vt 0.823182 0.667112
vt 0.817905 0.667092
vt 0.004917 0.728309
vt 0.010195 0.728289
vt 0.823193 0.660044
vt 0.817915 0.660023
vt 0.004966 0.734569
vt 0.010243 0.734549
vt 0.823182 0.652973
vt 0.817905 0.652952
vt 0.005031 0.740054
vt 0.010309 0.740034
vt 0.823152 0.646172
vt 0.817875 0.646151
vt 0.822774 0.812862
vt 0.822663 0.818353
vt 0.817386 0.818353
vt 0.817497 0.812862
vt 0.823104 0.639902
vt 0.817826 0.639881
vt 0.822857 0.806597
vt 0.817580 0.806597
vt 0.823038 0.634404
vt 0.817761 0.634384
vt 0.822908 0.799799
vt 0.817631 0.799799
vt 0.633451 0.813962
vt 0.628175 0.813962
vt 0.633281 0.834094
vt 0.633156 0.839585
vt 0.627881 0.839585
vt 0.628006 0.834094
vt 0.761886 0.676982
vt 0.761814 0.693290
vt 0.755146 0.693264
vt 0.755218 0.676956
vt 0.374809 0.921157
vt 0.371856 0.923131
vt 0.362772 0.912062
vt 0.368059 0.908529
vt 0.397356 0.948631
vt 0.408425 0.957715
vt 0.378091 0.919798
vt 0.373934 0.906095
vt 0.394845 0.951143
vt 0.403929 0.962212
vt 0.381574 0.919105
vt 0.380171 0.904855
vt 0.391892 0.953116
vt 0.398642 0.965745
vt 0.385126 0.919105
vt 0.386530 0.904855
vt 0.388610 0.954476
vt 0.392767 0.968178
vt 0.388610 0.919798
vt 0.392767 0.906095
vt 0.385126 0.955168
vt 0.386530 0.969419
vt 0.391891 0.921157
vt 0.398641 0.908529
vt 0.381575 0.955168
vt 0.380171 0.969419
vt 0.394845 0.923131
vt 0.403929 0.912062
vt 0.378091 0.954476
vt 0.373934 0.968178
vt 0.397356 0.925642
vt 0.408425 0.916558
vt 0.374809 0.953116
vt 0.368059 0.965745
vt 0.399330 0.928596
vt 0.411958 0.921845
vt 0.365319 0.935361
vt 0.365319 0.938913
vt 0.351069 0.940316
vt 0.351069 0.933957
vt 0.371856 0.951143
vt 0.362772 0.962212
vt 0.400689 0.931877
vt 0.414391 0.927720
vt 0.366012 0.931877
vt 0.352309 0.927721
vt 0.369344 0.948631
vt 0.358276 0.957716
vt 0.401382 0.935361
vt 0.415632 0.933957
vt 0.367371 0.928596
vt 0.354743 0.921846
vt 0.367371 0.945678
vt 0.354743 0.952428
vt 0.401382 0.938913
vt 0.415632 0.940316
vt 0.369344 0.925642
vt 0.358276 0.916558
vt 0.366012 0.942397
vt 0.352309 0.946553
vt 0.761815 0.626725
vt 0.761887 0.643048
vt 0.755218 0.643022
vt 0.755146 0.626699
vt 0.066255 0.747692
vt 0.066183 0.731384
vt 0.072852 0.731358
vt 0.072923 0.747666
vt 0.761911 0.660017
vt 0.755242 0.659991
vt 0.066372 0.762716
vt 0.073040 0.762690
vt 0.766028 0.660026
vt 0.766005 0.643376
vt 0.066529 0.775880
vt 0.073197 0.775854
vt 0.761806 0.841047
vt 0.761540 0.854227
vt 0.754872 0.854227
vt 0.755139 0.841047
vt 0.761697 0.611677
vt 0.755029 0.611651
vt 0.762005 0.826011
vt 0.755337 0.826011
vt 0.761541 0.598483
vt 0.754872 0.598457
vt 0.762127 0.809696
vt 0.755460 0.809696
vt 0.572861 0.813962
vt 0.572815 0.830929
vt 0.566149 0.830929
vt 0.566195 0.813962
vt 0.572454 0.862280
vt 0.572154 0.875459
vt 0.565488 0.875459
vt 0.565788 0.862280
vt 0.762169 0.792729
vt 0.755501 0.792729
vt 0.572454 0.765643
vt 0.572677 0.780679
vt 0.566011 0.780679
vt 0.565788 0.765643
vt 0.572677 0.847244
vt 0.566011 0.847244
vt 0.762127 0.775762
vt 0.755460 0.775762
vt 0.572154 0.752464
vt 0.565488 0.752464
vt 0.762005 0.759447
vt 0.755337 0.759447
vt 0.066372 0.666079
vt 0.066529 0.652885
vt 0.073197 0.652859
vt 0.073040 0.666053
vt 0.761806 0.744411
vt 0.755139 0.744411
vt 0.066255 0.681127
vt 0.072923 0.681101
vt 0.572815 0.796994
vt 0.566149 0.796994
vt 0.761540 0.731231
vt 0.754872 0.731231
vt 0.066183 0.697450
vt 0.072851 0.697424
vt 0.761697 0.708314
vt 0.761541 0.721478
vt 0.754872 0.721452
vt 0.755029 0.708288
vt 0.066159 0.714419
vt 0.072827 0.714393
vt 0.485708 0.748253
vt 0.472372 0.757163
vt 0.459803 0.733633
vt 0.468790 0.727628
vt 0.325349 0.922207
vt 0.326045 0.929276
vt 0.278137 0.939102
vt 0.276497 0.922454
vt 0.765934 0.627360
vt 0.326045 0.915137
vt 0.278137 0.905806
vt 0.462221 0.900729
vt 0.459502 0.894165
vt 0.503072 0.871240
vt 0.509474 0.886696
vt 0.328107 0.908339
vt 0.282993 0.889797
vt 0.576955 0.813962
vt 0.576909 0.797313
vt 0.463607 0.907696
vt 0.512737 0.903103
vt 0.766109 0.825385
vt 0.766229 0.809377
vt 0.742400 0.914507
vt 0.745118 0.921070
vt 0.701549 0.944435
vt 0.695147 0.928979
vt 0.463607 0.914800
vt 0.512737 0.919832
vt 0.766270 0.792729
vt 0.741014 0.907539
vt 0.691884 0.912572
vt 0.462221 0.921767
vt 0.509474 0.936239
vt 0.766229 0.776081
vt 0.741014 0.900435
vt 0.691884 0.895842
vt 0.459502 0.928330
vt 0.503072 0.951695
vt 0.766109 0.760073
vt 0.742400 0.893468
vt 0.695147 0.879436
vt 0.576909 0.830610
vt 0.006939 0.930527
vt 0.004877 0.923729
vt 0.049991 0.905187
vt 0.054847 0.921195
vt 0.745118 0.886905
vt 0.701549 0.863980
vt 0.007635 0.937596
vt 0.056487 0.937843
vt 0.062135 0.681762
vt 0.062065 0.697778
vt 0.006939 0.944666
vt 0.054847 0.954491
vt 0.062041 0.714428
vt 0.004877 0.951464
vt 0.049992 0.970499
vt 0.062065 0.731074
vt 0.765934 0.692674
vt 0.766004 0.676672
vt 0.062135 0.747076
vt 0.328107 0.936074
vt 0.282993 0.955109
vt 0.515226 0.676990
vt 0.512097 0.661259
vt 0.517031 0.659763
vt 0.520357 0.676484
vt 0.505959 0.646442
vt 0.510506 0.644011
vt 0.497048 0.633106
vt 0.501034 0.629835
vt 0.485707 0.621765
vt 0.488978 0.617780
vt 0.472372 0.612855
vt 0.474803 0.608307
vt 0.457554 0.606717
vt 0.459051 0.601783
vt 0.441823 0.603588
vt 0.442329 0.598457
vt 0.425785 0.603588
vt 0.425280 0.598457
vt 0.410054 0.606717
vt 0.408558 0.601783
vt 0.395237 0.612855
vt 0.392806 0.608308
vt 0.381902 0.621765
vt 0.378631 0.617780
vt 0.370561 0.633106
vt 0.366575 0.629835
vt 0.361651 0.646442
vt 0.357103 0.644011
vt 0.355513 0.661260
vt 0.350579 0.659763
vt 0.352384 0.676990
vt 0.347253 0.676485
vt 0.352384 0.693028
vt 0.347253 0.693534
vt 0.355513 0.708759
vt 0.350579 0.710255
vt 0.361651 0.723576
vt 0.357104 0.726007
vt 0.370561 0.736912
vt 0.366576 0.740183
vt 0.381902 0.748253
vt 0.378631 0.752238
vt 0.395238 0.757163
vt 0.392807 0.761710
vt 0.410055 0.763301
vt 0.408558 0.768235
vt 0.425785 0.766430
vt 0.425280 0.771561
vt 0.441824 0.766430
vt 0.442329 0.771561
vt 0.457554 0.763301
vt 0.459051 0.768235
vt 0.474803 0.761710
vt 0.488979 0.752238
vt 0.497048 0.736912
vt 0.501034 0.740183
vt 0.505959 0.723576
vt 0.510506 0.726007
vt 0.512097 0.708758
vt 0.517031 0.710255
vt 0.515226 0.693028
vt 0.520357 0.693533
vt 0.486573 0.669003
vt 0.488682 0.679604
vt 0.488682 0.690412
vt 0.486573 0.701013
vt 0.482437 0.710999
vt 0.476432 0.719986
vt 0.449817 0.737769
vt 0.439216 0.739878
vt 0.428408 0.739878
vt 0.417807 0.737769
vt 0.407822 0.733633
vt 0.398835 0.727628
vt 0.391192 0.719986
vt 0.385187 0.710999
vt 0.381051 0.701013
vt 0.378942 0.690413
vt 0.378942 0.679604
vt 0.381051 0.669003
vt 0.385187 0.659018
vt 0.391192 0.650031
vt 0.398834 0.642388
vt 0.407821 0.636383
vt 0.417807 0.632247
vt 0.428407 0.630139
vt 0.439216 0.630139
vt 0.449817 0.632247
vt 0.459803 0.636383
vt 0.468789 0.642388
vt 0.476432 0.650031
vt 0.482437 0.659018
vt 0.860468 0.506273
vt 0.857524 0.506264
vt 0.066241 0.919423
vt 0.067272 0.916024
vt 0.070052 0.917182
vt 0.069194 0.920013
vt 0.068946 0.912892
vt 0.071447 0.914573
vt 0.071200 0.910146
vt 0.073324 0.912286
vt 0.073945 0.907893
vt 0.075611 0.910409
vt 0.077078 0.906218
vt 0.078220 0.909014
vt 0.080477 0.905187
vt 0.081051 0.908156
vt 0.476648 0.581431
vt 0.474631 0.583575
vt 0.478672 0.579292
vt 0.087546 0.905187
vt 0.090945 0.906218
vt 0.089771 0.909014
vt 0.086940 0.908156
vt 0.094078 0.907893
vt 0.092381 0.910409
vt 0.096823 0.910146
vt 0.094668 0.912286
vt 0.099076 0.912892
vt 0.096545 0.914573
vt 0.100751 0.916024
vt 0.097939 0.917182
vt 0.101782 0.919423
vt 0.098798 0.920014
vt 0.892901 0.485628
vt 0.889957 0.485635
vt 0.895846 0.485635
vt 0.101782 0.926493
vt 0.100751 0.929892
vt 0.097939 0.928734
vt 0.098798 0.925902
vt 0.099076 0.933024
vt 0.096545 0.931343
vt 0.096823 0.935770
vt 0.094668 0.933630
vt 0.094077 0.938023
vt 0.092381 0.935507
vt 0.090945 0.939698
vt 0.089771 0.936902
vt 0.087546 0.940729
vt 0.086940 0.937760
vt 0.499658 0.581431
vt 0.497634 0.579292
vt 0.501675 0.583575
vt 0.080476 0.940729
vt 0.077078 0.939698
vt 0.078220 0.936902
vt 0.081051 0.937760
vt 0.073945 0.938023
vt 0.075611 0.935507
vt 0.071199 0.935770
vt 0.073324 0.933630
vt 0.068946 0.933024
vt 0.071447 0.931343
vt 0.067272 0.929892
vt 0.070052 0.928734
vt 0.066241 0.926493
vt 0.069194 0.925902
vt 0.854579 0.506273
vt 0.068904 0.922958
vt 0.083996 0.907866
vt 0.099088 0.922958
vt 0.083996 0.938050
vt 0.576774 0.781305
vt 0.576555 0.766551
vt 0.576261 0.753619
vt 0.062251 0.666996
vt 0.062405 0.654050
vt 0.062250 0.761817
vt 0.062403 0.774733
vt 0.765914 0.840139
vt 0.765653 0.853070
vt 0.765914 0.745319
vt 0.765653 0.732388
vt 0.765819 0.707415
vt 0.765666 0.720332
vt 0.765819 0.612594
vt 0.765665 0.599648
vt 0.576555 0.861372
vt 0.576261 0.874304
vt 0.576774 0.846618
vt 0.347253 0.940692
vt 0.347253 0.933588
vt 0.348639 0.926621
vt 0.351357 0.920058
vt 0.355304 0.914151
vt 0.360327 0.909128
vt 0.366233 0.905181
vt 0.372797 0.902463
vt 0.379764 0.901077
vt 0.386868 0.901077
vt 0.393835 0.902463
vt 0.400398 0.905181
vt 0.406304 0.909128
vt 0.411327 0.914151
vt 0.415274 0.920058
vt 0.417993 0.926621
vt 0.419378 0.933588
vt 0.419378 0.940692
vt 0.417993 0.947659
vt 0.415274 0.954223
vt 0.411328 0.960129
vt 0.406305 0.965152
vt 0.400398 0.969099
vt 0.393835 0.971818
vt 0.386868 0.973204
vt 0.379764 0.973204
vt 0.372797 0.971818
vt 0.366233 0.969099
vt 0.360327 0.965152
vt 0.355304 0.960129
vt 0.351357 0.954223
vt 0.348639 0.947660
vt 0.398501 0.891020
vt 0.398501 0.781315
vt 0.412640 0.781355
vt 0.405570 0.891040
vt 0.426236 0.781473
vt 0.412368 0.891099
vt 0.438766 0.781664
vt 0.418633 0.891195
vt 0.449749 0.781922
vt 0.424125 0.891323
vt 0.780534 0.973363
vt 0.754872 0.864290
vt 0.765841 0.864159
vt 0.786019 0.973298
vt 0.778361 0.864061
vt 0.792279 0.973249
vt 0.791951 0.864001
vt 0.799074 0.973219
vt 0.806088 0.863980
vt 0.806143 0.973208
vt 0.820230 0.864000
vt 0.813213 0.973219
vt 0.833832 0.864060
vt 0.820014 0.973248
vt 0.846372 0.864157
vt 0.826284 0.973297
vt 0.857368 0.864287
vt 0.831782 0.973362
vt 0.030501 0.895433
vt 0.004877 0.786140
vt 0.015860 0.785925
vt 0.035992 0.895326
vt 0.028390 0.785765
vt 0.042257 0.895246
vt 0.041986 0.785667
vt 0.049055 0.895197
vt 0.056125 0.785633
vt 0.056125 0.895180
vt 0.070264 0.785667
vt 0.063194 0.895197
vt 0.083860 0.785765
vt 0.069992 0.895246
vt 0.096390 0.785925
vt 0.076257 0.895326
vt 0.107373 0.786140
vt 0.081749 0.895433
vt 0.591074 0.994595
vt 0.565488 0.885520
vt 0.576484 0.885389
vt 0.596572 0.994529
vt 0.589024 0.885292
vt 0.602842 0.994481
vt 0.602626 0.885233
vt 0.609643 0.994451
vt 0.616768 0.885213
vt 0.616713 0.994441
vt 0.630905 0.885233
vt 0.623782 0.994451
vt 0.644494 0.885293
vt 0.630577 0.994481
vt 0.657014 0.885391
vt 0.636837 0.994530
vt 0.667984 0.885522
vt 0.642321 0.994596
vt 0.372877 0.891323
vt 0.347253 0.781922
vt 0.358236 0.781664
vt 0.378368 0.891195
vt 0.370766 0.781473
vt 0.384633 0.891099
vt 0.565488 0.677688
vt 0.565488 0.663480
vt 0.568260 0.649545
vt 0.573697 0.636419
vt 0.581590 0.624606
vt 0.591636 0.614559
vt 0.603450 0.606666
vt 0.616576 0.601229
vt 0.630511 0.598457
vt 0.644718 0.598457
vt 0.658653 0.601229
vt 0.671779 0.606666
vt 0.683592 0.614559
vt 0.693639 0.624606
vt 0.701532 0.636419
vt 0.706969 0.649545
vt 0.709741 0.663480
vt 0.709741 0.677688
vt 0.706969 0.691622
vt 0.701532 0.704749
vt 0.693639 0.716562
vt 0.683592 0.726608
vt 0.671779 0.734502
vt 0.658653 0.739939
vt 0.644718 0.742710
vt 0.630511 0.742710
vt 0.616576 0.739939
vt 0.603450 0.734501
vt 0.591636 0.726608
vt 0.581590 0.716562
vt 0.573697 0.704749
vt 0.568260 0.691622
vt 0.384362 0.781355
vt 0.391431 0.891040
vt 0.680330 0.757076
vt 0.673362 0.758462
vt 0.672737 0.756402
vt 0.680119 0.754934
vt 0.701979 0.826997
vt 0.708236 0.822816
vt 0.709808 0.824732
vt 0.703146 0.829184
vt 0.651923 0.810222
vt 0.655869 0.816129
vt 0.654205 0.817495
vt 0.650024 0.811237
vt 0.706871 0.821152
vt 0.711894 0.816129
vt 0.713558 0.817495
vt 0.706871 0.765127
vt 0.700964 0.761181
vt 0.701979 0.759282
vt 0.708237 0.763463
vt 0.649204 0.782620
vt 0.647818 0.789588
vt 0.645676 0.789377
vt 0.647144 0.781995
vt 0.680330 0.829203
vt 0.687433 0.829203
vt 0.687644 0.831346
vt 0.680119 0.831346
vt 0.719945 0.789588
vt 0.718559 0.782620
vt 0.720619 0.781995
vt 0.722088 0.789377
vt 0.666799 0.761181
vt 0.665784 0.759282
vt 0.660893 0.821152
vt 0.659527 0.822816
vt 0.715840 0.810222
vt 0.717739 0.811237
vt 0.694401 0.758462
vt 0.695026 0.756402
vt 0.647818 0.796692
vt 0.645676 0.796903
vt 0.694401 0.827817
vt 0.695026 0.829877
vt 0.715840 0.776057
vt 0.717739 0.775042
vt 0.660893 0.765127
vt 0.659527 0.763463
vt 0.666799 0.825099
vt 0.665784 0.826997
vt 0.718559 0.803659
vt 0.720619 0.804284
vt 0.687433 0.757076
vt 0.687645 0.754934
vt 0.649204 0.803659
vt 0.647144 0.804284
vt 0.700964 0.825099
vt 0.711894 0.770151
vt 0.713558 0.768785
vt 0.655869 0.770151
vt 0.654205 0.768785
vt 0.673362 0.827817
vt 0.672737 0.829877
vt 0.719945 0.796692
vt 0.722088 0.796903
vt 0.651923 0.776057
vt 0.650024 0.775042
vt 0.861396 0.832234
vt 0.869370 0.832253
vt 0.866232 0.848931
vt 0.861396 0.848920
vt 0.644768 0.781274
vt 0.647834 0.773872
vt 0.672015 0.754027
vt 0.679873 0.752464
vt 0.715473 0.819067
vt 0.643205 0.789132
vt 0.664613 0.757093
vt 0.719925 0.812405
vt 0.643205 0.797145
vt 0.657951 0.761544
vt 0.722991 0.805003
vt 0.644768 0.805003
vt 0.652285 0.767210
vt 0.724554 0.797145
vt 0.647834 0.812405
vt 0.724554 0.789132
vt 0.652285 0.819067
vt 0.722991 0.781274
vt 0.657951 0.824732
vt 0.719925 0.773872
vt 0.664613 0.829184
vt 0.715473 0.767210
vt 0.672015 0.832250
vt 0.709808 0.761544
vt 0.679873 0.833813
vt 0.703146 0.757093
vt 0.687885 0.833813
vt 0.695744 0.754027
vt 0.695744 0.832250
vt 0.687885 0.752464
vt 0.517788 0.835172
vt 0.514705 0.838928
vt 0.506852 0.831075
vt 0.508554 0.829002
vt 0.463279 0.798694
vt 0.468362 0.792500
vt 0.479651 0.803874
vt 0.476569 0.807630
vt 0.659930 0.843567
vt 0.659997 0.851234
vt 0.643245 0.854372
vt 0.643205 0.849722
vt 0.537348 0.829375
vt 0.535022 0.837042
vt 0.520078 0.830887
vt 0.521489 0.826237
vt 0.474556 0.787417
vt 0.483408 0.800791
vt 0.660019 0.859208
vt 0.643259 0.859208
vt 0.531245 0.844108
vt 0.481622 0.783641
vt 0.487693 0.798500
vt 0.526162 0.850301
vt 0.489289 0.781315
vt 0.492343 0.797090
vt 0.519969 0.855384
vt 0.510949 0.842011
vt 0.522491 0.871252
vt 0.530463 0.871240
vt 0.530487 0.887779
vt 0.525652 0.887786
vt 0.512903 0.859161
vt 0.506664 0.844301
vt 0.538438 0.871252
vt 0.535324 0.887786
vt 0.505236 0.861487
vt 0.502014 0.845712
vt 0.505236 0.781315
vt 0.512903 0.783641
vt 0.506664 0.798500
vt 0.502014 0.797090
vt 0.522491 0.897552
vt 0.530466 0.897540
vt 0.530442 0.914079
vt 0.525605 0.914086
vt 0.519969 0.787418
vt 0.510949 0.800791
vt 0.538438 0.897552
vt 0.535277 0.914086
vt 0.526162 0.792500
vt 0.514705 0.803874
vt 0.489289 0.861487
vt 0.481622 0.859161
vt 0.487693 0.844301
vt 0.492343 0.845712
vt 0.531245 0.798694
vt 0.517788 0.807630
vt 0.474555 0.855384
vt 0.483407 0.842011
vt 0.535022 0.805760
vt 0.520078 0.811915
vt 0.659997 0.867181
vt 0.643245 0.864043
vt 0.468362 0.850301
vt 0.479651 0.838928
vt 0.537348 0.813427
vt 0.521489 0.816565
vt 0.659930 0.874848
vt 0.643205 0.868693
vt 0.463279 0.844108
vt 0.476569 0.835172
vt 0.853422 0.832253
vt 0.856560 0.848931
vt 0.459503 0.805760
vt 0.474278 0.811915
vt 0.459502 0.837042
vt 0.474278 0.830886
vt 0.843654 0.836677
vt 0.843665 0.839245
vt 0.832710 0.840400
vt 0.832703 0.838951
vt 0.494509 0.807982
vt 0.491943 0.808761
vt 0.504779 0.832776
vt 0.497178 0.796614
vt 0.497178 0.807720
vt 0.502414 0.834041
vt 0.499847 0.807982
vt 0.499847 0.834819
vt 0.502414 0.808761
vt 0.497178 0.846188
vt 0.497178 0.835082
vt 0.504779 0.810025
vt 0.494509 0.834819
vt 0.506852 0.811727
vt 0.491943 0.834041
vt 0.508554 0.813800
vt 0.489577 0.832776
vt 0.509818 0.816165
vt 0.472391 0.821401
vt 0.472868 0.816565
vt 0.483760 0.818732
vt 0.483497 0.821401
vt 0.487504 0.831075
vt 0.510597 0.818732
vt 0.484539 0.816165
vt 0.485803 0.829002
vt 0.521965 0.821401
vt 0.510859 0.821401
vt 0.485803 0.813800
vt 0.484539 0.826636
vt 0.510597 0.824070
vt 0.487504 0.811727
vt 0.472868 0.826237
vt 0.483760 0.824070
vt 0.509818 0.826636
vt 0.489578 0.810025
vt 0.083246 0.769762
vt 0.082951 0.768278
vt 0.082951 0.766766
vt 0.083246 0.765282
vt 0.083825 0.763885
vt 0.084665 0.762627
vt 0.085735 0.761557
vt 0.086992 0.760717
vt 0.088390 0.760138
vt 0.089873 0.759843
vt 0.091386 0.759843
vt 0.092870 0.760138
vt 0.094267 0.760717
vt 0.095525 0.761557
vt 0.096594 0.762627
vt 0.097435 0.763885
vt 0.098014 0.765282
vt 0.098309 0.766766
vt 0.098309 0.768278
vt 0.098014 0.769762
vt 0.097435 0.771159
vt 0.096595 0.772417
vt 0.095525 0.773487
vt 0.094267 0.774327
vt 0.092870 0.774906
vt 0.091386 0.775201
vt 0.089874 0.775201
vt 0.088390 0.774906
vt 0.086992 0.774327
vt 0.085735 0.773487
vt 0.084665 0.772417
vt 0.083825 0.771159
vt 0.844715 0.569031
vt 0.844727 0.566464
vt 0.855677 0.568738
vt 0.855671 0.570186
vt 0.843669 0.841914
vt 0.832712 0.841905
vt 0.844745 0.564096
vt 0.855687 0.567403
vt 0.843665 0.844583
vt 0.832710 0.843410
vt 0.844770 0.562021
vt 0.855701 0.566232
vt 0.843653 0.847148
vt 0.832703 0.844857
vt 0.128095 0.814735
vt 0.128136 0.816809
vt 0.117149 0.820123
vt 0.117126 0.818953
vt 0.843635 0.849512
vt 0.832693 0.846190
vt 0.128166 0.819174
vt 0.117166 0.821457
vt 0.128228 0.795308
vt 0.128221 0.797977
vt 0.117187 0.796813
vt 0.117191 0.795308
vt 0.843610 0.851582
vt 0.832679 0.847358
vt 0.128185 0.821740
vt 0.117177 0.822904
vt 0.128199 0.800543
vt 0.117174 0.798260
vt 0.128114 0.785633
vt 0.128162 0.787707
vt 0.117154 0.791021
vt 0.117126 0.789851
vt 0.128191 0.824409
vt 0.117180 0.824409
vt 0.128162 0.802908
vt 0.117154 0.799594
vt 0.128199 0.790072
vt 0.117174 0.792355
vt 0.128185 0.827079
vt 0.117177 0.825915
vt 0.128114 0.804982
vt 0.117126 0.800764
vt 0.128221 0.792638
vt 0.117187 0.793802
vt 0.128166 0.829645
vt 0.117166 0.827362
vt 0.844770 0.581369
vt 0.844745 0.579298
vt 0.855687 0.575977
vt 0.855701 0.577145
vt 0.128136 0.832010
vt 0.117149 0.828696
vt 0.844727 0.576935
vt 0.855677 0.574644
vt 0.128095 0.834084
vt 0.117126 0.829866
vt 0.844716 0.574369
vt 0.855671 0.573197
vt 0.843611 0.832234
vt 0.843635 0.834310
vt 0.832693 0.837616
vt 0.832679 0.836446
vt 0.844712 0.571701
vt 0.855668 0.571692
vt 0.845959 0.528378
vt 0.867919 0.528378
vt 0.867810 0.534148
vt 0.846068 0.534148
vt 0.832679 0.822480
vt 0.832679 0.781739
vt 0.857134 0.781739
vt 0.857134 0.822480
vt 0.101072 0.747848
vt 0.101072 0.711614
vt 0.119191 0.711614
vt 0.119191 0.747848
vt 0.311875 0.879142
vt 0.311875 0.842914
vt 0.333618 0.842914
vt 0.333618 0.879142
vt 0.856045 0.663097
vt 0.834302 0.663097
vt 0.834302 0.644978
vt 0.856045 0.644978
vt 0.867810 0.552267
vt 0.846068 0.552267
vt 0.857401 0.681227
vt 0.832946 0.681227
vt 0.833711 0.675377
vt 0.856636 0.675377
vt 0.095302 0.748027
vt 0.095302 0.711433
vt 0.832679 0.769744
vt 0.832679 0.733510
vt 0.850798 0.733511
vt 0.850798 0.769745
vt 0.856153 0.668867
vt 0.834194 0.668867
vt 0.082951 0.750089
vt 0.082951 0.709335
vt 0.088796 0.710621
vt 0.088796 0.748825
vt 0.856568 0.733329
vt 0.856568 0.769924
vt 0.863074 0.770721
vt 0.863074 0.732517
vt 0.868919 0.731231
vt 0.868919 0.771985
vt 0.845477 0.521872
vt 0.868401 0.521872
vt 0.844712 0.516026
vt 0.869166 0.516026
vt 0.000000 0.000000
vt 0.594387 0.405613
vt 0.665783 0.453318
vt 0.062500 0.500000
vt 0.062500 0.750000
vt 0.000000 0.750000
vt 0.000000 0.500000
vt 0.125000 0.500000
vt 0.125000 0.750000
vt 0.187500 0.500000
vt 0.187500 0.750000
vt 0.250000 0.500000
vt 0.250000 0.750000
vt 0.312500 0.500000
vt 0.312500 0.750000
vt 0.375000 0.500000
vt 0.375000 0.750000
vt 0.437500 0.500000
vt 0.437500 0.750000
vt 0.500000 0.500000
vt 0.500000 0.750000
vt 0.562500 0.500000
vt 0.562500 0.750000
vt 0.625000 0.500000
vt 0.625000 0.750000
vt 0.687500 0.500000
vt 0.687500 0.750000
vt 0.750000 0.500000
vt 0.750000 0.750000
vt 0.812500 0.500000
vt 0.812500 0.750000
vt 0.875000 0.500000
vt 0.875000 0.750000
vt 0.937500 0.500000
vt 0.937500 0.750000
vt 1.000000 0.500000
vt 1.000000 0.750000
vt 0.834217 0.453318
vt 0.750000 0.470070
vt 0.750000 0.490000
vt 0.841844 0.471731
vt 0.905613 0.405613
vt 0.919706 0.419706
vt 0.953318 0.334217
vt 0.971731 0.341844
vt 0.970070 0.250000
vt 0.990000 0.250000
vt 0.953318 0.165783
vt 0.971731 0.158156
vt 0.905613 0.094387
vt 0.919706 0.080294
vt 0.834217 0.046682
vt 0.841844 0.028269
vt 0.750000 0.029930
vt 0.750000 0.010000
vt 0.665783 0.046682
vt 0.658156 0.028269
vt 0.594387 0.094387
vt 0.580294 0.080294
vt 0.546682 0.165783
vt 0.528269 0.158156
vt 0.529930 0.250000
vt 0.510000 0.250000
vt 0.546682 0.334217
vt 0.528269 0.341844
vt 0.580294 0.419706
vt 0.658156 0.471731
s 1
usemtl Material.001
f 89/1/1 10/2/2 2/3/3 11/4/4
f 80/5/5 17/6/6 4/7/7 18/8/8
f 71/9/9 26/10/10 3/11/11 27/12/12
f 62/13/13 35/14/14 1/15/15 7/16/16
f 44/17/17 8/18/18 1/19/15 35/20/14
f 26/21/10 38/22/19 33/23/20 3/24/11
f 38/22/19 41/25/21 34/26/22 33/23/20
f 41/25/21 44/17/17 35/20/14 34/26/22
f 4/27/7 17/28/6 36/29/23 24/30/24
f 24/30/24 36/29/23 37/31/25 25/32/26
f 25/32/26 37/31/25 38/22/19 26/21/10
f 17/28/6 16/33/27 39/34/28 36/29/23
f 36/29/23 39/34/28 40/35/29 37/31/25
f 37/31/25 40/35/29 41/25/21 38/22/19
f 16/33/27 15/36/30 42/37/31 39/34/28
f 39/34/28 42/37/31 43/38/32 40/35/29
f 40/35/29 43/38/32 44/17/17 41/25/21
f 15/36/30 2/39/3 10/40/2 42/37/31
f 42/37/31 10/40/2 9/41/33 43/38/32
f 43/38/32 9/41/33 8/18/18 44/17/17
f 83/42/34 13/43/35 52/44/36 14/45/37
f 13/46/35 72/47/38 31/48/39 52/49/40
f 82/50/41 83/42/34 14/45/37 21/51/42
f 63/52/43 64/53/44 45/54/45 46/55/46
f 74/56/47 20/57/48 51/58/49 23/59/50
f 65/60/51 29/61/52 50/62/53 32/63/54
f 55/64/55 56/65/56 47/66/57 48/67/58
f 20/68/48 63/52/43 46/55/46 51/69/59
f 5/70/60 81/71/61 22/72/62 53/73/63
f 81/71/61 82/50/41 21/51/42 22/72/62
f 56/65/56 59/74/64 6/75/65 5/76/60
f 59/74/64 62/13/13 7/16/16 6/75/65
f 64/53/44 65/60/51 32/63/54 45/54/45
f 72/47/38 73/77/66 30/78/67 31/48/39
f 29/79/52 28/80/68 57/81/69 54/82/70
f 54/82/70 57/81/69 58/83/71 55/64/55
f 55/64/55 58/83/71 59/74/64 56/65/56
f 28/80/68 27/84/12 60/85/72 57/81/69
f 57/81/69 60/85/72 61/86/73 58/83/71
f 58/83/71 61/86/73 62/13/13 59/74/64
f 27/84/12 3/87/11 33/88/20 60/85/72
f 60/85/72 33/88/20 34/89/22 61/86/73
f 61/86/73 34/89/22 35/14/14 62/13/13
f 65/60/51 68/90/74 28/91/68 29/61/52
f 68/90/74 71/9/9 27/12/12 28/91/68
f 73/77/66 74/56/47 23/59/50 30/78/67
f 56/65/56 5/76/60 53/92/75 47/66/57
f 20/68/48 19/93/76 66/94/77 63/52/43
f 63/52/43 66/94/77 67/95/78 64/53/44
f 64/53/44 67/95/78 68/90/74 65/60/51
f 19/93/76 18/96/8 69/97/79 66/94/77
f 66/94/77 69/97/79 70/98/80 67/95/78
f 67/95/78 70/98/80 71/9/9 68/90/74
f 18/96/8 4/99/7 24/100/24 69/97/79
f 69/97/79 24/100/24 25/101/26 70/98/80
f 70/98/80 25/101/26 26/10/10 71/9/9
f 74/56/47 77/102/81 19/103/76 20/57/48
f 77/102/81 80/5/5 18/8/8 19/103/76
f 29/79/52 54/82/70 49/104/82 50/105/83
f 54/82/70 55/64/55 48/67/58 49/104/82
f 13/46/35 12/106/84 75/107/85 72/47/38
f 72/47/38 75/107/85 76/108/86 73/77/66
f 73/77/66 76/108/86 77/102/81 74/56/47
f 12/106/84 11/109/4 78/110/87 75/107/85
f 75/107/85 78/110/87 79/111/88 76/108/86
f 76/108/86 79/111/88 80/5/5 77/102/81
f 11/109/4 2/112/3 15/113/30 78/110/87
f 78/110/87 15/113/30 16/114/27 79/111/88
f 79/111/88 16/114/27 17/6/6 80/5/5
f 83/42/34 86/115/89 12/116/84 13/43/35
f 86/115/89 89/1/1 11/4/4 12/116/84
f 5/70/60 6/117/65 84/118/90 81/71/61
f 81/71/61 84/118/90 85/119/91 82/50/41
f 82/50/41 85/119/91 86/115/89 83/42/34
f 6/117/65 7/120/16 87/121/92 84/118/90
f 84/118/90 87/121/92 88/122/93 85/119/91
f 85/119/91 88/122/93 89/1/1 86/115/89
f 7/120/16 1/123/15 8/124/18 87/121/92
f 87/121/92 8/124/18 9/125/33 88/122/93
f 88/122/93 9/125/33 10/2/2 89/1/1
f 118/126/94 131/127/53 102/128/53 96/129/54
f 136/130/63 111/131/95 92/132/62 105/133/63
f 134/134/40 117/135/96 95/136/39 104/137/40
f 107/138/97 134/139/36 104/140/36 90/141/37
f 117/135/96 114/142/67 94/143/67 95/136/39
f 32/144/98 50/145/99 130/146/99 119/147/98
f 133/148/59 122/149/100 98/150/46 103/151/59
f 124/152/101 136/153/75 105/154/75 99/155/57
f 121/156/45 118/126/94 96/129/54 97/157/45
f 47/158/102 53/159/103 137/160/103 125/161/102
f 114/142/67 113/162/104 93/163/50 94/143/67
f 131/164/83 129/165/105 101/166/82 102/167/83
f 113/162/104 133/168/49 103/169/49 93/163/50
f 111/131/95 108/170/42 91/171/42 92/132/62
f 126/172/58 124/152/101 99/155/57 100/173/58
f 21/174/106 14/175/107 106/176/107 109/177/106
f 122/149/100 121/156/45 97/157/45 98/150/46
f 46/178/108 45/179/109 120/180/109 123/181/108
f 51/182/110 46/178/108 123/181/108 132/183/110
f 45/179/109 32/144/98 119/147/98 120/180/109
f 129/165/105 126/172/58 100/173/58 101/166/82
f 53/159/103 22/184/111 110/185/111 137/160/103
f 49/186/112 48/187/113 127/188/113 128/189/112
f 50/145/99 49/186/112 128/189/112 130/146/99
f 14/175/107 52/190/114 135/191/114 106/176/107
f 48/187/113 47/158/102 125/161/102 127/188/113
f 30/192/115 23/193/116 112/194/116 115/195/115
f 22/184/111 21/174/106 109/177/106 110/185/111
f 31/196/117 30/192/115 115/195/115 116/197/117
f 52/190/114 31/196/117 116/197/117 135/191/114
f 23/193/116 51/182/110 132/183/110 112/194/116
f 115/195/118 112/194/119 113/198/120 114/199/118
f 135/191/121 116/197/122 117/200/123 134/201/121
f 109/177/124 106/176/125 107/202/126 108/203/124
f 123/181/127 120/180/128 121/204/128 122/205/129
f 119/147/130 130/146/131 131/206/131 118/207/132
f 137/160/133 110/185/134 111/208/135 136/209/133
f 130/146/131 128/189/136 129/210/137 131/206/131
f 125/161/138 137/160/133 136/209/133 124/211/139
f 116/197/122 115/195/118 114/199/118 117/200/123
f 112/194/119 132/183/140 133/212/140 113/198/120
f 120/180/128 119/147/130 118/207/132 121/204/128
f 132/183/140 123/181/127 122/205/129 133/212/140
f 127/188/141 125/161/138 124/211/139 126/213/141
f 128/189/136 127/188/141 126/213/141 129/210/137
f 106/176/125 135/191/121 134/201/121 107/202/126
f 110/185/134 109/177/124 108/203/124 111/208/135
f 108/170/42 107/138/97 90/141/37 91/171/42
f 169/214/45 166/215/94 144/216/54 145/217/45
f 99/218/102 105/219/103 185/220/103 173/221/102
f 162/222/67 161/223/104 141/224/50 142/225/67
f 179/226/83 177/227/105 149/228/82 150/229/83
f 159/230/95 156/231/42 139/232/42 140/233/62
f 174/234/58 172/235/101 147/236/57 148/237/58
f 161/223/104 181/238/49 151/239/49 141/224/50
f 184/240/63 159/230/95 140/233/62 153/241/63
f 182/242/40 165/243/96 143/244/39 152/245/40
f 166/215/94 179/246/53 150/247/53 144/216/54
f 165/243/96 162/222/67 142/225/67 143/244/39
f 155/248/97 182/249/36 152/250/36 138/251/37
f 96/252/98 102/253/99 178/254/99 167/255/98
f 181/256/59 170/257/100 146/258/46 151/259/59
f 172/235/101 184/260/75 153/261/75 147/236/57
f 97/262/109 96/252/98 167/255/98 168/263/109
f 177/227/105 174/234/58 148/237/58 149/228/82
f 105/219/103 92/264/111 158/265/111 185/220/103
f 101/266/112 100/267/113 175/268/113 176/269/112
f 102/253/99 101/266/112 176/269/112 178/254/99
f 90/270/107 104/271/114 183/272/114 154/273/107
f 100/267/113 99/218/102 173/221/102 175/268/113
f 94/274/115 93/275/116 160/276/116 163/277/115
f 92/264/111 91/278/106 157/279/106 158/265/111
f 95/280/117 94/274/115 163/277/115 164/281/117
f 104/271/114 95/280/117 164/281/117 183/272/114
f 93/275/116 103/282/110 180/283/110 160/276/116
f 91/278/106 90/270/107 154/273/107 157/279/106
f 170/257/100 169/214/45 145/217/45 146/258/46
f 98/284/108 97/262/109 168/263/109 171/285/108
f 103/282/110 98/284/108 171/285/108 180/283/110
f 163/277/118 160/276/119 161/286/120 162/287/118
f 183/272/121 164/281/122 165/288/123 182/289/121
f 157/279/124 154/273/125 155/290/126 156/291/124
f 171/285/127 168/263/128 169/292/128 170/293/129
f 167/255/142 178/254/131 179/294/131 166/295/143
f 185/220/133 158/265/144 159/296/145 184/297/133
f 178/254/131 176/269/136 177/298/137 179/294/131
f 173/221/138 185/220/133 184/297/133 172/299/139
f 164/281/122 163/277/118 162/287/118 165/288/123
f 160/276/119 180/283/140 181/300/140 161/286/120
f 168/263/128 167/255/142 166/295/143 169/292/128
f 180/283/140 171/285/127 170/293/129 181/300/140
f 175/268/141 173/221/138 172/299/139 174/301/141
f 176/269/136 175/268/141 174/301/141 177/298/137
f 154/273/125 183/272/121 182/289/121 155/290/126
f 158/265/144 157/279/124 156/291/124 159/296/145
f 156/231/42 155/248/97 138/251/37 139/232/42
f 953/302/146 217/303/147 186/304/148 891/305/67
f 895/306/149 188/307/150 189/308/151 897/309/152
f 897/309/152 189/308/151 190/310/153 899/311/154
f 899/312/154 190/313/153 191/314/155 901/315/156
f 901/315/156 191/314/155 192/316/157 903/317/158
f 903/317/158 192/316/157 193/318/159 905/319/160
f 905/319/160 193/318/159 194/320/161 907/321/45
f 907/321/45 194/320/161 195/322/162 909/323/163
f 909/323/163 195/322/162 196/324/164 911/325/165
f 911/325/165 196/324/164 197/326/166 913/327/167
f 913/327/167 197/326/166 198/328/168 915/329/169
f 915/330/169 198/331/168 199/332/170 917/333/171
f 917/333/171 199/332/170 200/334/172 919/335/173
f 919/335/173 200/334/172 201/336/174 921/337/175
f 921/337/175 201/336/174 202/338/176 923/339/58
f 923/339/58 202/338/176 203/340/177 925/341/178
f 925/341/178 203/340/177 204/342/179 927/343/180
f 927/343/180 204/342/179 205/344/181 929/345/182
f 929/345/182 205/344/181 206/346/183 931/347/184
f 931/348/184 206/349/183 207/350/185 933/351/186
f 933/351/186 207/350/185 208/352/187 935/353/188
f 935/353/188 208/352/187 209/354/189 937/355/190
f 937/355/190 209/354/189 210/356/191 939/357/42
f 939/357/42 210/356/191 211/358/192 941/359/193
f 941/359/193 211/358/192 212/360/194 943/361/195
f 943/361/195 212/360/194 213/362/196 945/363/197
f 945/363/197 213/362/196 214/364/198 947/365/199
f 947/366/199 214/367/198 215/368/200 949/369/201
f 949/369/201 215/368/200 216/370/202 951/371/203
f 951/371/203 216/370/202 217/303/147 953/302/146
f 194/320/161 193/318/159 225/372/204 226/373/205
f 893/374/206 187/375/207 188/307/150 895/306/149
f 891/305/67 186/304/148 187/375/207 893/374/206
f 240/376/208 239/377/209 271/378/210 272/379/211
f 203/340/177 202/338/176 234/380/212 235/381/213
f 212/360/194 211/358/192 243/382/214 244/383/215
f 190/310/153 189/308/151 221/384/216 222/385/217
f 199/332/170 198/331/168 230/386/218 231/387/219
f 208/352/187 207/350/185 239/377/209 240/376/208
f 217/303/147 216/370/202 248/388/220 249/389/221
f 195/322/162 194/320/161 226/373/205 227/390/222
f 204/342/179 203/340/177 235/381/213 236/391/223
f 213/362/196 212/360/194 244/383/215 245/392/224
f 191/314/155 190/313/153 222/393/217 223/394/225
f 200/334/172 199/332/170 231/387/219 232/395/226
f 209/354/189 208/352/187 240/376/208 241/396/227
f 187/375/207 186/304/148 218/397/228 219/398/229
f 186/304/148 217/303/147 249/389/221 218/397/228
f 196/324/164 195/322/162 227/390/222 228/399/230
f 205/344/181 204/342/179 236/391/223 237/400/231
f 214/364/198 213/362/196 245/392/224 246/401/232
f 192/316/157 191/314/155 223/394/225 224/402/233
f 201/336/174 200/334/172 232/395/226 233/403/234
f 210/356/191 209/354/189 241/396/227 242/404/235
f 188/307/150 187/375/207 219/398/229 220/405/236
f 197/326/166 196/324/164 228/399/230 229/406/237
f 206/346/183 205/344/181 237/400/231 238/407/238
f 215/368/200 214/367/198 246/408/232 247/409/239
f 193/318/159 192/316/157 224/402/233 225/372/204
f 202/338/176 201/336/174 233/403/234 234/380/212
f 211/358/192 210/356/191 242/404/235 243/382/214
f 189/308/151 188/307/150 220/405/236 221/384/216
f 198/328/168 197/326/166 229/406/237 230/410/218
f 207/350/185 206/349/183 238/411/238 239/377/209
f 216/370/202 215/368/200 247/409/239 248/388/220
f 275/412/240 274/413/241 306/414/242 307/415/243
f 227/390/222 226/373/205 258/416/244 259/417/245
f 241/396/227 240/376/208 272/379/211 273/418/246
f 228/399/230 227/390/222 259/417/245 260/419/247
f 242/404/235 241/396/227 273/418/246 274/413/241
f 229/406/237 228/399/230 260/419/247 261/420/248
f 243/382/214 242/404/235 274/413/241 275/412/240
f 230/410/218 229/406/237 261/420/248 262/421/249
f 244/383/215 243/382/214 275/412/240 276/422/250
f 231/387/219 230/386/218 262/423/249 263/424/251
f 245/392/224 244/383/215 276/422/250 277/425/252
f 232/395/226 231/387/219 263/424/251 264/426/253
f 219/398/229 218/397/228 250/427/254 251/428/255
f 246/401/232 245/392/224 277/425/252 278/429/256
f 233/403/234 232/395/226 264/426/253 265/430/257
f 220/405/236 219/398/229 251/428/255 252/431/258
f 247/409/239 246/408/232 278/432/256 279/433/259
f 234/380/212 233/403/234 265/430/257 266/434/260
f 221/384/216 220/405/236 252/431/258 253/435/261
f 248/388/220 247/409/239 279/433/259 280/436/262
f 235/381/213 234/380/212 266/434/260 267/437/263
f 222/385/217 221/384/216 253/435/261 254/438/264
f 249/389/221 248/388/220 280/436/262 281/439/265
f 236/391/223 235/381/213 267/437/263 268/440/266
f 223/394/225 222/393/217 254/441/264 255/442/267
f 218/397/228 249/389/221 281/439/265 250/427/254
f 237/400/231 236/391/223 268/440/266 269/443/268
f 224/402/233 223/394/225 255/442/267 256/444/269
f 238/407/238 237/400/231 269/443/268 270/445/270
f 225/372/204 224/402/233 256/444/269 257/446/271
f 239/377/209 238/411/238 270/447/270 271/378/210
f 226/373/205 225/372/204 257/446/271 258/416/244
f 283/448/272 282/449/273 314/450/274 315/451/275
f 262/421/249 261/420/248 293/452/276 294/453/277
f 276/422/250 275/412/240 307/415/243 308/454/278
f 263/424/251 262/423/249 294/455/277 295/456/279
f 277/425/252 276/422/250 308/454/278 309/457/280
f 264/426/253 263/424/251 295/456/279 296/458/281
f 251/428/255 250/427/254 282/449/273 283/448/272
f 278/429/256 277/425/252 309/457/280 310/459/282
f 265/430/257 264/426/253 296/458/281 297/460/283
f 252/431/258 251/428/255 283/448/272 284/461/284
f 279/433/259 278/432/256 310/462/282 311/463/285
f 266/434/260 265/430/257 297/460/283 298/464/286
f 253/435/261 252/431/258 284/461/284 285/465/287
f 280/436/262 279/433/259 311/463/285 312/466/288
f 267/437/263 266/434/260 298/464/286 299/467/289
f 254/438/264 253/435/261 285/465/287 286/468/290
f 281/439/265 280/436/262 312/466/288 313/469/291
f 268/440/266 267/437/263 299/467/289 300/470/292
f 255/442/267 254/441/264 286/471/290 287/472/293
f 250/427/254 281/439/265 313/469/291 282/449/273
f 269/443/268 268/440/266 300/470/292 301/473/294
f 256/444/269 255/442/267 287/472/293 288/474/295
f 270/445/270 269/443/268 301/473/294 302/475/296
f 257/446/271 256/444/269 288/474/295 289/476/297
f 271/378/210 270/447/270 302/477/296 303/478/298
f 258/416/244 257/446/271 289/476/297 290/479/299
f 272/379/211 271/378/210 303/478/298 304/480/300
f 259/417/245 258/416/244 290/479/299 291/481/301
f 273/418/246 272/379/211 304/480/300 305/482/302
f 260/419/247 259/417/245 291/481/301 292/483/303
f 274/413/241 273/418/246 305/482/302 306/414/242
f 261/420/248 260/419/247 292/483/303 293/452/276
f 318/484/304 317/485/305 349/486/306 350/487/307
f 310/459/282 309/457/280 341/488/308 342/489/309
f 297/460/283 296/458/281 328/490/310 329/491/311
f 284/461/284 283/448/272 315/451/275 316/492/312
f 311/493/285 310/459/282 342/489/309 343/494/313
f 298/464/286 297/460/283 329/491/311 330/495/314
f 285/465/287 284/461/284 316/492/312 317/496/305
f 312/466/288 311/463/285 343/497/313 344/498/315
f 299/467/289 298/464/286 330/495/314 331/499/316
f 286/471/290 285/500/287 317/485/305 318/484/304
f 313/469/291 312/466/288 344/498/315 345/501/317
f 300/470/292 299/467/289 331/499/316 332/502/318
f 287/472/293 286/471/290 318/484/304 319/503/319
f 282/449/273 313/469/291 345/501/317 314/450/274
f 301/473/294 300/470/292 332/502/318 333/504/320
f 288/474/295 287/472/293 319/503/319 320/505/321
f 302/477/296 301/506/294 333/507/320 334/508/322
f 289/476/297 288/474/295 320/505/321 321/509/323
f 303/478/298 302/477/296 334/508/322 335/510/324
f 290/479/299 289/476/297 321/509/323 322/511/325
f 304/480/300 303/478/298 335/510/324 336/512/326
f 291/481/301 290/479/299 322/511/325 323/513/327
f 305/482/302 304/480/300 336/512/326 337/514/328
f 292/483/303 291/481/301 323/513/327 324/515/329
f 306/414/242 305/482/302 337/514/328 338/516/330
f 293/452/276 292/483/303 324/515/329 325/517/331
f 307/415/243 306/414/242 338/516/330 339/518/332
f 294/453/277 293/452/276 325/517/331 326/519/333
f 308/454/278 307/415/243 339/518/332 340/520/334
f 295/521/279 294/453/277 326/519/333 327/522/335
f 309/457/280 308/454/278 340/520/334 341/488/308
f 296/458/281 295/456/279 327/523/335 328/490/310
f 353/524/336 352/525/337 384/526/338 385/527/339
f 345/528/317 344/529/315 376/530/340 377/531/341
f 332/532/318 331/533/316 363/534/342 364/535/343
f 319/503/319 318/484/304 350/487/307 351/536/344
f 314/537/274 345/528/317 377/531/341 346/538/345
f 333/539/320 332/532/318 364/535/343 365/540/346
f 320/505/321 319/503/319 351/536/344 352/525/337
f 334/508/322 333/507/320 365/541/346 366/542/347
f 321/509/323 320/505/321 352/525/337 353/524/336
f 335/510/324 334/508/322 366/542/347 367/543/348
f 322/511/325 321/509/323 353/524/336 354/544/349
f 336/512/326 335/510/324 367/543/348 368/545/350
f 323/513/327 322/511/325 354/544/349 355/546/351
f 337/514/328 336/512/326 368/545/350 369/547/352
f 324/515/329 323/513/327 355/546/351 356/548/353
f 338/516/330 337/514/328 369/547/352 370/549/354
f 325/517/331 324/515/329 356/548/353 357/550/355
f 339/518/332 338/516/330 370/549/354 371/551/356
f 326/519/333 325/517/331 357/550/355 358/552/357
f 340/520/334 339/518/332 371/551/356 372/553/358
f 327/522/335 326/519/333 358/552/357 359/554/359
f 341/488/308 340/520/334 372/553/358 373/555/360
f 328/556/310 327/557/335 359/558/359 360/559/361
f 315/560/275 314/537/274 346/538/345 347/561/362
f 342/489/309 341/488/308 373/555/360 374/562/363
f 329/563/311 328/556/310 360/559/361 361/564/364
f 316/565/312 315/560/275 347/561/362 348/566/365
f 343/494/313 342/489/309 374/562/363 375/567/366
f 330/568/314 329/563/311 361/564/364 362/569/367
f 317/570/305 316/565/312 348/566/365 349/571/306
f 344/529/315 343/572/313 375/573/366 376/530/340
f 331/533/316 330/568/314 362/569/367 363/534/342
f 388/574/368 387/575/369 419/576/370 420/577/371
f 367/543/348 366/542/347 398/578/372 399/579/373
f 354/544/349 353/524/336 385/527/339 386/580/374
f 368/545/350 367/543/348 399/579/373 400/581/375
f 355/546/351 354/544/349 386/580/374 387/575/369
f 369/547/352 368/545/350 400/581/375 401/582/376
f 356/548/353 355/546/351 387/575/369 388/574/368
f 370/549/354 369/547/352 401/582/376 402/583/377
f 357/550/355 356/548/353 388/574/368 389/584/378
f 371/551/356 370/549/354 402/583/377 403/585/379
f 358/552/357 357/550/355 389/584/378 390/586/380
f 372/553/358 371/551/356 403/585/379 404/587/381
f 359/558/359 358/588/357 390/589/380 391/590/382
f 373/555/360 372/553/358 404/587/381 405/591/383
f 360/559/361 359/558/359 391/590/382 392/592/384
f 347/561/362 346/538/345 378/593/385 379/594/386
f 374/562/363 373/555/360 405/591/383 406/595/387
f 361/564/364 360/559/361 392/592/384 393/596/388
f 348/566/365 347/561/362 379/594/386 380/597/389
f 375/573/366 374/598/363 406/599/387 407/600/390
f 362/569/367 361/564/364 393/596/388 394/601/391
f 349/571/306 348/566/365 380/597/389 381/602/392
f 376/530/340 375/573/366 407/600/390 408/603/393
f 363/534/342 362/569/367 394/601/391 395/604/394
f 350/605/307 349/571/306 381/602/392 382/606/395
f 377/531/341 376/530/340 408/603/393 409/607/396
f 364/535/343 363/534/342 395/604/394 396/608/397
f 351/536/344 350/487/307 382/609/395 383/610/398
f 346/538/345 377/531/341 409/607/396 378/593/385
f 365/540/346 364/535/343 396/608/397 397/611/399
f 352/525/337 351/536/344 383/610/398 384/526/338
f 366/612/347 365/540/346 397/611/399 398/613/372
f 423/614/400 422/615/401 454/616/402 455/617/403
f 402/583/377 401/582/376 433/618/404 434/619/405
f 389/584/378 388/574/368 420/577/371 421/620/406
f 403/585/379 402/583/377 434/619/405 435/621/407
f 390/586/380 389/584/378 421/620/406 422/622/401
f 404/587/381 403/585/379 435/621/407 436/623/408
f 391/590/382 390/589/380 422/615/401 423/614/400
f 405/591/383 404/587/381 436/623/408 437/624/409
f 392/592/384 391/590/382 423/614/400 424/625/410
f 379/594/386 378/593/385 410/626/411 411/627/412
f 406/595/387 405/591/383 437/624/409 438/628/413
f 393/596/388 392/592/384 424/625/410 425/629/414
f 380/597/389 379/594/386 411/627/412 412/630/415
f 407/600/390 406/599/387 438/631/413 439/632/416
f 394/601/391 393/596/388 425/629/414 426/633/417
f 381/602/392 380/597/389 412/630/415 413/634/418
f 408/603/393 407/600/390 439/632/416 440/635/419
f 395/604/394 394/601/391 426/633/417 427/636/420
f 382/606/395 381/602/392 413/634/418 414/637/421
f 409/607/396 408/603/393 440/635/419 441/638/422
f 396/608/397 395/604/394 427/636/420 428/639/423
f 383/610/398 382/609/395 414/640/421 415/641/424
f 378/593/385 409/607/396 441/638/422 410/626/411
f 397/611/399 396/608/397 428/639/423 429/642/425
f 384/526/338 383/610/398 415/641/424 416/643/426
f 398/613/372 397/611/399 429/642/425 430/644/427
f 385/527/339 384/526/338 416/643/426 417/645/428
f 399/579/373 398/578/372 430/646/427 431/647/429
f 386/580/374 385/527/339 417/645/428 418/648/430
f 400/581/375 399/579/373 431/647/429 432/649/431
f 387/575/369 386/580/374 418/648/430 419/576/370
f 401/582/376 400/581/375 432/649/431 433/618/404
f 458/650/432 457/651/433 489/652/434 490/653/435
f 437/624/409 436/623/408 468/654/436 469/655/437
f 424/625/410 423/614/400 455/617/403 456/656/438
f 411/627/412 410/626/411 442/657/439 443/658/440
f 438/628/413 437/624/409 469/655/437 470/659/441
f 425/629/414 424/625/410 456/656/438 457/651/433
f 412/630/415 411/627/412 443/658/440 444/660/442
f 439/632/416 438/631/413 470/661/441 471/662/443
f 426/633/417 425/629/414 457/651/433 458/650/432
f 413/634/418 412/630/415 444/660/442 445/663/444
f 440/635/419 439/632/416 471/662/443 472/664/445
f 427/636/420 426/633/417 458/650/432 459/665/446
f 414/637/421 413/634/418 445/663/444 446/666/447
f 441/638/422 440/635/419 472/664/445 473/667/448
f 428/639/423 427/636/420 459/665/446 460/668/449
f 415/641/424 414/640/421 446/669/447 447/670/450
f 410/626/411 441/638/422 473/667/448 442/657/439
f 429/642/425 428/639/423 460/668/449 461/671/451
f 416/643/426 415/641/424 447/670/450 448/672/452
f 430/644/427 429/642/425 461/671/451 462/673/453
f 417/645/428 416/643/426 448/672/452 449/674/454
f 431/647/429 430/646/427 462/675/453 463/676/455
f 418/648/430 417/645/428 449/674/454 450/677/456
f 432/649/431 431/647/429 463/676/455 464/678/457
f 419/576/370 418/648/430 450/677/456 451/679/458
f 433/618/404 432/649/431 464/678/457 465/680/459
f 420/577/371 419/576/370 451/679/458 452/681/460
f 434/619/405 433/618/404 465/680/459 466/682/461
f 421/620/406 420/577/371 452/681/460 453/683/462
f 435/621/407 434/619/405 466/682/461 467/684/463
f 422/622/401 421/620/406 453/683/462 454/685/402
f 436/623/408 435/621/407 467/684/463 468/654/436
f 493/686/464 492/687/465 524/688/466 525/689/467
f 445/663/444 444/660/442 476/690/468 477/691/469
f 472/664/445 471/662/443 503/692/470 504/693/471
f 459/665/446 458/650/432 490/653/435 491/694/472
f 446/666/447 445/663/444 477/691/469 478/695/473
f 473/667/448 472/664/445 504/693/471 505/696/474
f 460/668/449 459/665/446 491/694/472 492/687/465
f 447/670/450 446/669/447 478/697/473 479/698/475
f 442/657/439 473/667/448 505/696/474 474/699/476
f 461/671/451 460/668/449 492/687/465 493/686/464
f 448/672/452 447/670/450 479/698/475 480/700/477
f 462/673/453 461/671/451 493/686/464 494/701/478
f 449/674/454 448/672/452 480/700/477 481/702/479
f 463/676/455 462/675/453 494/703/478 495/704/480
f 450/677/456 449/674/454 481/702/479 482/705/481
f 464/678/457 463/676/455 495/704/480 496/706/482
f 451/679/458 450/677/456 482/705/481 483/707/483
f 465/680/459 464/678/457 496/706/482 497/708/484
f 452/681/460 451/679/458 483/707/483 484/709/485
f 466/682/461 465/680/459 497/708/484 498/710/486
f 453/683/462 452/681/460 484/709/485 485/711/487
f 467/684/463 466/682/461 498/710/486 499/712/488
f 454/685/402 453/683/462 485/711/487 486/713/489
f 468/654/436 467/684/463 499/712/488 500/714/490
f 455/617/403 454/616/402 486/715/489 487/716/491
f 469/655/437 468/654/436 500/714/490 501/717/492
f 456/656/438 455/617/403 487/716/491 488/718/493
f 443/658/440 442/657/439 474/699/476 475/719/494
f 470/659/441 469/655/437 501/717/492 502/720/495
f 457/651/433 456/656/438 488/718/493 489/652/434
f 444/660/442 443/658/440 475/719/494 476/690/468
f 471/662/443 470/661/441 502/721/495 503/692/470
f 528/722/496 527/723/497 559/724/498 560/725/499
f 480/700/477 479/698/475 511/726/500 512/727/501
f 494/701/478 493/686/464 525/689/467 526/728/502
f 481/702/479 480/700/477 512/727/501 513/729/503
f 495/704/480 494/703/478 526/730/502 527/723/497
f 482/705/481 481/702/479 513/729/503 514/731/504
f 496/706/482 495/704/480 527/723/497 528/722/496
f 483/707/483 482/705/481 514/731/504 515/732/505
f 497/708/484 496/706/482 528/722/496 529/733/506
f 484/709/485 483/707/483 515/732/505 516/734/507
f 498/710/486 497/708/484 529/733/506 530/735/508
f 485/711/487 484/709/485 516/734/507 517/736/509
f 499/712/488 498/710/486 530/735/508 531/737/510
f 486/713/489 485/711/487 517/736/509 518/738/511
f 500/714/490 499/712/488 531/737/510 532/739/512
f 487/716/491 486/715/489 518/740/511 519/741/513
f 501/717/492 500/714/490 532/739/512 533/742/514
f 488/718/493 487/716/491 519/741/513 520/743/515
f 475/719/494 474/699/476 506/744/516 507/745/517
f 502/720/495 501/717/492 533/742/514 534/746/518
f 489/652/434 488/718/493 520/743/515 521/747/519
f 476/690/468 475/719/494 507/745/517 508/748/520
f 503/692/470 502/721/495 534/749/518 535/750/521
f 490/653/435 489/652/434 521/747/519 522/751/522
f 477/691/469 476/690/468 508/748/520 509/752/523
f 504/693/471 503/692/470 535/750/521 536/753/524
f 491/694/472 490/653/435 522/751/522 523/754/525
f 478/695/473 477/691/469 509/752/523 510/755/526
f 505/696/474 504/693/471 536/753/524 537/756/527
f 492/687/465 491/694/472 523/754/525 524/688/466
f 479/698/475 478/697/473 510/757/526 511/726/500
f 474/699/476 505/696/474 537/756/527 506/744/516
f 563/758/528 562/759/529 594/760/530 595/761/531
f 515/732/505 514/731/504 546/762/532 547/763/533
f 529/733/506 528/722/496 560/725/499 561/764/534
f 516/734/507 515/732/505 547/763/533 548/765/535
f 530/735/508 529/733/506 561/764/534 562/759/529
f 517/736/509 516/734/507 548/765/535 549/766/536
f 531/737/510 530/735/508 562/759/529 563/758/528
f 518/738/511 517/736/509 549/766/536 550/767/537
f 532/739/512 531/737/510 563/758/528 564/768/538
f 519/741/513 518/740/511 550/769/537 551/770/539
f 533/742/514 532/739/512 564/768/538 565/771/540
f 520/743/515 519/741/513 551/770/539 552/772/541
f 507/745/517 506/744/516 538/773/542 539/774/543
f 534/746/518 533/742/514 565/771/540 566/775/544
f 521/747/519 520/743/515 552/772/541 553/776/545
f 508/748/520 507/745/517 539/774/543 540/777/546
f 535/750/521 534/749/518 566/778/544 567/779/547
f 522/751/522 521/747/519 553/776/545 554/780/548
f 509/752/523 508/748/520 540/777/546 541/781/549
f 536/753/524 535/750/521 567/779/547 568/782/550
f 523/754/525 522/751/522 554/780/548 555/783/551
f 510/755/526 509/752/523 541/781/549 542/784/552
f 537/756/527 536/753/524 568/782/550 569/785/553
f 524/688/466 523/754/525 555/783/551 556/786/554
f 511/726/500 510/757/526 542/787/552 543/788/555
f 506/744/516 537/756/527 569/785/553 538/773/542
f 525/689/467 524/688/466 556/786/554 557/789/556
f 512/727/501 511/726/500 543/788/555 544/790/557
f 526/728/502 525/689/467 557/789/556 558/791/558
f 513/729/503 512/727/501 544/790/557 545/792/559
f 527/723/497 526/730/502 558/793/558 559/724/498
f 514/731/504 513/729/503 545/792/559 546/762/532
f 571/794/560 570/795/561 602/796/562 603/797/563
f 550/767/537 549/766/536 581/798/564 582/799/565
f 564/768/538 563/758/528 595/761/531 596/800/566
f 551/801/539 550/767/537 582/799/565 583/802/567
f 565/771/540 564/768/538 596/800/566 597/803/568
f 552/772/541 551/770/539 583/804/567 584/805/569
f 539/774/543 538/773/542 570/806/561 571/807/560
f 566/775/544 565/771/540 597/803/568 598/808/570
f 553/776/545 552/772/541 584/805/569 585/809/571
f 540/777/546 539/774/543 571/807/560 572/810/572
f 567/811/547 566/775/544 598/808/570 599/812/573
f 554/780/548 553/776/545 585/809/571 586/813/574
f 541/781/549 540/777/546 572/810/572 573/814/575
f 568/782/550 567/779/547 599/815/573 600/816/576
f 555/783/551 554/780/548 586/813/574 587/817/577
f 542/787/552 541/818/549 573/819/575 574/820/578
f 569/785/553 568/782/550 600/816/576 601/821/579
f 556/786/554 555/783/551 587/817/577 588/822/580
f 543/788/555 542/787/552 574/820/578 575/823/581
f 538/773/542 569/785/553 601/821/579 570/806/561
f 557/789/556 556/786/554 588/822/580 589/824/582
f 544/790/557 543/788/555 575/823/581 576/825/583
f 558/793/558 557/826/556 589/827/582 590/828/584
f 545/792/559 544/790/557 576/825/583 577/829/585
f 559/724/498 558/793/558 590/828/584 591/830/586
f 546/762/532 545/792/559 577/829/585 578/831/587
f 560/725/499 559/724/498 591/830/586 592/832/588
f 547/763/533 546/762/532 578/831/587 579/833/589
f 561/764/534 560/725/499 592/832/588 593/834/590
f 548/765/535 547/763/533 579/833/589 580/835/591
f 562/759/529 561/764/534 593/834/590 594/760/530
f 549/766/536 548/765/535 580/835/591 581/798/564
f 606/836/592 605/837/593 637/838/594 638/839/595
f 598/808/570 597/803/568 629/840/596 630/841/597
f 585/842/571 584/843/569 616/844/598 617/845/599
f 572/846/572 571/794/560 603/797/563 604/847/600
f 599/812/573 598/808/570 630/841/597 631/848/601
f 586/849/574 585/842/571 617/845/599 618/850/602
f 573/851/575 572/846/572 604/847/600 605/837/593
f 600/852/576 599/853/573 631/854/601 632/855/603
f 587/856/577 586/849/574 618/850/602 619/857/604
f 574/820/578 573/819/575 605/858/593 606/859/592
f 601/860/579 600/852/576 632/855/603 633/861/605
f 588/862/580 587/856/577 619/857/604 620/863/606
f 575/823/581 574/820/578 606/859/592 607/864/607
f 570/795/561 601/860/579 633/861/605 602/796/562
f 589/865/582 588/862/580 620/863/606 621/866/608
f 576/825/583 575/823/581 607/864/607 608/867/609
f 590/828/584 589/827/582 621/868/608 622/869/610
f 577/829/585 576/825/583 608/867/609 609/870/611
f 591/830/586 590/828/584 622/869/610 623/871/612
f 578/831/587 577/829/585 609/870/611 610/872/613
f 592/832/588 591/830/586 623/871/612 624/873/614
f 579/833/589 578/831/587 610/872/613 611/874/615
f 593/834/590 592/832/588 624/873/614 625/875/616
f 580/835/591 579/833/589 611/874/615 612/876/617
f 594/760/530 593/834/590 625/875/616 626/877/618
f 581/798/564 580/835/591 612/876/617 613/878/619
f 595/761/531 594/760/530 626/877/618 627/879/620
f 582/799/565 581/798/564 613/878/619 614/880/621
f 596/800/566 595/761/531 627/879/620 628/881/622
f 583/802/567 582/799/565 614/880/621 615/882/623
f 597/803/568 596/800/566 628/881/622 629/840/596
f 584/843/569 583/883/567 615/884/623 616/844/598
f 641/885/624 640/886/625 672/887/626 673/888/627
f 633/861/605 632/855/603 664/889/628 665/890/629
f 620/863/606 619/857/604 651/891/630 652/892/631
f 607/864/607 606/859/592 638/893/595 639/894/632
f 602/796/562 633/861/605 665/890/629 634/895/633
f 621/866/608 620/863/606 652/892/631 653/896/634
f 608/867/609 607/864/607 639/894/632 640/886/625
f 622/897/610 621/866/608 653/896/634 654/898/635
f 609/870/611 608/867/609 640/886/625 641/885/624
f 623/871/612 622/869/610 654/899/635 655/900/636
f 610/872/613 609/870/611 641/885/624 642/901/637
f 624/873/614 623/871/612 655/900/636 656/902/638
f 611/874/615 610/872/613 642/901/637 643/903/639
f 625/875/616 624/873/614 656/902/638 657/904/640
f 612/876/617 611/874/615 643/903/639 644/905/641
f 626/877/618 625/875/616 657/904/640 658/906/642
f 613/878/619 612/876/617 644/905/641 645/907/643
f 627/879/620 626/877/618 658/906/642 659/908/644
f 614/880/621 613/878/619 645/907/643 646/909/645
f 628/881/622 627/879/620 659/908/644 660/910/646
f 615/884/623 614/911/621 646/912/645 647/913/647
f 629/840/596 628/881/622 660/910/646 661/914/648
f 616/844/598 615/884/623 647/913/647 648/915/649
f 603/797/563 602/796/562 634/895/633 635/916/650
f 630/841/597 629/840/596 661/914/648 662/917/651
f 617/845/599 616/844/598 648/915/649 649/918/652
f 604/847/600 603/797/563 635/916/650 636/919/653
f 631/854/601 630/920/597 662/921/651 663/922/654
f 618/850/602 617/845/599 649/918/652 650/923/655
f 605/837/593 604/847/600 636/919/653 637/838/594
f 632/855/603 631/854/601 663/922/654 664/889/628
f 619/857/604 618/850/602 650/923/655 651/891/630
f 676/924/656 675/925/657 707/926/658 708/927/659
f 655/900/636 654/899/635 686/928/660 687/929/661
f 642/901/637 641/885/624 673/888/627 674/930/662
f 656/902/638 655/900/636 687/929/661 688/931/663
f 643/903/639 642/901/637 674/930/662 675/925/657
f 657/904/640 656/902/638 688/931/663 689/932/664
f 644/905/641 643/903/639 675/925/657 676/924/656
f 658/906/642 657/904/640 689/932/664 690/933/665
f 645/907/643 644/905/641 676/924/656 677/934/666
f 659/908/644 658/906/642 690/933/665 691/935/667
f 646/909/645 645/907/643 677/934/666 678/936/668
f 660/910/646 659/908/644 691/935/667 692/937/669
f 647/913/647 646/912/645 678/938/668 679/939/670
f 661/914/648 660/910/646 692/937/669 693/940/671
f 648/915/649 647/913/647 679/939/670 680/941/672
f 635/916/650 634/895/633 666/942/673 667/943/674
f 662/917/651 661/914/648 693/940/671 694/944/675
f 649/918/652 648/915/649 680/941/672 681/945/676
f 636/919/653 635/916/650 667/943/674 668/946/677
f 663/922/654 662/921/651 694/947/675 695/948/678
f 650/923/655 649/918/652 681/945/676 682/949/679
f 637/838/594 636/919/653 668/946/677 669/950/680
f 664/889/628 663/922/654 695/948/678 696/951/681
f 651/891/630 650/923/655 682/949/679 683/952/682
f 638/839/595 637/838/594 669/950/680 670/953/683
f 665/890/629 664/889/628 696/951/681 697/954/684
f 652/892/631 651/891/630 683/952/682 684/955/685
f 639/894/632 638/893/595 670/956/683 671/957/686
f 634/895/633 665/890/629 697/954/684 666/942/673
f 653/896/634 652/892/631 684/955/685 685/958/687
f 640/886/625 639/894/632 671/957/686 672/887/626
f 654/898/635 653/896/634 685/958/687 686/959/660
f 711/960/688 710/961/689 742/962/690 743/963/691
f 690/933/665 689/932/664 721/964/692 722/965/693
f 677/934/666 676/924/656 708/927/659 709/966/694
f 691/935/667 690/933/665 722/965/693 723/967/695
f 678/936/668 677/934/666 709/966/694 710/968/689
f 692/937/669 691/935/667 723/967/695 724/969/696
f 679/939/670 678/938/668 710/961/689 711/960/688
f 693/940/671 692/937/669 724/969/696 725/970/697
f 680/941/672 679/939/670 711/960/688 712/971/698
f 667/943/674 666/942/673 698/972/699 699/973/700
f 694/944/675 693/940/671 725/970/697 726/974/701
f 681/945/676 680/941/672 712/971/698 713/975/702
f 668/946/677 667/943/674 699/973/700 700/976/703
f 695/948/678 694/947/675 726/977/701 727/978/704
f 682/949/679 681/945/676 713/975/702 714/979/705
f 669/950/680 668/946/677 700/976/703 701/980/706
f 696/951/681 695/948/678 727/978/704 728/981/707
f 683/952/682 682/949/679 714/979/705 715/982/708
f 670/953/683 669/950/680 701/980/706 702/983/709
f 697/954/684 696/951/681 728/981/707 729/984/710
f 684/955/685 683/952/682 715/982/708 716/985/711
f 671/957/686 670/956/683 702/986/709 703/987/712
f 666/942/673 697/954/684 729/984/710 698/972/699
f 685/958/687 684/955/685 716/985/711 717/988/713
f 672/887/626 671/957/686 703/987/712 704/989/714
f 686/959/660 685/958/687 717/988/713 718/990/715
f 673/888/627 672/887/626 704/989/714 705/991/716
f 687/929/661 686/928/660 718/992/715 719/993/717
f 674/930/662 673/888/627 705/991/716 706/994/718
f 688/931/663 687/929/661 719/993/717 720/995/719
f 675/925/657 674/930/662 706/994/718 707/926/658
f 689/932/664 688/931/663 720/995/719 721/964/692
f 1052/996/720 1050/997/721 778/998/721 779/999/722
f 725/970/697 724/969/696 756/1000/723 757/1001/724
f 712/971/698 711/960/688 743/963/691 744/1002/725
f 699/973/700 698/972/699 730/1003/726 731/1004/727
f 726/974/701 725/970/697 757/1001/724 758/1005/728
f 713/975/702 712/971/698 744/1002/725 745/1006/729
f 700/976/703 699/973/700 731/1004/727 732/1007/730
f 727/978/704 726/977/701 758/1008/728 759/1009/731
f 714/979/705 713/975/702 745/1006/729 746/1010/732
f 701/980/706 700/976/703 732/1007/730 733/1011/733
f 728/981/707 727/978/704 759/1009/731 760/1012/734
f 715/982/708 714/979/705 746/1010/732 747/1013/735
f 702/983/709 701/980/706 733/1011/733 734/1014/736
f 729/984/710 728/981/707 760/1012/734 761/1015/737
f 716/985/711 715/982/708 747/1013/735 748/1016/738
f 703/987/712 702/986/709 734/1017/736 735/1018/739
f 698/972/699 729/984/710 761/1015/737 730/1003/726
f 717/988/713 716/985/711 748/1016/738 749/1019/740
f 704/989/714 703/987/712 735/1018/739 736/1020/741
f 718/990/715 717/988/713 749/1019/740 750/1021/742
f 705/991/716 704/989/714 736/1020/741 737/1022/743
f 719/993/717 718/992/715 750/1023/742 751/1024/744
f 706/994/718 705/991/716 737/1022/743 738/1025/45
f 720/995/719 719/993/717 751/1024/744 752/1026/745
f 707/926/658 706/994/718 738/1025/45 739/1027/746
f 721/964/692 720/995/719 752/1026/745 753/1028/747
f 708/927/659 707/926/658 739/1027/746 740/1029/748
f 722/965/693 721/964/692 753/1028/747 754/1030/42
f 709/966/694 708/927/659 740/1029/748 741/1031/749
f 723/967/695 722/965/693 754/1030/42 755/1032/750
f 710/968/689 709/966/694 741/1031/749 742/1033/690
f 724/969/696 723/967/695 755/1032/750 756/1000/723
f 1058/1034/751 1056/1035/752 781/1036/753 782/1037/754
f 1026/1038/755 1024/1039/756 765/1040/757 766/1041/758
f 1080/1042/759 1078/1043/760 792/1044/761 793/1045/762
f 1054/1046/763 1052/996/720 779/999/722 780/1047/764
f 1028/1048/765 1026/1049/755 766/1050/758 767/1051/766
f 749/1052/767 748/1053/767 1055/1054/767 1057/1055/767
f 1030/1056/768 1028/1048/765 767/1051/766 768/1057/769
f 1022/1058/770 1020/1059/771 763/1060/772 764/1061/773
f 1056/1035/752 1054/1046/763 780/1047/764 781/1036/753
f 1032/1062/774 1030/1056/768 768/1057/769 769/1063/775
f 1060/1064/776 1058/1065/751 782/1066/754 783/1067/777
f 1034/1068/778 1032/1062/774 769/1063/775 770/1069/779
f 1062/1070/780 1060/1064/776 783/1067/777 784/1071/781
f 1036/1072/782 1034/1068/778 770/1069/779 771/1073/783
f 1064/1074/784 1062/1070/780 784/1071/781 785/1075/785
f 1038/1076/786 1036/1072/782 771/1073/783 772/1077/787
f 1066/1078/788 1064/1074/784 785/1075/785 786/1079/789
f 1040/1080/790 1038/1076/786 772/1077/787 773/1081/791
f 1068/1082/792 1066/1078/788 786/1079/789 787/1083/793
f 1042/1084/794 1040/1080/790 773/1081/791 774/1085/795
f 1070/1086/796 1068/1082/792 787/1083/793 788/1087/797
f 1044/1088/798 1042/1089/794 774/1090/795 775/1091/799
f 1072/1092/800 1070/1086/796 788/1087/797 789/1093/801
f 1046/1094/802 1044/1088/798 775/1091/799 776/1095/803
f 1074/1096/804 1072/1092/800 789/1093/801 790/1097/805
f 1048/1098/806 1046/1094/802 776/1095/803 777/1099/807
f 1019/1100/808 1080/1042/759 793/1045/762 762/1101/808
f 1076/1102/809 1074/1103/804 790/1104/805 791/1105/810
f 1050/997/721 1048/1098/806 777/1099/807 778/998/721
f 1024/1039/756 1022/1058/770 764/1061/773 765/1040/757
f 1078/1043/760 1076/1102/809 791/1105/810 792/1044/761
f 1000/1106/811 998/1107/812 848/1108/781 849/1109/813
f 736/1110/767 735/1111/767 1029/1112/767 1031/1113/767
f 750/1114/767 749/1052/767 1057/1055/767 1059/1115/767
f 737/1116/767 736/1110/767 1031/1113/767 1033/1117/767
f 751/1118/767 750/1114/767 1059/1115/767 1061/1119/767
f 738/1120/767 737/1116/767 1033/1117/767 1035/1121/767
f 752/1122/767 751/1118/767 1061/1119/767 1063/1123/767
f 739/1124/767 738/1120/767 1035/1121/767 1037/1125/767
f 753/1126/767 752/1122/767 1063/1123/767 1065/1127/767
f 740/1128/767 739/1124/767 1037/1125/767 1039/1129/767
f 754/1130/767 753/1126/767 1065/1127/767 1067/1131/767
f 741/1132/767 740/1128/767 1039/1129/767 1041/1133/767
f 755/1134/767 754/1130/767 1067/1131/767 1069/1135/767
f 742/1136/767 741/1132/767 1041/1133/767 1043/1137/767
f 756/1138/767 755/1134/767 1069/1135/767 1071/1139/767
f 743/1140/767 742/1136/767 1043/1137/767 1045/1141/767
f 757/1142/767 756/1138/767 1071/1139/767 1073/1143/767
f 744/1144/767 743/1140/767 1045/1141/767 1047/1145/767
f 731/1146/767 730/1147/767 1018/1148/767 1021/1149/767
f 758/1150/767 757/1142/767 1073/1143/767 1075/1151/767
f 745/1152/767 744/1144/767 1047/1145/767 1049/1153/767
f 732/1154/767 731/1146/767 1021/1149/767 1023/1155/767
f 759/1156/767 758/1150/767 1075/1151/767 1077/1157/767
f 746/1158/767 745/1152/767 1049/1153/767 1051/1159/767
f 733/1160/767 732/1154/767 1023/1155/767 1025/1161/767
f 760/1162/767 759/1156/767 1077/1157/767 1079/1163/767
f 747/1164/767 746/1158/767 1051/1159/767 1053/1165/767
f 734/1166/767 733/1160/767 1025/1161/767 1027/1167/767
f 761/1168/767 760/1162/767 1079/1163/767 1081/1169/767
f 748/1053/767 747/1164/767 1053/1165/767 1055/1054/767
f 735/1111/767 734/1166/767 1027/1167/767 1029/1112/767
f 730/1147/767 761/1168/767 1081/1169/767 1018/1148/767
f 1006/1170/814 1004/1171/815 851/1172/793 852/1173/797
f 974/1174/816 972/1175/817 835/1176/818 836/1177/787
f 1002/1178/819 1000/1106/811 849/1109/813 850/1179/789
f 976/1180/820 974/1174/816 836/1177/787 837/1181/791
f 787/1083/821 786/1079/822 1003/1182/823 1005/1183/824
f 978/1184/825 976/1180/820 837/1181/791 838/1185/795
f 1004/1171/815 1002/1178/819 850/1179/789 851/1172/793
f 980/1186/826 978/1187/825 838/1188/795 839/1189/799
f 1008/1190/827 1006/1170/814 852/1173/797 853/1191/801
f 982/1192/828 980/1186/826 839/1189/799 840/1193/803
f 1010/1194/829 1008/1190/827 853/1191/801 854/1195/805
f 984/1196/830 982/1192/828 840/1193/803 841/1197/807
f 955/1198/831 1016/1199/832 857/1200/762 827/1201/808
f 1012/1202/833 1010/1203/829 854/1204/805 855/1205/810
f 986/1206/834 984/1196/830 841/1197/807 842/1207/721
f 960/1208/835 958/1209/836 828/1210/773 829/1211/757
f 1014/1212/837 1012/1202/833 855/1205/810 856/1213/761
f 988/1214/838 986/1206/834 842/1207/721 843/1215/722
f 962/1216/839 960/1208/835 829/1211/757 830/1217/758
f 1016/1199/832 1014/1212/837 856/1213/761 857/1200/762
f 990/1218/840 988/1214/838 843/1215/722 844/1219/764
f 964/1220/841 962/1221/839 830/1222/758 831/1223/766
f 992/1224/842 990/1218/840 844/1219/764 845/1225/753
f 966/1226/843 964/1220/841 831/1223/766 832/1227/769
f 958/1209/836 956/1228/844 826/1229/772 828/1210/773
f 994/1230/845 992/1224/842 845/1225/753 846/1231/754
f 968/1232/846 966/1226/843 832/1227/769 833/1233/775
f 996/1234/847 994/1235/845 846/1236/754 847/1237/777
f 970/1238/848 968/1232/846 833/1233/775 834/1239/779
f 998/1107/812 996/1234/847 847/1237/777 848/1108/781
f 972/1175/817 970/1238/848 834/1239/779 835/1176/818
f 821/1240/849 820/1241/850 884/1242/851 885/1243/852
f 774/1244/853 773/1245/854 977/1246/855 979/1247/856
f 788/1087/857 787/1083/821 1005/1183/824 1007/1248/858
f 775/1249/859 774/1244/853 979/1247/856 981/1250/860
f 789/1251/861 788/1252/857 1007/1253/858 1009/1254/862
f 776/1255/863 775/1249/859 981/1250/860 983/1256/864
f 763/1060/865 762/1101/866 954/1257/867 957/1258/868
f 790/1259/869 789/1251/861 1009/1254/862 1011/1260/870
f 777/1099/871 776/1095/863 983/1261/864 985/1262/872
f 764/1263/873 763/1264/865 957/1265/868 959/1266/874
f 791/1267/875 790/1259/869 1011/1260/870 1013/1268/876
f 778/998/877 777/1099/871 985/1262/872 987/1269/878
f 765/1270/879 764/1263/873 959/1266/874 961/1271/880
f 792/1272/881 791/1267/875 1013/1268/876 1015/1273/882
f 779/999/883 778/998/877 987/1269/878 989/1274/884
f 766/1275/885 765/1270/879 961/1271/880 963/1276/886
f 793/1277/887 792/1272/881 1015/1273/882 1017/1278/888
f 780/1047/889 779/999/883 989/1274/884 991/1279/890
f 767/1280/891 766/1275/885 963/1276/886 965/1281/892
f 762/1101/866 793/1045/887 1017/1282/888 954/1257/867
f 781/1283/893 780/1284/889 991/1285/890 993/1286/894
f 768/1287/895 767/1280/891 965/1281/892 967/1288/896
f 782/1289/897 781/1283/893 993/1286/894 995/1290/898
f 769/1063/899 768/1057/895 967/1291/896 969/1292/900
f 783/1293/901 782/1289/897 995/1290/898 997/1294/902
f 770/1069/903 769/1063/899 969/1292/900 971/1295/904
f 784/1296/905 783/1293/901 997/1294/902 999/1297/906
f 771/1073/907 770/1069/903 971/1295/904 973/1298/908
f 785/1075/909 784/1071/905 999/1299/906 1001/1300/910
f 772/1077/911 771/1073/907 973/1298/908 975/1301/912
f 786/1079/822 785/1075/909 1001/1300/910 1003/1182/823
f 773/1245/854 772/1302/911 975/1303/912 977/1246/855
f 794/1304/913 795/1305/914 826/1306/915 827/1307/915
f 795/1305/914 796/1308/916 828/1309/915 826/1306/915
f 796/1308/916 797/1310/917 829/1311/915 828/1309/915
f 797/1310/917 798/1312/918 830/1313/915 829/1311/915
f 798/1312/918 799/1314/919 831/1315/915 830/1313/915
f 799/1314/919 800/1316/920 832/1317/915 831/1315/915
f 800/1316/920 801/1318/921 833/1319/915 832/1317/915
f 801/1318/921 802/1320/922 834/1321/915 833/1319/915
f 802/1320/922 803/1322/923 835/1323/915 834/1321/915
f 803/1322/923 804/1324/924 836/1325/915 835/1323/915
f 804/1324/924 805/1326/925 837/1327/915 836/1325/915
f 805/1326/925 806/1328/926 838/1329/915 837/1327/915
f 806/1328/926 807/1330/927 839/1331/915 838/1329/915
f 807/1330/927 808/1332/928 840/1333/915 839/1331/915
f 808/1332/928 809/1334/929 841/1335/915 840/1333/915
f 809/1334/929 810/1336/930 842/1337/915 841/1335/915
f 810/1336/930 811/1338/931 843/1339/915 842/1337/915
f 811/1338/931 812/1340/932 844/1341/915 843/1339/915
f 812/1340/932 813/1342/933 845/1343/915 844/1341/915
f 813/1342/933 814/1344/934 846/1345/915 845/1343/915
f 814/1344/934 815/1346/935 847/1347/915 846/1345/915
f 815/1346/935 816/1348/936 848/1349/915 847/1347/915
f 816/1348/936 817/1350/937 849/1351/915 848/1349/915
f 817/1350/937 818/1352/938 850/1353/915 849/1351/915
f 818/1352/938 819/1354/939 851/1355/915 850/1353/915
f 819/1354/939 820/1241/850 852/1356/915 851/1355/915
f 820/1241/850 821/1240/849 853/1357/915 852/1356/915
f 821/1240/849 822/1358/940 854/1359/915 853/1357/915
f 822/1358/940 823/1360/941 855/1361/915 854/1359/915
f 823/1360/941 824/1362/942 856/1363/915 855/1361/915
f 824/1362/942 825/1364/943 857/1365/915 856/1363/915
f 825/1364/943 794/1304/913 827/1307/915 857/1365/915
f 858/1366/944 859/1367/945 889/1368/946 888/1369/947 887/1370/948 886/1371/949 885/1243/852 884/1242/851 883/1372/950 882/1373/951 881/1374/952 880/1375/953 879/1376/954 878/1377/955 877/1378/956 876/1379/957 875/1380/958 874/1381/959 873/1382/960 872/1383/961 871/1384/962 870/1385/963 869/1386/964 868/1387/965 867/1388/966 866/1389/967 865/1390/968 864/1391/969 863/1392/970 862/1393/971 861/1394/972 860/1395/973
f 808/1332/928 807/1330/927 871/1384/962 872/1383/961
f 795/1305/914 794/1304/913 859/1367/945 858/1366/944
f 822/1358/940 821/1240/849 885/1243/852 886/1371/949
f 809/1334/929 808/1332/928 872/1383/961 873/1382/960
f 796/1308/916 795/1305/914 858/1366/944 860/1395/973
f 823/1360/941 822/1358/940 886/1371/949 887/1370/948
f 810/1336/930 809/1334/929 873/1382/960 874/1381/959
f 797/1310/917 796/1308/916 860/1395/973 861/1394/972
f 824/1362/942 823/1360/941 887/1370/948 888/1369/947
f 811/1338/931 810/1336/930 874/1381/959 875/1380/958
f 798/1312/918 797/1310/917 861/1394/972 862/1393/971
f 825/1364/943 824/1362/942 888/1369/947 889/1368/946
f 812/1340/932 811/1338/931 875/1380/958 876/1379/957
f 799/1314/919 798/1312/918 862/1393/971 863/1392/970
f 794/1304/913 825/1364/943 889/1368/946 859/1367/945
f 813/1342/933 812/1340/932 876/1379/957 877/1378/956
f 800/1316/920 799/1314/919 863/1392/970 864/1391/969
f 814/1344/934 813/1342/933 877/1378/956 878/1377/955
f 801/1318/921 800/1316/920 864/1391/969 865/1390/968
f 815/1346/935 814/1344/934 878/1377/955 879/1376/954
f 802/1320/922 801/1318/921 865/1390/968 866/1389/967
f 816/1348/936 815/1346/935 879/1376/954 880/1375/953
f 803/1322/923 802/1320/922 866/1389/967 867/1388/966
f 817/1350/937 816/1348/936 880/1375/953 881/1374/952
f 804/1324/924 803/1322/923 867/1388/966 868/1387/965
f 818/1352/938 817/1350/937 881/1374/952 882/1373/951
f 805/1326/925 804/1324/924 868/1387/965 869/1386/964
f 819/1354/939 818/1352/938 882/1373/951 883/1372/950
f 806/1328/926 805/1326/925 869/1386/964 870/1385/963
f 820/1241/850 819/1354/939 883/1372/950 884/1242/851
f 807/1330/927 806/1328/926 870/1385/963 871/1384/962
f 891/305/974 893/374/975 892/1396/975 890/1397/974
f 893/1398/975 895/1399/976 894/1400/976 892/1401/975
f 895/1399/976 897/1402/977 896/1403/977 894/1400/976
f 897/1402/977 899/1404/978 898/1405/978 896/1403/977
f 899/1404/978 901/1406/979 900/1407/979 898/1405/978
f 901/1406/979 903/1408/980 902/1409/980 900/1407/979
f 903/1408/980 905/1410/981 904/1411/981 902/1409/980
f 905/319/981 907/321/982 906/1412/982 904/1413/981
f 907/321/982 909/323/983 908/1414/983 906/1412/982
f 909/1415/983 911/1416/984 910/1417/984 908/1418/983
f 911/1416/984 913/1419/985 912/1420/985 910/1417/984
f 913/1419/985 915/1421/986 914/1422/986 912/1420/985
f 915/1421/986 917/1423/987 916/1424/987 914/1422/986
f 917/1423/987 919/1425/988 918/1426/988 916/1424/987
f 919/1425/988 921/1427/989 920/1428/989 918/1426/988
f 921/337/989 923/339/990 922/1429/990 920/1430/989
f 923/339/990 925/341/991 924/1431/991 922/1429/990
f 925/1432/991 927/1433/992 926/1434/992 924/1435/991
f 927/1433/992 929/1436/993 928/1437/993 926/1434/992
f 929/1436/993 931/1438/994 930/1439/994 928/1437/993
f 931/1438/994 933/1440/995 932/1441/995 930/1439/994
f 933/1440/995 935/1442/996 934/1443/997 932/1441/995
f 935/1442/996 937/1444/998 936/1445/998 934/1443/997
f 937/355/998 939/357/999 938/1446/999 936/1447/998
f 939/357/999 941/359/1000 940/1448/1000 938/1446/999
f 941/1449/1000 943/1450/1001 942/1451/1001 940/1452/1000
f 943/1450/1001 945/1453/1002 944/1454/1002 942/1451/1001
f 945/1453/1002 947/1455/1003 946/1456/1003 944/1454/1002
f 947/1455/1003 949/1457/1004 948/1458/1004 946/1456/1003
f 949/1457/1004 951/1459/1005 950/1460/1005 948/1458/1004
f 951/1459/1005 953/1461/1006 952/1462/1006 950/1460/1005
f 953/302/1006 891/305/974 890/1397/974 952/1463/1006
f 890/1464/1007 892/1401/1007 894/1400/1007 896/1403/1007 898/1405/1007 900/1407/1007 902/1409/1007 904/1411/1007 906/1465/1007 908/1418/1007 910/1417/1007 912/1420/1007 914/1422/1007 916/1424/1007 918/1426/1007 920/1428/1007 922/1466/1007 924/1435/1007 926/1434/1007 928/1437/1007 930/1439/1007 932/1441/1007 934/1443/1007 936/1445/1007 938/1467/1007 940/1452/1007 942/1451/1007 944/1454/1007 946/1456/1007 948/1458/1007 950/1460/1007 952/1462/1007
f 957/1258/868 954/1257/867 955/1198/831 956/1228/844
f 959/1468/874 957/1258/868 956/1228/844 958/1209/836
f 961/1469/880 959/1468/874 958/1209/836 960/1208/835
f 963/1470/886 961/1469/880 960/1208/835 962/1216/839
f 965/1471/892 963/1472/886 962/1221/839 964/1220/841
f 967/1291/896 965/1471/892 964/1220/841 966/1226/843
f 969/1292/900 967/1291/896 966/1226/843 968/1232/846
f 971/1295/904 969/1292/900 968/1232/846 970/1238/848
f 973/1298/908 971/1295/904 970/1238/848 972/1175/817
f 975/1301/912 973/1298/908 972/1175/817 974/1174/816
f 977/1473/855 975/1301/912 974/1174/816 976/1180/820
f 979/1474/856 977/1473/855 976/1180/820 978/1184/825
f 981/1475/860 979/1476/856 978/1187/825 980/1186/826
f 983/1261/864 981/1475/860 980/1186/826 982/1192/828
f 985/1262/872 983/1261/864 982/1192/828 984/1196/830
f 987/1269/878 985/1262/872 984/1196/830 986/1206/834
f 989/1274/884 987/1269/878 986/1206/834 988/1214/838
f 991/1279/890 989/1274/884 988/1214/838 990/1218/840
f 993/1477/894 991/1279/890 990/1218/840 992/1224/842
f 995/1478/898 993/1477/894 992/1224/842 994/1230/845
f 997/1479/902 995/1480/898 994/1235/845 996/1234/847
f 999/1299/906 997/1479/902 996/1234/847 998/1107/812
f 1001/1300/910 999/1299/906 998/1107/812 1000/1106/811
f 1003/1182/823 1001/1300/910 1000/1106/811 1002/1178/819
f 1005/1183/824 1003/1182/823 1002/1178/819 1004/1171/815
f 1007/1248/858 1005/1183/824 1004/1171/815 1006/1170/814
f 1009/1481/862 1007/1248/858 1006/1170/814 1008/1190/827
f 1011/1482/870 1009/1481/862 1008/1190/827 1010/1194/829
f 1013/1483/876 1011/1484/870 1010/1203/829 1012/1202/833
f 1015/1485/882 1013/1483/876 1012/1202/833 1014/1212/837
f 1017/1282/888 1015/1485/882 1014/1212/837 1016/1199/832
f 954/1257/867 1017/1282/888 1016/1199/832 955/1198/831
f 956/1228/844 955/1198/831 827/1201/808 826/1229/772
f 1021/1149/1008 1018/1148/1009 1019/1486/1009 1020/1487/1010
f 1023/1155/1011 1021/1149/1008 1020/1487/1010 1022/1488/1012
f 1025/1161/1013 1023/1155/1011 1022/1488/1012 1024/1489/1014
f 1027/1167/1015 1025/1161/1013 1024/1489/1014 1026/1490/1016
f 1029/1112/1017 1027/1167/1015 1026/1490/1016 1028/1491/1018
f 1031/1113/1019 1029/1112/1017 1028/1491/1018 1030/1492/1020
f 1033/1117/1021 1031/1113/1019 1030/1492/1020 1032/1493/1022
f 1035/1121/1023 1033/1117/1021 1032/1493/1022 1034/1494/1024
f 1037/1125/1025 1035/1121/1023 1034/1494/1024 1036/1495/1026
f 1039/1129/1027 1037/1125/1025 1036/1495/1026 1038/1496/1028
f 1041/1133/1029 1039/1129/1027 1038/1496/1028 1040/1497/1030
f 1043/1137/1031 1041/1133/1029 1040/1497/1030 1042/1498/1032
f 1045/1141/1033 1043/1137/1031 1042/1498/1032 1044/1499/1034
f 1047/1145/1035 1045/1141/1033 1044/1499/1034 1046/1500/1036
f 1049/1153/1037 1047/1145/1035 1046/1500/1036 1048/1501/1037
f 1051/1159/1038 1049/1153/1037 1048/1501/1037 1050/1502/1038
f 1053/1165/1039 1051/1159/1038 1050/1502/1038 1052/1503/1039
f 1055/1054/1040 1053/1165/1039 1052/1503/1039 1054/1504/1041
f 1057/1055/1042 1055/1054/1040 1054/1504/1041 1056/1505/1043
f 1059/1115/1044 1057/1055/1042 1056/1505/1043 1058/1506/1045
f 1061/1119/1046 1059/1115/1044 1058/1506/1045 1060/1507/1047
f 1063/1123/1048 1061/1119/1046 1060/1507/1047 1062/1508/1049
f 1065/1127/1050 1063/1123/1048 1062/1508/1049 1064/1509/1051
f 1067/1131/1052 1065/1127/1050 1064/1509/1051 1066/1510/1053
f 1069/1135/1054 1067/1131/1052 1066/1510/1053 1068/1511/1055
f 1071/1139/1056 1069/1135/1054 1068/1511/1055 1070/1512/1057
f 1073/1143/1058 1071/1139/1056 1070/1512/1057 1072/1513/1059
f 1075/1151/1060 1073/1143/1058 1072/1513/1059 1074/1514/1061
f 1077/1157/1062 1075/1151/1060 1074/1514/1061 1076/1515/1063
f 1079/1163/1064 1077/1157/1062 1076/1515/1063 1078/1516/1065
f 1081/1169/1066 1079/1163/1064 1078/1516/1065 1080/1517/1067
f 1018/1148/1009 1081/1169/1066 1080/1517/1067 1019/1486/1009
f 1020/1059/771 1019/1100/808 762/1101/808 763/1060/772
f 1136/1622/29 1138/1623/29 1174/1624/29 1173/1625/29
f 1159/1626/1100 1160/1627/1101 1192/1628/1101 1191/1629/1100
f 1092/1630/29 1094/1631/29 1152/1632/29 1151/1633/29
f 1110/1634/29 1112/1635/29 1161/1636/29 1160/1627/29
f 1128/1637/29 1130/1638/29 1170/1639/29 1169/1640/29
f 1084/1641/29 1086/1642/29 1148/1643/29 1147/1644/29
f 1102/1645/29 1104/1646/29 1157/1647/29 1156/1648/29
f 1120/1649/29 1122/1650/29 1166/1651/29 1165/1652/29
f 1138/1623/29 1140/1653/29 1175/1654/29 1174/1624/29
f 1094/1631/29 1096/1655/29 1153/1656/29 1152/1632/29
f 1112/1635/29 1114/1657/29 1162/1658/29 1161/1636/29
f 1130/1638/29 1132/1659/29 1171/1660/29 1170/1639/29
f 1086/1642/29 1088/1661/29 1149/1662/29 1148/1643/29
f 1104/1646/29 1106/1663/29 1158/1664/29 1157/1647/29
f 1122/1650/29 1124/1665/29 1167/1666/29 1166/1651/29
f 1140/1653/29 1142/1667/29 1176/1668/29 1175/1654/29
f 1096/1655/29 1098/1669/29 1154/1670/29 1153/1656/29
f 1114/1657/29 1116/1671/29 1163/1672/29 1162/1658/29
f 1132/1659/29 1134/1673/29 1172/1674/29 1171/1660/29
f 1088/1661/29 1090/1675/29 1150/1676/29 1149/1662/29
f 1106/1663/29 1108/1677/29 1159/1626/29 1158/1664/29
f 1124/1665/29 1126/1678/29 1168/1679/29 1167/1666/29
f 1142/1667/29 1144/1680/29 1177/1681/29 1176/1668/29
f 1098/1669/29 1100/1682/29 1155/1683/29 1154/1670/29
f 1116/1671/29 1118/1684/29 1164/1685/29 1163/1672/29
f 1134/1673/29 1136/1622/29 1173/1625/29 1172/1674/29
f 1090/1675/29 1092/1630/29 1151/1633/29 1150/1676/29
f 1108/1677/29 1110/1634/29 1160/1627/29 1159/1626/29
f 1126/1678/29 1128/1637/29 1169/1640/29 1168/1679/29
f 1082/1686/29 1084/1641/29 1147/1644/29 1146/1687/29
f 1144/1680/29 1082/1686/29 1146/1687/29 1177/1681/29
f 1100/1682/29 1102/1645/29 1156/1648/29 1155/1683/29
f 1118/1684/29 1120/1649/29 1165/1652/29 1164/1685/29
f 1194/1688/1102 1195/1689/1103 1227/1690/1103 1226/1691/1102
f 1146/1687/1104 1147/1644/1105 1179/1692/1105 1178/1693/1104
f 1173/1625/1106 1174/1624/1107 1206/1694/1107 1205/1695/1106
f 1160/1627/1101 1161/1636/1108 1193/1696/1108 1192/1628/1101
f 1147/1644/1105 1148/1643/1109 1180/1697/1109 1179/1692/1105
f 1174/1624/1107 1175/1654/1110 1207/1698/1110 1206/1694/1107
f 1161/1636/1108 1162/1658/1111 1194/1699/1111 1193/1696/1108
f 1148/1643/1109 1149/1662/1112 1181/1700/1112 1180/1697/1109
f 1175/1654/1110 1176/1668/1113 1208/1701/1113 1207/1698/1110
f 1162/1658/1111 1163/1672/1114 1195/1702/1114 1194/1699/1111
f 1149/1662/1112 1150/1676/1115 1182/1703/1115 1181/1700/1112
f 1176/1668/1113 1177/1681/1116 1209/1704/1116 1208/1701/1113
f 1163/1672/1114 1164/1685/1117 1196/1705/1117 1195/1702/1114
f 1150/1676/1115 1151/1633/1118 1183/1706/1118 1182/1703/1115
f 1177/1681/1116 1146/1687/1104 1178/1693/1104 1209/1704/1116
f 1164/1685/1117 1165/1652/1119 1197/1707/1119 1196/1705/1117
f 1151/1633/1118 1152/1632/1120 1184/1708/1120 1183/1706/1118
f 1165/1652/1119 1166/1651/1121 1198/1709/1121 1197/1707/1119
f 1152/1632/1120 1153/1656/1122 1185/1710/1122 1184/1708/1120
f 1166/1651/1121 1167/1666/1123 1199/1711/1123 1198/1709/1121
f 1153/1656/1122 1154/1670/1124 1186/1712/1124 1185/1710/1122
f 1167/1666/1123 1168/1679/1125 1200/1713/1125 1199/1711/1123
f 1154/1670/1124 1155/1683/1126 1187/1714/1126 1186/1712/1124
f 1168/1679/1125 1169/1640/1127 1201/1715/1127 1200/1713/1125
f 1155/1683/1126 1156/1648/1128 1188/1716/1128 1187/1714/1126
f 1169/1640/1127 1170/1639/1129 1202/1717/1129 1201/1715/1127
f 1156/1648/1128 1157/1647/1130 1189/1718/1130 1188/1716/1128
f 1170/1639/1129 1171/1660/1131 1203/1719/1131 1202/1717/1129
f 1157/1647/1130 1158/1664/1132 1190/1720/1132 1189/1718/1130
f 1171/1660/1131 1172/1674/1133 1204/1721/1133 1203/1719/1131
f 1158/1664/1132 1159/1626/1100 1191/1629/1100 1190/1720/1132
f 1172/1674/1133 1173/1625/1106 1205/1695/1106 1204/1721/1133
f 1229/1722/1007 1230/1723/1007 1262/1724/1007 1261/1725/1007
f 1181/1726/1134 1182/1727/1135 1214/1728/1135 1213/1729/1134
f 1208/1730/1136 1209/1731/1137 1241/1732/1137 1240/1733/1136
f 1195/1734/1103 1196/1735/1138 1228/1736/1138 1227/1737/1103
f 1182/1727/1135 1183/1738/1139 1215/1739/1139 1214/1728/1135
f 1209/1731/1137 1178/1740/1140 1210/1741/1140 1241/1732/1137
f 1196/1735/1138 1197/1742/1141 1229/1722/1141 1228/1736/1138
f 1183/1738/1139 1184/1743/1142 1216/1744/1142 1215/1739/1139
f 1197/1742/1141 1198/1745/1143 1230/1723/1143 1229/1722/1141
f 1184/1743/1142 1185/1746/1144 1217/1747/1144 1216/1744/1142
f 1198/1745/1143 1199/1748/1145 1231/1749/1145 1230/1723/1143
f 1185/1750/1144 1186/1751/1146 1218/1752/1146 1217/1753/1144
f 1199/1748/1145 1200/1754/1147 1232/1755/1147 1231/1749/1145
f 1186/1751/1146 1187/1756/1148 1219/1757/1148 1218/1752/1146
f 1200/1754/1147 1201/1758/1149 1233/1759/1149 1232/1755/1147
f 1187/1760/1148 1188/1761/1150 1220/1762/1150 1219/1763/1148
f 1201/1764/1149 1202/1765/1151 1234/1766/1151 1233/1767/1149
f 1188/1761/1150 1189/1768/1152 1221/1769/1152 1220/1762/1150
f 1202/1765/1151 1203/1770/1153 1235/1771/1153 1234/1766/1151
f 1189/1768/1152 1190/1772/1154 1222/1773/1154 1221/1769/1152
f 1203/1774/1153 1204/1775/1155 1236/1776/1155 1235/1777/1153
f 1190/1772/1154 1191/1778/1156 1223/1779/1156 1222/1773/1154
f 1204/1775/1155 1205/1780/1157 1237/1781/1157 1236/1776/1155
f 1191/1778/1156 1192/1782/1158 1224/1783/1158 1223/1779/1156
f 1178/1740/1140 1179/1784/1159 1211/1785/1159 1210/1741/1140
f 1205/1780/1157 1206/1786/1160 1238/1787/1160 1237/1781/1157
f 1192/1782/1158 1193/1788/1161 1225/1789/1161 1224/1783/1158
f 1179/1784/1159 1180/1790/1162 1212/1791/1162 1211/1785/1159
f 1206/1786/1160 1207/1792/1163 1239/1793/1163 1238/1787/1160
f 1193/1794/1161 1194/1688/1102 1226/1691/1102 1225/1795/1161
f 1180/1796/1162 1181/1726/1134 1213/1729/1134 1212/1797/1162
f 1207/1792/1163 1208/1798/1136 1240/1799/1136 1239/1793/1163
f 1264/1800/1164 1265/1801/1165 1297/1802/1165 1296/1803/1164
f 1216/1744/1007 1217/1747/1007 1249/1804/1007 1248/1805/1007
f 1230/1723/1007 1231/1749/1007 1263/1806/1007 1262/1724/1007
f 1217/1747/1007 1218/1807/1007 1250/1808/1007 1249/1804/1007
f 1231/1749/1007 1232/1755/1007 1264/1809/1007 1263/1806/1007
f 1218/1807/1007 1219/1763/1007 1251/1810/1007 1250/1808/1007
f 1232/1755/1007 1233/1759/1007 1265/1811/1007 1264/1809/1007
f 1219/1763/1007 1220/1762/1007 1252/1812/1007 1251/1810/1007
f 1233/1759/1007 1234/1813/1007 1266/1814/1007 1265/1811/1007
f 1220/1762/1007 1221/1769/1007 1253/1815/1007 1252/1812/1007
f 1234/1813/1007 1235/1777/1007 1267/1816/1007 1266/1814/1007
f 1221/1769/1007 1222/1773/1007 1254/1817/1007 1253/1815/1007
f 1235/1777/1007 1236/1776/1007 1268/1818/1007 1267/1816/1007
f 1222/1773/1007 1223/1779/1007 1255/1819/1007 1254/1817/1007
f 1236/1776/1007 1237/1781/1007 1269/1820/1007 1268/1818/1007
f 1223/1779/1007 1224/1783/1007 1256/1821/1007 1255/1819/1007
f 1210/1822/1007 1211/1823/1007 1243/1824/1007 1242/1825/1007
f 1237/1781/1007 1238/1787/1007 1270/1826/1007 1269/1820/1007
f 1224/1783/1007 1225/1789/1007 1257/1827/1007 1256/1821/1007
f 1211/1823/1007 1212/1797/1007 1244/1828/1007 1243/1824/1007
f 1238/1787/1007 1239/1793/1007 1271/1829/1007 1270/1826/1007
f 1225/1789/1007 1226/1830/1007 1258/1831/1007 1257/1827/1007
f 1212/1797/1007 1213/1729/1007 1245/1832/1007 1244/1828/1007
f 1239/1793/1007 1240/1799/1007 1272/1833/1007 1271/1829/1007
f 1226/1830/1007 1227/1737/1007 1259/1834/1007 1258/1831/1007
f 1213/1729/1007 1214/1728/1007 1246/1835/1007 1245/1832/1007
f 1240/1799/1007 1241/1836/1007 1273/1837/1007 1272/1833/1007
f 1227/1737/1007 1228/1736/1007 1260/1838/1007 1259/1834/1007
f 1214/1728/1007 1215/1739/1007 1247/1839/1007 1246/1835/1007
f 1241/1836/1007 1210/1822/1007 1242/1825/1007 1273/1837/1007
f 1228/1736/1007 1229/1722/1007 1261/1725/1007 1260/1838/1007
f 1215/1739/1007 1216/1744/1007 1248/1805/1007 1247/1839/1007
f 1274/1840/1007 1275/1841/1007 1276/1842/1007 1277/1843/1007 1278/1844/1007 1279/1845/1007 1280/1846/1007 1281/1847/1007 1282/1848/1007 1283/1849/1007 1284/1850/1007 1285/1851/1007 1286/1852/1007 1287/1853/1007 1288/1854/1007 1289/1855/1007 1290/1856/1007 1291/1857/1007 1292/1858/1007 1293/1859/1007 1294/1860/1007 1295/1861/1007 1296/1862/1007 1297/1863/1007 1298/1864/1007 1299/1865/1007 1300/1866/1007 1301/1867/1007 1302/1868/1007 1303/1869/1007 1304/1870/1007 1305/1871/1007
f 1251/1872/1166 1252/1873/1167 1284/1874/1167 1283/1875/1166
f 1265/1801/1165 1266/1876/1168 1298/1877/1168 1297/1802/1165
f 1252/1873/1167 1253/1878/1169 1285/1879/1169 1284/1874/1167
f 1266/1876/1168 1267/1880/1170 1299/1881/1170 1298/1877/1168
f 1253/1878/1169 1254/1882/1171 1286/1883/1171 1285/1879/1169
f 1267/1880/1170 1268/1884/1172 1300/1885/1172 1299/1881/1170
f 1254/1886/1171 1255/1887/1173 1287/1888/1173 1286/1889/1171
f 1268/1884/1172 1269/1890/1174 1301/1891/1174 1300/1885/1172
f 1255/1887/1173 1256/1892/1175 1288/1893/1175 1287/1888/1173
f 1242/1894/1176 1243/1895/1177 1275/1896/1177 1274/1897/1176
f 1269/1890/1174 1270/1898/1178 1302/1899/1178 1301/1891/1174
f 1256/1892/1175 1257/1900/1179 1289/1901/1179 1288/1893/1175
f 1243/1895/1177 1244/1902/1180 1276/1903/1180 1275/1896/1177
f 1270/1904/1178 1271/1905/1181 1303/1906/1181 1302/1907/1178
f 1257/1900/1179 1258/1908/1182 1290/1909/1182 1289/1901/1179
f 1244/1902/1180 1245/1910/1183 1277/1911/1183 1276/1903/1180
f 1271/1905/1181 1272/1912/1184 1304/1913/1184 1303/1906/1181
f 1258/1908/1182 1259/1914/1185 1291/1915/1185 1290/1909/1182
f 1245/1910/1183 1246/1916/1186 1278/1917/1186 1277/1911/1183
f 1272/1912/1184 1273/1918/1187 1305/1919/1187 1304/1913/1184
f 1259/1914/1185 1260/1920/1188 1292/1921/1188 1291/1915/1185
f 1246/1922/1186 1247/1923/1189 1279/1924/1189 1278/1925/1186
f 1273/1918/1187 1242/1894/1176 1274/1897/1176 1305/1919/1187
f 1260/1920/1188 1261/1926/1190 1293/1927/1190 1292/1921/1188
f 1247/1923/1189 1248/1928/1191 1280/1929/1191 1279/1924/1189
f 1261/1926/1190 1262/1930/1192 1294/1931/1192 1293/1927/1190
f 1248/1928/1191 1249/1932/1193 1281/1933/1193 1280/1929/1191
f 1262/1934/1192 1263/1935/1194 1295/1936/1194 1294/1937/1192
f 1249/1932/1193 1250/1938/1195 1282/1939/1195 1281/1933/1193
f 1263/1935/1194 1264/1800/1164 1296/1803/1164 1295/1936/1194
f 1250/1938/1195 1251/1872/1166 1283/1875/1166 1282/1939/1195
f 1325/1940/1196 1319/1941/1196 1315/1942/1197 1317/1943/1197
f 1308/1944/67 1309/1945/67 1313/1946/67 1312/1947/67
f 1316/1948/1198 1317/1949/1198 1311/1950/45 1310/1951/45
f 1310/1952/58 1311/1953/58 1307/1954/58 1306/1955/58
f 1314/1956/1199 1316/1957/1199 1310/1958/1007 1306/1959/1007
f 1317/1943/1197 1315/1942/1197 1307/1960/29 1311/1961/29
f 1308/1962/1200 1312/1963/1200 1321/1964/1201 1323/1965/1201
f 1320/1966/1202 1325/1967/1202 1317/1949/1198 1316/1948/1198
f 1306/1968/42 1307/1969/42 1315/1970/1203 1314/1971/1203
f 1322/1972/1204 1320/1973/1204 1316/1957/1199 1314/1956/1199
f 1312/1974/1205 1313/1975/1205 1324/1976/1206 1321/1977/1206
f 1314/1971/1203 1315/1970/1203 1319/1978/1207 1322/1979/1207
f 1323/1980/1208 1318/1981/1208 1309/1982/1209 1308/1983/1209
f 1325/1967/1202 1320/1966/1202 1321/1977/1206 1324/1976/1206
f 1320/1973/1204 1322/1972/1204 1323/1965/1201 1321/1964/1201
f 1319/1941/1196 1325/1940/1196 1324/1984/1210 1318/1985/1210
f 1318/1981/1208 1323/1980/1208 1322/1979/1207 1319/1978/1207
f 1313/1986/1211 1309/1987/1211 1318/1985/1210 1324/1984/1210
f 1333/1988/42 1389/1988/42 1394/1988/42 1360/1988/42
f 1389/1988/42 1346/1988/42 1372/1988/42 1394/1988/42
f 1394/1988/42 1372/1988/42 1345/1988/42 1390/1988/42
f 1360/1988/42 1394/1988/42 1390/1988/42 1332/1988/42
f 1331/1988/42 1388/1988/42 1395/1988/42 1359/1988/42
f 1388/1988/42 1344/1988/42 1371/1988/42 1395/1988/42
f 1395/1988/42 1371/1988/42 1346/1988/42 1389/1988/42
f 1359/1988/42 1395/1988/42 1389/1988/42 1333/1988/42
f 1334/1988/42 1387/1988/42 1396/1988/42 1361/1988/42
f 1387/1988/42 1347/1988/42 1373/1988/42 1396/1988/42
f 1396/1988/42 1373/1988/42 1344/1988/42 1388/1988/42
f 1361/1988/42 1396/1988/42 1388/1988/42 1331/1988/42
f 1330/1988/42 1386/1988/42 1397/1988/42 1358/1988/42
f 1386/1988/42 1343/1988/42 1370/1988/42 1397/1988/42
f 1397/1988/42 1370/1988/42 1347/1988/42 1387/1988/42
f 1358/1988/42 1397/1988/42 1387/1988/42 1334/1988/42
f 1335/1988/42 1385/1988/42 1398/1988/42 1362/1988/42
f 1385/1988/42 1348/1988/42 1374/1988/42 1398/1988/42
f 1398/1988/42 1374/1988/42 1343/1988/42 1386/1988/42
f 1362/1988/42 1398/1988/42 1386/1988/42 1330/1988/42
f 1329/1988/42 1384/1988/42 1399/1988/42 1357/1988/42
f 1384/1988/42 1342/1988/42 1369/1988/42 1399/1988/42
f 1399/1988/42 1369/1988/42 1348/1988/42 1385/1988/42
f 1357/1988/42 1399/1988/42 1385/1988/42 1335/1988/42
f 1336/1988/42 1383/1988/42 1400/1988/42 1363/1988/42
f 1383/1988/42 1349/1988/42 1375/1988/42 1400/1988/42
f 1400/1988/42 1375/1988/42 1342/1988/42 1384/1988/42
f 1363/1988/42 1400/1988/42 1384/1988/42 1329/1988/42
f 1326/1988/42 1382/1988/42 1401/1988/42 1356/1988/42
f 1382/1988/42 1339/1988/42 1368/1988/42 1401/1988/42
f 1401/1988/42 1368/1988/42 1349/1988/42 1383/1988/42
f 1356/1988/42 1401/1988/42 1383/1988/42 1336/1988/42
f 1337/1988/42 1381/1988/42 1402/1988/42 1364/1988/42
f 1381/1988/42 1350/1988/42 1376/1988/42 1402/1988/42
f 1402/1988/42 1376/1988/42 1339/1988/42 1382/1988/42
f 1364/1988/42 1402/1988/42 1382/1988/42 1326/1988/42
f 1328/1988/42 1380/1988/42 1403/1988/42 1354/1988/42
f 1380/1988/42 1341/1988/42 1366/1988/42 1403/1988/42
f 1403/1988/42 1366/1988/42 1350/1988/42 1381/1988/42
f 1354/1988/42 1403/1988/42 1381/1988/42 1337/1988/42
f 1338/1988/42 1379/1988/42 1404/1988/42 1365/1988/42
f 1379/1988/42 1351/1988/42 1377/1988/42 1404/1988/42
f 1404/1988/42 1377/1988/42 1341/1988/42 1380/1988/42
f 1365/1988/42 1404/1988/42 1380/1988/42 1328/1988/42
f 1352/1988/42 1393/1988/42 1405/1988/42 1391/1988/42
f 1393/1988/42 1353/1988/42 1392/1988/42 1405/1988/42
f 1405/1988/42 1392/1988/42 1351/1988/42 1379/1988/42
f 1391/1988/42 1405/1988/42 1379/1988/42 1338/1988/42
f 1327/1988/42 1378/1988/42 1406/1988/42 1355/1988/42
f 1378/1988/42 1340/1988/42 1367/1988/42 1406/1988/42
f 1406/1988/42 1367/1988/42 1353/1988/42 1393/1988/42
f 1355/1988/42 1406/1988/42 1393/1988/42 1352/1988/42
f 1414/1988/45 1441/1988/45 1475/1988/45 1470/1988/45
f 1470/1988/45 1475/1988/45 1453/1988/45 1427/1988/45
f 1475/1988/45 1471/1988/45 1426/1988/45 1453/1988/45
f 1441/1988/45 1413/1988/45 1471/1988/45 1475/1988/45
f 1412/1988/45 1440/1988/45 1476/1988/45 1469/1988/45
f 1469/1988/45 1476/1988/45 1452/1988/45 1425/1988/45
f 1476/1988/45 1470/1988/45 1427/1988/45 1452/1988/45
f 1440/1988/45 1414/1988/45 1470/1988/45 1476/1988/45
f 1415/1988/45 1442/1988/45 1477/1988/45 1468/1988/45
f 1468/1988/45 1477/1988/45 1454/1988/45 1428/1988/45
f 1477/1988/45 1469/1988/45 1425/1988/45 1454/1988/45
f 1442/1988/45 1412/1988/45 1469/1988/45 1477/1988/45
f 1411/1988/45 1439/1988/45 1478/1988/45 1467/1988/45
f 1467/1988/45 1478/1988/45 1451/1988/45 1424/1988/45
f 1478/1988/45 1468/1988/45 1428/1988/45 1451/1988/45
f 1439/1988/45 1415/1988/45 1468/1988/45 1478/1988/45
f 1416/1988/45 1443/1988/45 1479/1988/45 1466/1988/45
f 1466/1988/45 1479/1988/45 1455/1988/45 1429/1988/45
f 1479/1988/45 1467/1988/45 1424/1988/45 1455/1988/45
f 1443/1988/45 1411/1988/45 1467/1988/45 1479/1988/45
f 1410/1988/45 1438/1988/45 1480/1988/45 1465/1988/45
f 1465/1988/45 1480/1988/45 1450/1988/45 1423/1988/45
f 1480/1988/45 1466/1988/45 1429/1988/45 1450/1988/45
f 1438/1988/45 1416/1988/45 1466/1988/45 1480/1988/45
f 1417/1988/45 1444/1988/45 1481/1988/45 1464/1988/45
f 1464/1988/45 1481/1988/45 1456/1988/45 1430/1988/45
f 1481/1988/45 1465/1988/45 1423/1988/45 1456/1988/45
f 1444/1988/45 1410/1988/45 1465/1988/45 1481/1988/45
f 1407/1988/45 1437/1988/45 1482/1988/45 1463/1988/45
f 1463/1988/45 1482/1988/45 1449/1988/45 1420/1988/45
f 1482/1988/45 1464/1988/45 1430/1988/45 1449/1988/45
f 1437/1988/45 1417/1988/45 1464/1988/45 1482/1988/45
f 1418/1988/45 1445/1988/45 1483/1988/45 1462/1988/45
f 1462/1988/45 1483/1988/45 1457/1988/45 1431/1988/45
f 1483/1988/45 1463/1988/45 1420/1988/45 1457/1988/45
f 1445/1988/45 1407/1988/45 1463/1988/45 1483/1988/45
f 1409/1988/45 1435/1988/45 1484/1988/45 1461/1988/45
f 1461/1988/45 1484/1988/45 1447/1988/45 1422/1988/45
f 1484/1988/45 1462/1988/45 1431/1988/45 1447/1988/45
f 1435/1988/45 1418/1988/45 1462/1988/45 1484/1988/45
f 1419/1988/45 1446/1988/45 1485/1988/45 1460/1988/45
f 1460/1988/45 1485/1988/45 1458/1988/45 1432/1988/45
f 1485/1988/45 1461/1988/45 1422/1988/45 1458/1988/45
f 1446/1988/45 1409/1988/45 1461/1988/45 1485/1988/45
f 1433/1988/45 1472/1988/45 1486/1988/45 1474/1988/45
f 1474/1988/45 1486/1988/45 1473/1988/45 1434/1988/45
f 1486/1988/45 1460/1988/45 1432/1988/45 1473/1988/45
f 1472/1988/45 1419/1988/45 1460/1988/45 1486/1988/45
f 1408/1988/45 1436/1988/45 1487/1988/45 1459/1988/45
f 1459/1988/45 1487/1988/45 1448/1988/45 1421/1988/45
f 1487/1988/45 1474/1988/45 1434/1988/45 1448/1988/45
f 1436/1988/45 1433/1988/45 1474/1988/45 1487/1988/45
f 1354/1988/1212 1337/1988/1213 1418/1988/1213 1435/1988/1212
f 1328/1988/1214 1354/1988/1212 1435/1988/1212 1409/1988/1214
f 1355/1988/1215 1352/1988/1216 1433/1988/1216 1436/1988/1215
f 1327/1988/1217 1355/1988/1215 1436/1988/1215 1408/1988/1217
f 1356/1988/1218 1336/1988/1219 1417/1988/1219 1437/1988/1218
f 1326/1988/1220 1356/1988/1218 1437/1988/1218 1407/1988/1220
f 1357/1988/1221 1335/1988/1222 1416/1988/1222 1438/1988/1221
f 1329/1988/1223 1357/1988/1221 1438/1988/1221 1410/1988/1223
f 1358/1988/1224 1334/1988/1225 1415/1988/1225 1439/1988/1224
f 1330/1988/1226 1358/1988/1224 1439/1988/1224 1411/1988/1226
f 1359/1988/1227 1333/1988/1228 1414/1988/1228 1440/1988/1227
f 1331/1988/1229 1359/1988/1227 1440/1988/1227 1412/1988/1229
f 1360/1988/1230 1332/1988/1231 1413/1988/1231 1441/1988/1230
f 1333/1988/1228 1360/1988/1230 1441/1988/1230 1414/1988/1228
f 1361/1988/1232 1331/1988/1229 1412/1988/1229 1442/1988/1232
f 1334/1988/1225 1361/1988/1232 1442/1988/1232 1415/1988/1225
f 1362/1988/1233 1330/1988/1226 1411/1988/1226 1443/1988/1233
f 1335/1988/1222 1362/1988/1233 1443/1988/1233 1416/1988/1222
f 1363/1988/1234 1329/1988/1223 1410/1988/1223 1444/1988/1234
f 1336/1988/1219 1363/1988/1234 1444/1988/1234 1417/1988/1219
f 1364/1988/1235 1326/1988/1220 1407/1988/1220 1445/1988/1235
f 1337/1988/1213 1364/1988/1235 1445/1988/1235 1418/1988/1213
f 1365/1988/1236 1328/1988/1214 1409/1988/1214 1446/1988/1236
f 1338/1988/1237 1365/1988/1236 1446/1988/1236 1419/1988/1237
f 1350/1988/1238 1366/1988/1239 1447/1988/1239 1431/1988/1238
f 1366/1988/1239 1341/1988/1240 1422/1988/1240 1447/1988/1239
f 1353/1988/1241 1367/1988/1242 1448/1988/1242 1434/1988/1241
f 1367/1988/1242 1340/1988/1243 1421/1988/1243 1448/1988/1242
f 1349/1988/1244 1368/1988/1245 1449/1988/1245 1430/1988/1244
f 1368/1988/1245 1339/1988/1246 1420/1988/1246 1449/1988/1245
f 1348/1988/1247 1369/1988/1248 1450/1988/1248 1429/1988/1247
f 1369/1988/1248 1342/1988/1249 1423/1988/1249 1450/1988/1248
f 1347/1988/1250 1370/1988/1251 1451/1988/1251 1428/1988/1250
f 1370/1988/1251 1343/1988/1252 1424/1988/1252 1451/1988/1251
f 1346/1988/1253 1371/1988/1254 1452/1988/1254 1427/1988/1253
f 1371/1988/1254 1344/1988/1255 1425/1988/1255 1452/1988/1254
f 1345/1988/1256 1372/1988/1257 1453/1988/1257 1426/1988/1256
f 1372/1988/1257 1346/1988/1253 1427/1988/1253 1453/1988/1257
f 1344/1988/1255 1373/1988/1258 1454/1988/1258 1425/1988/1255
f 1373/1988/1258 1347/1988/1250 1428/1988/1250 1454/1988/1258
f 1343/1988/1252 1374/1988/1259 1455/1988/1259 1424/1988/1252
f 1374/1988/1259 1348/1988/1247 1429/1988/1247 1455/1988/1259
f 1342/1988/1249 1375/1988/1260 1456/1988/1260 1423/1988/1249
f 1375/1988/1260 1349/1988/1244 1430/1988/1244 1456/1988/1260
f 1339/1988/1246 1376/1988/1261 1457/1988/1261 1420/1988/1246
f 1376/1988/1261 1350/1988/1238 1431/1988/1238 1457/1988/1261
f 1341/1988/1240 1377/1988/1262 1458/1988/1262 1422/1988/1240
f 1377/1988/1262 1351/1988/1263 1432/1988/1263 1458/1988/1262
f 1378/1988/1264 1327/1988/1217 1408/1988/1217 1459/1988/1264
f 1340/1988/1265 1378/1988/1264 1459/1988/1264 1421/1988/1265
f 1332/1988/1266 1390/1988/1266 1471/1988/1266 1413/1988/1266
f 1390/1988/1267 1345/1988/1267 1426/1988/1267 1471/1988/1267
f 1391/1988/1268 1338/1988/1237 1419/1988/1237 1472/1988/1268
f 1352/1988/1216 1391/1988/1268 1472/1988/1268 1433/1988/1216
f 1351/1988/1263 1392/1988/1269 1473/1988/1269 1432/1988/1263
f 1392/1988/1269 1353/1988/1241 1434/1988/1241 1473/1988/1269
f 1495/1988/45 1551/1988/45 1556/1988/45 1522/1988/45
f 1551/1988/45 1508/1988/45 1534/1988/45 1556/1988/45
f 1556/1988/45 1534/1988/45 1507/1988/45 1552/1988/45
f 1522/1988/45 1556/1988/45 1552/1988/45 1494/1988/45
f 1493/1988/45 1550/1988/45 1557/1988/45 1521/1988/45
f 1550/1988/45 1506/1988/45 1533/1988/45 1557/1988/45
f 1557/1988/45 1533/1988/45 1508/1988/45 1551/1988/45
f 1521/1988/45 1557/1988/45 1551/1988/45 1495/1988/45
f 1496/1988/45 1549/1988/45 1558/1988/45 1523/1988/45
f 1549/1988/45 1509/1988/45 1535/1988/45 1558/1988/45
f 1558/1988/45 1535/1988/45 1506/1988/45 1550/1988/45
f 1523/1988/45 1558/1988/45 1550/1988/45 1493/1988/45
f 1492/1988/45 1548/1988/45 1559/1988/45 1520/1988/45
f 1548/1988/45 1505/1988/45 1532/1988/45 1559/1988/45
f 1559/1988/45 1532/1988/45 1509/1988/45 1549/1988/45
f 1520/1988/45 1559/1988/45 1549/1988/45 1496/1988/45
f 1497/1988/45 1547/1988/45 1560/1988/45 1524/1988/45
f 1547/1988/45 1510/1988/45 1536/1988/45 1560/1988/45
f 1560/1988/45 1536/1988/45 1505/1988/45 1548/1988/45
f 1524/1988/45 1560/1988/45 1548/1988/45 1492/1988/45
f 1491/1988/45 1546/1988/45 1561/1988/45 1519/1988/45
f 1546/1988/45 1504/1988/45 1531/1988/45 1561/1988/45
f 1561/1988/45 1531/1988/45 1510/1988/45 1547/1988/45
f 1519/1988/45 1561/1988/45 1547/1988/45 1497/1988/45
f 1498/1988/45 1545/1988/45 1562/1988/45 1525/1988/45
f 1545/1988/45 1511/1988/45 1537/1988/45 1562/1988/45
f 1562/1988/45 1537/1988/45 1504/1988/45 1546/1988/45
f 1525/1988/45 1562/1988/45 1546/1988/45 1491/1988/45
f 1488/1988/45 1544/1988/45 1563/1988/45 1518/1988/45
f 1544/1988/45 1501/1988/45 1530/1988/45 1563/1988/45
f 1563/1988/45 1530/1988/45 1511/1988/45 1545/1988/45
f 1518/1988/45 1563/1988/45 1545/1988/45 1498/1988/45
f 1499/1988/45 1543/1988/45 1564/1988/45 1526/1988/45
f 1543/1988/45 1512/1988/45 1538/1988/45 1564/1988/45
f 1564/1988/45 1538/1988/45 1501/1988/45 1544/1988/45
f 1526/1988/45 1564/1988/45 1544/1988/45 1488/1988/45
f 1490/1988/45 1542/1988/45 1565/1988/45 1516/1988/45
f 1542/1988/45 1503/1988/45 1528/1988/45 1565/1988/45
f 1565/1988/45 1528/1988/45 1512/1988/45 1543/1988/45
f 1516/1988/45 1565/1988/45 1543/1988/45 1499/1988/45
f 1500/1988/45 1541/1988/45 1566/1988/45 1527/1988/45
f 1541/1988/45 1513/1988/45 1539/1988/45 1566/1988/45
f 1566/1988/45 1539/1988/45 1503/1988/45 1542/1988/45
f 1527/1988/45 1566/1988/45 1542/1988/45 1490/1988/45
f 1514/1988/45 1555/1988/45 1567/1988/45 1553/1988/45
f 1555/1988/45 1515/1988/45 1554/1988/45 1567/1988/45
f 1567/1988/45 1554/1988/45 1513/1988/45 1541/1988/45
f 1553/1988/45 1567/1988/45 1541/1988/45 1500/1988/45
f 1489/1988/45 1540/1988/45 1568/1988/45 1517/1988/45
f 1540/1988/45 1502/1988/45 1529/1988/45 1568/1988/45
f 1568/1988/45 1529/1988/45 1515/1988/45 1555/1988/45
f 1517/1988/45 1568/1988/45 1555/1988/45 1514/1988/45
f 1576/1988/42 1603/1988/42 1637/1988/42 1632/1988/42
f 1632/1988/42 1637/1988/42 1615/1988/42 1589/1988/42
f 1637/1988/42 1633/1988/42 1588/1988/42 1615/1988/42
f 1603/1988/42 1575/1988/42 1633/1988/42 1637/1988/42
f 1574/1988/42 1602/1988/42 1638/1988/42 1631/1988/42
f 1631/1988/42 1638/1988/42 1614/1988/42 1587/1988/42
f 1638/1988/42 1632/1988/42 1589/1988/42 1614/1988/42
f 1602/1988/42 1576/1988/42 1632/1988/42 1638/1988/42
f 1577/1988/42 1604/1988/42 1639/1988/42 1630/1988/42
f 1630/1988/42 1639/1988/42 1616/1988/42 1590/1988/42
f 1639/1988/42 1631/1988/42 1587/1988/42 1616/1988/42
f 1604/1988/42 1574/1988/42 1631/1988/42 1639/1988/42
f 1573/1988/42 1601/1988/42 1640/1988/42 1629/1988/42
f 1629/1988/42 1640/1988/42 1613/1988/42 1586/1988/42
f 1640/1988/42 1630/1988/42 1590/1988/42 1613/1988/42
f 1601/1988/42 1577/1988/42 1630/1988/42 1640/1988/42
f 1578/1988/42 1605/1988/42 1641/1988/42 1628/1988/42
f 1628/1988/42 1641/1988/42 1617/1988/42 1591/1988/42
f 1641/1988/42 1629/1988/42 1586/1988/42 1617/1988/42
f 1605/1988/42 1573/1988/42 1629/1988/42 1641/1988/42
f 1572/1988/42 1600/1988/42 1642/1988/42 1627/1988/42
f 1627/1988/42 1642/1988/42 1612/1988/42 1585/1988/42
f 1642/1988/42 1628/1988/42 1591/1988/42 1612/1988/42
f 1600/1988/42 1578/1988/42 1628/1988/42 1642/1988/42
f 1579/1988/42 1606/1988/42 1643/1988/42 1626/1988/42
f 1626/1988/42 1643/1988/42 1618/1988/42 1592/1988/42
f 1643/1988/42 1627/1988/42 1585/1988/42 1618/1988/42
f 1606/1988/42 1572/1988/42 1627/1988/42 1643/1988/42
f 1569/1988/42 1599/1988/42 1644/1988/42 1625/1988/42
f 1625/1988/42 1644/1988/42 1611/1988/42 1582/1988/42
f 1644/1988/42 1626/1988/42 1592/1988/42 1611/1988/42
f 1599/1988/42 1579/1988/42 1626/1988/42 1644/1988/42
f 1580/1988/42 1607/1988/42 1645/1988/42 1624/1988/42
f 1624/1988/42 1645/1988/42 1619/1988/42 1593/1988/42
f 1645/1988/42 1625/1988/42 1582/1988/42 1619/1988/42
f 1607/1988/42 1569/1988/42 1625/1988/42 1645/1988/42
f 1571/1988/42 1597/1988/42 1646/1988/42 1623/1988/42
f 1623/1988/42 1646/1988/42 1609/1988/42 1584/1988/42
f 1646/1988/42 1624/1988/42 1593/1988/42 1609/1988/42
f 1597/1988/42 1580/1988/42 1624/1988/42 1646/1988/42
f 1581/1988/42 1608/1988/42 1647/1988/42 1622/1988/42
f 1622/1988/42 1647/1988/42 1620/1988/42 1594/1988/42
f 1647/1988/42 1623/1988/42 1584/1988/42 1620/1988/42
f 1608/1988/42 1571/1988/42 1623/1988/42 1647/1988/42
f 1595/1988/42 1634/1988/42 1648/1988/42 1636/1988/42
f 1636/1988/42 1648/1988/42 1635/1988/42 1596/1988/42
f 1648/1988/42 1622/1988/42 1594/1988/42 1635/1988/42
f 1634/1988/42 1581/1988/42 1622/1988/42 1648/1988/42
f 1570/1988/42 1598/1988/42 1649/1988/42 1621/1988/42
f 1621/1988/42 1649/1988/42 1610/1988/42 1583/1988/42
f 1649/1988/42 1636/1988/42 1596/1988/42 1610/1988/42
f 1598/1988/42 1595/1988/42 1636/1988/42 1649/1988/42
f 1516/1988/1270 1499/1988/1271 1580/1988/1271 1597/1988/1270
f 1490/1988/1272 1516/1988/1270 1597/1988/1270 1571/1988/1272
f 1517/1988/1273 1514/1988/1274 1595/1988/1274 1598/1988/1273
f 1489/1988/1275 1517/1988/1273 1598/1988/1273 1570/1988/1275
f 1518/1988/1276 1498/1988/1277 1579/1988/1277 1599/1988/1276
f 1488/1988/1278 1518/1988/1276 1599/1988/1276 1569/1988/1278
f 1519/1988/1279 1497/1988/1280 1578/1988/1280 1600/1988/1279
f 1491/1988/1281 1519/1988/1279 1600/1988/1279 1572/1988/1281
f 1520/1988/1282 1496/1988/1283 1577/1988/1283 1601/1988/1282
f 1492/1988/1284 1520/1988/1282 1601/1988/1282 1573/1988/1284
f 1521/1988/1285 1495/1988/1286 1576/1988/1286 1602/1988/1285
f 1493/1988/1287 1521/1988/1285 1602/1988/1285 1574/1988/1287
f 1522/1988/1288 1494/1988/1289 1575/1988/1289 1603/1988/1288
f 1495/1988/1286 1522/1988/1288 1603/1988/1288 1576/1988/1286
f 1523/1988/1290 1493/1988/1287 1574/1988/1287 1604/1988/1290
f 1496/1988/1283 1523/1988/1290 1604/1988/1290 1577/1988/1283
f 1524/1988/1291 1492/1988/1284 1573/1988/1284 1605/1988/1291
f 1497/1988/1280 1524/1988/1291 1605/1988/1291 1578/1988/1280
f 1525/1988/1292 1491/1988/1281 1572/1988/1281 1606/1988/1292
f 1498/1988/1277 1525/1988/1292 1606/1988/1292 1579/1988/1277
f 1526/1988/1293 1488/1988/1278 1569/1988/1278 1607/1988/1293
f 1499/1988/1271 1526/1988/1293 1607/1988/1293 1580/1988/1271
f 1527/1988/1294 1490/1988/1272 1571/1988/1272 1608/1988/1294
f 1500/1988/1295 1527/1988/1294 1608/1988/1294 1581/1988/1295
f 1512/1988/1296 1528/1988/1297 1609/1988/1297 1593/1988/1296
f 1528/1988/1297 1503/1988/1298 1584/1988/1298 1609/1988/1297
f 1515/1988/1299 1529/1988/1300 1610/1988/1300 1596/1988/1299
f 1529/1988/1300 1502/1988/1301 1583/1988/1301 1610/1988/1300
f 1511/1988/1302 1530/1988/1303 1611/1988/1303 1592/1988/1302
f 1530/1988/1303 1501/1988/1304 1582/1988/1304 1611/1988/1303
f 1510/1988/1305 1531/1988/1306 1612/1988/1306 1591/1988/1305
f 1531/1988/1306 1504/1988/1307 1585/1988/1307 1612/1988/1306
f 1509/1988/1308 1532/1988/1309 1613/1988/1309 1590/1988/1308
f 1532/1988/1309 1505/1988/1310 1586/1988/1310 1613/1988/1309
f 1508/1988/1311 1533/1988/1312 1614/1988/1312 1589/1988/1311
f 1533/1988/1312 1506/1988/1313 1587/1988/1313 1614/1988/1312
f 1507/1988/1314 1534/1988/1315 1615/1988/1315 1588/1988/1314
f 1534/1988/1315 1508/1988/1311 1589/1988/1311 1615/1988/1315
f 1506/1988/1313 1535/1988/1316 1616/1988/1316 1587/1988/1313
f 1535/1988/1316 1509/1988/1308 1590/1988/1308 1616/1988/1316
f 1505/1988/1310 1536/1988/1317 1617/1988/1317 1586/1988/1310
f 1536/1988/1317 1510/1988/1305 1591/1988/1305 1617/1988/1317
f 1504/1988/1307 1537/1988/1318 1618/1988/1318 1585/1988/1307
f 1537/1988/1318 1511/1988/1302 1592/1988/1302 1618/1988/1318
f 1501/1988/1304 1538/1988/1319 1619/1988/1319 1582/1988/1304
f 1538/1988/1319 1512/1988/1296 1593/1988/1296 1619/1988/1319
f 1503/1988/1298 1539/1988/1320 1620/1988/1320 1584/1988/1298
f 1539/1988/1320 1513/1988/1321 1594/1988/1321 1620/1988/1320
f 1540/1988/1322 1489/1988/1275 1570/1988/1275 1621/1988/1322
f 1502/1988/1323 1540/1988/1322 1621/1988/1322 1583/1988/1323
f 1494/1988/1324 1552/1988/1324 1633/1988/1324 1575/1988/1324
f 1552/1988/1325 1507/1988/1325 1588/1988/1325 1633/1988/1325
f 1553/1988/1326 1500/1988/1295 1581/1988/1295 1634/1988/1326
f 1514/1988/1274 1553/1988/1326 1634/1988/1326 1595/1988/1274
f 1513/1988/1321 1554/1988/1327 1635/1988/1327 1594/1988/1321
f 1554/1988/1327 1515/1988/1299 1596/1988/1299 1635/1988/1327
f 1664/1989/1328 1665/1990/1329 1713/1990/1330 1712/1989/1331
f 1697/1991/1332 1681/1992/1332 1666/1993/67 1682/1994/67
f 1696/1995/1333 1680/1996/1333 1681/1992/1332 1697/1991/1332
f 1695/1997/1334 1679/1998/1334 1680/1996/1333 1696/1995/1333
f 1694/1999/29 1678/2000/29 1679/1998/1334 1695/1997/1334
f 1693/2001/1335 1677/2002/1335 1678/2000/29 1694/1999/29
f 1692/2003/1336 1676/2004/1336 1677/2002/1335 1693/2001/1335
f 1691/2005/1337 1675/2006/1337 1676/2004/1336 1692/2003/1336
f 1690/2007/58 1674/2008/58 1675/2006/1337 1691/2005/1337
f 1689/2009/1338 1673/2010/1338 1674/2008/58 1690/2007/58
f 1688/2011/1339 1672/2012/1339 1673/2010/1338 1689/2009/1338
f 1687/2013/1340 1671/2014/1340 1672/2012/1339 1688/2011/1339
f 1686/2015/1007 1670/2016/1007 1671/2014/1340 1687/2013/1340
f 1685/2017/1341 1669/2018/1341 1670/2016/1007 1686/2015/1007
f 1684/2019/1342 1668/2020/1342 1669/2018/1341 1685/2017/1341
f 1683/2021/1343 1667/2022/1343 1668/2020/1342 1684/2019/1342
f 1682/2023/67 1666/2024/67 1667/2022/1343 1683/2021/1343
f 1651/2025/1344 1650/2026/1345 1682/2027/42 1683/2028/42
f 1652/2029/1346 1651/2025/1344 1683/2028/42 1684/2030/42
f 1653/2031/1347 1652/2029/1346 1684/2030/42 1685/2032/42
f 1654/2033/1348 1653/2031/1347 1685/2032/42 1686/2034/42
f 1655/2035/1349 1654/2033/1348 1686/2034/42 1687/2036/42
f 1656/2037/1350 1655/2035/1349 1687/2036/42 1688/2038/42
f 1657/2039/1351 1656/2037/1350 1688/2038/42 1689/2040/42
f 1658/2041/1352 1657/2039/1351 1689/2040/42 1690/2042/42
f 1659/2043/1353 1658/2041/1352 1690/2042/42 1691/2044/42
f 1660/2045/1354 1659/2043/1353 1691/2044/42 1692/2046/42
f 1661/2047/1355 1660/2045/1354 1692/2046/42 1693/2048/42
f 1662/2049/1356 1661/2047/1355 1693/2048/42 1694/2050/42
f 1663/2051/1357 1662/2049/1356 1694/2050/42 1695/2052/42
f 1664/1989/1328 1663/2051/1357 1695/2052/42 1696/2053/42
f 1665/1990/1329 1664/1989/1328 1696/2053/42 1697/2054/42
f 1650/2026/1345 1665/1990/1329 1697/2054/42 1682/2027/42
f 1698/2026/1358 1699/2025/1359 1700/2029/1360 1701/2031/1361 1702/2033/1362 1703/2035/1363 1704/2037/1364 1705/2039/1365 1706/2041/1366 1707/2043/1367 1708/2045/1368 1709/2047/1369 1710/2049/1370 1711/2051/1371 1712/1989/1331 1713/1990/1330
f 1657/2039/1351 1658/2041/1352 1706/2041/1366 1705/2039/1365
f 1650/2026/1345 1651/2025/1344 1699/2025/1359 1698/2026/1358
f 1665/1990/1329 1650/2026/1345 1698/2026/1358 1713/1990/1330
f 1658/2041/1352 1659/2043/1353 1707/2043/1367 1706/2041/1366
f 1651/2025/1344 1652/2029/1346 1700/2029/1360 1699/2025/1359
f 1659/2043/1353 1660/2045/1354 1708/2045/1368 1707/2043/1367
f 1652/2029/1346 1653/2031/1347 1701/2031/1361 1700/2029/1360
f 1660/2045/1354 1661/2047/1355 1709/2047/1369 1708/2045/1368
f 1653/2031/1347 1654/2033/1348 1702/2033/1362 1701/2031/1361
f 1661/2047/1355 1662/2049/1356 1710/2049/1370 1709/2047/1369
f 1654/2033/1348 1655/2035/1349 1703/2035/1363 1702/2033/1362
f 1662/2049/1356 1663/2051/1357 1711/2051/1371 1710/2049/1370
f 1655/2035/1349 1656/2037/1350 1704/2037/1364 1703/2035/1363
f 1663/2051/1357 1664/1989/1328 1712/1989/1331 1711/2051/1371
f 1656/2037/1350 1657/2039/1351 1705/2039/1365 1704/2037/1364
f 1728/1989/1372 1760/1989/1373 1761/1990/1374 1729/1990/1375
f 1745/1991/1332 1730/1994/67 1666/1993/67 1681/1992/1332
f 1744/1995/1333 1745/1991/1332 1681/1992/1332 1680/1996/1333
f 1743/1997/1334 1744/1995/1333 1680/1996/1333 1679/1998/1334
f 1742/1999/29 1743/1997/1334 1679/1998/1334 1678/2000/29
f 1741/2001/1335 1742/1999/29 1678/2000/29 1677/2002/1335
f 1740/2003/1336 1741/2001/1335 1677/2002/1335 1676/2004/1336
f 1739/2005/1337 1740/2003/1336 1676/2004/1336 1675/2006/1337
f 1738/2007/58 1739/2005/1337 1675/2006/1337 1674/2008/58
f 1737/2009/1338 1738/2007/58 1674/2008/58 1673/2010/1338
f 1736/2011/1339 1737/2009/1338 1673/2010/1338 1672/2012/1339
f 1735/2013/1340 1736/2011/1339 1672/2012/1339 1671/2014/1340
f 1734/2015/1007 1735/2013/1340 1671/2014/1340 1670/2016/1007
f 1733/2017/1341 1734/2015/1007 1670/2016/1007 1669/2018/1341
f 1732/2019/1342 1733/2017/1341 1669/2018/1341 1668/2020/1342
f 1731/2021/1343 1732/2019/1342 1668/2020/1342 1667/2022/1343
f 1730/2023/67 1731/2021/1343 1667/2022/1343 1666/2024/67
f 1715/2025/1376 1731/2028/45 1730/2027/45 1714/2026/1377
f 1716/2029/1378 1732/2030/45 1731/2028/45 1715/2025/1376
f 1717/2031/1379 1733/2032/45 1732/2030/45 1716/2029/1378
f 1718/2033/1380 1734/2034/45 1733/2032/45 1717/2031/1379
f 1719/2035/1381 1735/2036/45 1734/2034/45 1718/2033/1380
f 1720/2037/1382 1736/2038/45 1735/2036/45 1719/2035/1381
f 1721/2039/1383 1737/2040/45 1736/2038/45 1720/2037/1382
f 1722/2041/1384 1738/2042/45 1737/2040/45 1721/2039/1383
f 1723/2043/1385 1739/2044/45 1738/2042/45 1722/2041/1384
f 1724/2045/1386 1740/2046/45 1739/2044/45 1723/2043/1385
f 1725/2047/1387 1741/2048/45 1740/2046/45 1724/2045/1386
f 1726/2049/1388 1742/2050/45 1741/2048/45 1725/2047/1387
f 1727/2051/1389 1743/2052/45 1742/2050/45 1726/2049/1388
f 1728/1989/1372 1744/2053/45 1743/2052/45 1727/2051/1389
f 1729/1990/1375 1745/2054/45 1744/2053/45 1728/1989/1372
f 1714/2026/1377 1730/2027/45 1745/2054/45 1729/1990/1375
f 1746/2026/1390 1761/1990/1374 1760/1989/1373 1759/2051/1391 1758/2049/1392 1757/2047/1393 1756/2045/1394 1755/2043/1395 1754/2041/1396 1753/2039/1397 1752/2037/1398 1751/2035/1399 1750/2033/1400 1749/2031/1401 1748/2029/1402 1747/2025/1403
f 1721/2039/1383 1753/2039/1397 1754/2041/1396 1722/2041/1384
f 1714/2026/1377 1746/2026/1390 1747/2025/1403 1715/2025/1376
f 1729/1990/1375 1761/1990/1374 1746/2026/1390 1714/2026/1377
f 1722/2041/1384 1754/2041/1396 1755/2043/1395 1723/2043/1385
f 1715/2025/1376 1747/2025/1403 1748/2029/1402 1716/2029/1378
f 1723/2043/1385 1755/2043/1395 1756/2045/1394 1724/2045/1386
f 1716/2029/1378 1748/2029/1402 1749/2031/1401 1717/2031/1379
f 1724/2045/1386 1756/2045/1394 1757/2047/1393 1725/2047/1387
f 1717/2031/1379 1749/2031/1401 1750/2033/1400 1718/2033/1380
f 1725/2047/1387 1757/2047/1393 1758/2049/1392 1726/2049/1388
f 1718/2033/1380 1750/2033/1400 1751/2035/1399 1719/2035/1381
f 1726/2049/1388 1758/2049/1392 1759/2051/1391 1727/2051/1389
f 1719/2035/1381 1751/2035/1399 1752/2037/1398 1720/2037/1382
f 1727/2051/1389 1759/2051/1391 1760/1989/1373 1728/1989/1372
f 1720/2037/1382 1752/2037/1398 1753/2039/1397 1721/2039/1383
f 1776/1989/1404 1777/1990/1405 1825/1990/1406 1824/1989/1407
f 1809/1991/1408 1793/1992/1408 1778/1993/1409 1794/1994/1409
f 1808/1995/1410 1792/1996/1410 1793/1992/1408 1809/1991/1408
f 1807/1997/1411 1791/1998/1411 1792/1996/1410 1808/1995/1410
f 1806/1999/1412 1790/2000/1412 1791/1998/1411 1807/1997/1411
f 1805/2001/1413 1789/2002/1413 1790/2000/1412 1806/1999/1412
f 1804/2003/1414 1788/2004/1414 1789/2002/1413 1805/2001/1413
f 1803/2005/1415 1787/2006/1415 1788/2004/1414 1804/2003/1414
f 1802/2007/1416 1786/2008/1416 1787/2006/1415 1803/2005/1415
f 1801/2009/1417 1785/2010/1417 1786/2008/1416 1802/2007/1416
f 1800/2011/1418 1784/2012/1418 1785/2010/1417 1801/2009/1417
f 1799/2013/1419 1783/2014/1419 1784/2012/1418 1800/2011/1418
f 1798/2015/1420 1782/2016/1420 1783/2014/1419 1799/2013/1419
f 1797/2017/1421 1781/2018/1421 1782/2016/1420 1798/2015/1420
f 1796/2019/1422 1780/2020/1422 1781/2018/1421 1797/2017/1421
f 1795/2021/1423 1779/2022/1423 1780/2020/1422 1796/2019/1422
f 1794/2023/1409 1778/2024/1409 1779/2022/1423 1795/2021/1423
f 1763/2025/1424 1762/2026/1425 1794/2027/42 1795/2028/42
f 1764/2029/1426 1763/2025/1424 1795/2028/42 1796/2030/42
f 1765/2031/1427 1764/2029/1426 1796/2030/42 1797/2032/42
f 1766/2033/1428 1765/2031/1427 1797/2032/42 1798/2034/42
f 1767/2035/1429 1766/2033/1428 1798/2034/42 1799/2036/42
f 1768/2037/1430 1767/2035/1429 1799/2036/42 1800/2038/42
f 1769/2039/1431 1768/2037/1430 1800/2038/42 1801/2040/42
f 1770/2041/1432 1769/2039/1431 1801/2040/42 1802/2042/42
f 1771/2043/1433 1770/2041/1432 1802/2042/42 1803/2044/42
f 1772/2045/1434 1771/2043/1433 1803/2044/42 1804/2046/42
f 1773/2047/1435 1772/2045/1434 1804/2046/42 1805/2048/42
f 1774/2049/1436 1773/2047/1435 1805/2048/42 1806/2050/42
f 1775/2051/1437 1774/2049/1436 1806/2050/42 1807/2052/42
f 1776/1989/1404 1775/2051/1437 1807/2052/42 1808/2053/42
f 1777/1990/1405 1776/1989/1404 1808/2053/42 1809/2054/42
f 1762/2026/1425 1777/1990/1405 1809/2054/42 1794/2027/42
f 1810/2026/1438 1811/2025/1439 1812/2029/1440 1813/2031/1441 1814/2033/1442 1815/2035/1443 1816/2037/1444 1817/2039/1445 1818/2041/1446 1819/2043/1447 1820/2045/1448 1821/2047/1449 1822/2049/1450 1823/2051/1451 1824/1989/1407 1825/1990/1406
f 1769/2039/1431 1770/2041/1432 1818/2041/1446 1817/2039/1445
f 1762/2026/1425 1763/2025/1424 1811/2025/1439 1810/2026/1438
f 1777/1990/1405 1762/2026/1425 1810/2026/1438 1825/1990/1406
f 1770/2041/1432 1771/2043/1433 1819/2043/1447 1818/2041/1446
f 1763/2025/1424 1764/2029/1426 1812/2029/1440 1811/2025/1439
f 1771/2043/1433 1772/2045/1434 1820/2045/1448 1819/2043/1447
f 1764/2029/1426 1765/2031/1427 1813/2031/1441 1812/2029/1440
f 1772/2045/1434 1773/2047/1435 1821/2047/1449 1820/2045/1448
f 1765/2031/1427 1766/2033/1428 1814/2033/1442 1813/2031/1441
f 1773/2047/1435 1774/2049/1436 1822/2049/1450 1821/2047/1449
f 1766/2033/1428 1767/2035/1429 1815/2035/1443 1814/2033/1442
f 1774/2049/1436 1775/2051/1437 1823/2051/1451 1822/2049/1450
f 1767/2035/1429 1768/2037/1430 1816/2037/1444 1815/2035/1443
f 1775/2051/1437 1776/1989/1404 1824/1989/1407 1823/2051/1451
f 1768/2037/1430 1769/2039/1431 1817/2039/1445 1816/2037/1444
f 1840/1989/1452 1872/1989/1453 1873/1990/1454 1841/1990/1455
f 1857/1991/1408 1842/1994/1409 1778/1993/1409 1793/1992/1408
f 1856/1995/1410 1857/1991/1408 1793/1992/1408 1792/1996/1410
f 1855/1997/1411 1856/1995/1410 1792/1996/1410 1791/1998/1411
f 1854/1999/1412 1855/1997/1411 1791/1998/1411 1790/2000/1412
f 1853/2001/1413 1854/1999/1412 1790/2000/1412 1789/2002/1413
f 1852/2003/1414 1853/2001/1413 1789/2002/1413 1788/2004/1414
f 1851/2005/1415 1852/2003/1414 1788/2004/1414 1787/2006/1415
f 1850/2007/1416 1851/2005/1415 1787/2006/1415 1786/2008/1416
f 1849/2009/1417 1850/2007/1416 1786/2008/1416 1785/2010/1417
f 1848/2011/1418 1849/2009/1417 1785/2010/1417 1784/2012/1418
f 1847/2013/1419 1848/2011/1418 1784/2012/1418 1783/2014/1419
f 1846/2015/1420 1847/2013/1419 1783/2014/1419 1782/2016/1420
f 1845/2017/1421 1846/2015/1420 1782/2016/1420 1781/2018/1421
f 1844/2019/1422 1845/2017/1421 1781/2018/1421 1780/2020/1422
f 1843/2021/1423 1844/2019/1422 1780/2020/1422 1779/2022/1423
f 1842/2023/1409 1843/2021/1423 1779/2022/1423 1778/2024/1409
f 1827/2025/1456 1843/2028/45 1842/2027/45 1826/2026/1457
f 1828/2029/1458 1844/2030/45 1843/2028/45 1827/2025/1456
f 1829/2031/1459 1845/2032/45 1844/2030/45 1828/2029/1458
f 1830/2033/1460 1846/2034/45 1845/2032/45 1829/2031/1459
f 1831/2035/1461 1847/2036/45 1846/2034/45 1830/2033/1460
f 1832/2037/1462 1848/2038/45 1847/2036/45 1831/2035/1461
f 1833/2039/1463 1849/2040/45 1848/2038/45 1832/2037/1462
f 1834/2041/1464 1850/2042/45 1849/2040/45 1833/2039/1463
f 1835/2043/1465 1851/2044/45 1850/2042/45 1834/2041/1464
f 1836/2045/1466 1852/2046/45 1851/2044/45 1835/2043/1465
f 1837/2047/1467 1853/2048/45 1852/2046/45 1836/2045/1466
f 1838/2049/1468 1854/2050/45 1853/2048/45 1837/2047/1467
f 1839/2051/1469 1855/2052/45 1854/2050/45 1838/2049/1468
f 1840/1989/1452 1856/2053/45 1855/2052/45 1839/2051/1469
f 1841/1990/1455 1857/2054/45 1856/2053/45 1840/1989/1452
f 1826/2026/1457 1842/2027/45 1857/2054/45 1841/1990/1455
f 1858/2026/1470 1873/1990/1454 1872/1989/1453 1871/2051/1471 1870/2049/1472 1869/2047/1473 1868/2045/1474 1867/2043/1475 1866/2041/1476 1865/2039/1477 1864/2037/1478 1863/2035/1479 1862/2033/1480 1861/2031/1481 1860/2029/1482 1859/2025/1483
f 1833/2039/1463 1865/2039/1477 1866/2041/1476 1834/2041/1464
f 1826/2026/1457 1858/2026/1470 1859/2025/1483 1827/2025/1456
f 1841/1990/1455 1873/1990/1454 1858/2026/1470 1826/2026/1457
f 1834/2041/1464 1866/2041/1476 1867/2043/1475 1835/2043/1465
f 1827/2025/1456 1859/2025/1483 1860/2029/1482 1828/2029/1458
f 1835/2043/1465 1867/2043/1475 1868/2045/1474 1836/2045/1466
f 1828/2029/1458 1860/2029/1482 1861/2031/1481 1829/2031/1459
f 1836/2045/1466 1868/2045/1474 1869/2047/1473 1837/2047/1467
f 1829/2031/1459 1861/2031/1481 1862/2033/1480 1830/2033/1460
f 1837/2047/1467 1869/2047/1473 1870/2049/1472 1838/2049/1468
f 1830/2033/1460 1862/2033/1480 1863/2035/1479 1831/2035/1461
f 1838/2049/1468 1870/2049/1472 1871/2051/1471 1839/2051/1469
f 1831/2035/1461 1863/2035/1479 1864/2037/1478 1832/2037/1462
f 1839/2051/1469 1871/2051/1471 1872/1989/1453 1840/1989/1452
f 1832/2037/1462 1864/2037/1478 1865/2039/1477 1833/2039/1463
f 1888/1989/1328 1889/1990/1329 1937/1990/1330 1936/1989/1331
f 1921/1991/1332 1905/1992/1332 1890/1993/67 1906/1994/67
f 1920/1995/1333 1904/1996/1333 1905/1992/1332 1921/1991/1332
f 1919/1997/1334 1903/1998/1334 1904/1996/1333 1920/1995/1333
f 1918/1999/29 1902/2000/29 1903/1998/1334 1919/1997/1334
f 1917/2001/1335 1901/2002/1335 1902/2000/29 1918/1999/29
f 1916/2003/1336 1900/2004/1336 1901/2002/1335 1917/2001/1335
f 1915/2005/1337 1899/2006/1337 1900/2004/1336 1916/2003/1336
f 1914/2007/58 1898/2008/58 1899/2006/1337 1915/2005/1337
f 1913/2009/1338 1897/2010/1338 1898/2008/58 1914/2007/58
f 1912/2011/1339 1896/2012/1339 1897/2010/1338 1913/2009/1338
f 1911/2013/1340 1895/2014/1340 1896/2012/1339 1912/2011/1339
f 1910/2015/1007 1894/2016/1007 1895/2014/1340 1911/2013/1340
f 1909/2017/1341 1893/2018/1341 1894/2016/1007 1910/2015/1007
f 1908/2019/1342 1892/2020/1342 1893/2018/1341 1909/2017/1341
f 1907/2021/1343 1891/2022/1343 1892/2020/1342 1908/2019/1342
f 1906/2023/67 1890/2024/67 1891/2022/1343 1907/2021/1343
f 1875/2025/1344 1874/2026/1345 1906/2027/42 1907/2028/42
f 1876/2029/1346 1875/2025/1344 1907/2028/42 1908/2030/42
f 1877/2031/1347 1876/2029/1346 1908/2030/42 1909/2032/42
f 1878/2033/1348 1877/2031/1347 1909/2032/42 1910/2034/42
f 1879/2035/1349 1878/2033/1348 1910/2034/42 1911/2036/42
f 1880/2037/1350 1879/2035/1349 1911/2036/42 1912/2038/42
f 1881/2039/1351 1880/2037/1350 1912/2038/42 1913/2040/42
f 1882/2041/1352 1881/2039/1351 1913/2040/42 1914/2042/42
f 1883/2043/1353 1882/2041/1352 1914/2042/42 1915/2044/42
f 1884/2045/1354 1883/2043/1353 1915/2044/42 1916/2046/42
f 1885/2047/1355 1884/2045/1354 1916/2046/42 1917/2048/42
f 1886/2049/1484 1885/2047/1355 1917/2048/42 1918/2050/42
f 1887/2051/1357 1886/2049/1484 1918/2050/42 1919/2052/42
f 1888/1989/1328 1887/2051/1357 1919/2052/42 1920/2053/42
f 1889/1990/1329 1888/1989/1328 1920/2053/42 1921/2054/42
f 1874/2026/1345 1889/1990/1329 1921/2054/42 1906/2027/42
f 1922/2026/1358 1923/2025/1359 1924/2029/1360 1925/2031/1361 1926/2033/1362 1927/2035/1363 1928/2037/1364 1929/2039/1365 1930/2041/1366 1931/2043/1367 1932/2045/1368 1933/2047/1369 1934/2049/1370 1935/2051/1371 1936/1989/1331 1937/1990/1330
f 1881/2039/1351 1882/2041/1352 1930/2041/1366 1929/2039/1365
f 1874/2026/1345 1875/2025/1344 1923/2025/1359 1922/2026/1358
f 1889/1990/1329 1874/2026/1345 1922/2026/1358 1937/1990/1330
f 1882/2041/1352 1883/2043/1353 1931/2043/1367 1930/2041/1366
f 1875/2025/1344 1876/2029/1346 1924/2029/1360 1923/2025/1359
f 1883/2043/1353 1884/2045/1354 1932/2045/1368 1931/2043/1367
f 1876/2029/1346 1877/2031/1347 1925/2031/1361 1924/2029/1360
f 1884/2045/1354 1885/2047/1355 1933/2047/1369 1932/2045/1368
f 1877/2031/1347 1878/2033/1348 1926/2033/1362 1925/2031/1361
f 1885/2047/1355 1886/2049/1484 1934/2049/1370 1933/2047/1369
f 1878/2033/1348 1879/2035/1349 1927/2035/1363 1926/2033/1362
f 1886/2049/1484 1887/2051/1357 1935/2051/1371 1934/2049/1370
f 1879/2035/1349 1880/2037/1350 1928/2037/1364 1927/2035/1363
f 1887/2051/1357 1888/1989/1328 1936/1989/1331 1935/2051/1371
f 1880/2037/1350 1881/2039/1351 1929/2039/1365 1928/2037/1364
f 1952/1989/1372 1984/1989/1373 1985/1990/1374 1953/1990/1375
f 1969/1991/1332 1954/1994/67 1890/1993/67 1905/1992/1332
f 1968/1995/1333 1969/1991/1332 1905/1992/1332 1904/1996/1333
f 1967/1997/1334 1968/1995/1333 1904/1996/1333 1903/1998/1334
f 1966/1999/29 1967/1997/1334 1903/1998/1334 1902/2000/29
f 1965/2001/1335 1966/1999/29 1902/2000/29 1901/2002/1335
f 1964/2003/1336 1965/2001/1335 1901/2002/1335 1900/2004/1336
f 1963/2005/1337 1964/2003/1336 1900/2004/1336 1899/2006/1337
f 1962/2007/58 1963/2005/1337 1899/2006/1337 1898/2008/58
f 1961/2009/1338 1962/2007/58 1898/2008/58 1897/2010/1338
f 1960/2011/1339 1961/2009/1338 1897/2010/1338 1896/2012/1339
f 1959/2013/1340 1960/2011/1339 1896/2012/1339 1895/2014/1340
f 1958/2015/1007 1959/2013/1340 1895/2014/1340 1894/2016/1007
f 1957/2017/1341 1958/2015/1007 1894/2016/1007 1893/2018/1341
f 1956/2019/1342 1957/2017/1341 1893/2018/1341 1892/2020/1342
f 1955/2021/1343 1956/2019/1342 1892/2020/1342 1891/2022/1343
f 1954/2023/67 1955/2021/1343 1891/2022/1343 1890/2024/67
f 1939/2025/1376 1955/2028/45 1954/2027/45 1938/2026/1377
f 1940/2029/1378 1956/2030/45 1955/2028/45 1939/2025/1376
f 1941/2031/1379 1957/2032/45 1956/2030/45 1940/2029/1378
f 1942/2033/1485 1958/2034/45 1957/2032/45 1941/2031/1379
f 1943/2035/1381 1959/2036/45 1958/2034/45 1942/2033/1485
f 1944/2037/1382 1960/2038/45 1959/2036/45 1943/2035/1381
f 1945/2039/1383 1961/2040/45 1960/2038/45 1944/2037/1382
f 1946/2041/1384 1962/2042/45 1961/2040/45 1945/2039/1383
f 1947/2043/1385 1963/2044/45 1962/2042/45 1946/2041/1384
f 1948/2045/1386 1964/2046/45 1963/2044/45 1947/2043/1385
f 1949/2047/1387 1965/2048/45 1964/2046/45 1948/2045/1386
f 1950/2049/1388 1966/2050/45 1965/2048/45 1949/2047/1387
f 1951/2051/1389 1967/2052/45 1966/2050/45 1950/2049/1388
f 1952/1989/1372 1968/2053/45 1967/2052/45 1951/2051/1389
f 1953/1990/1375 1969/2054/45 1968/2053/45 1952/1989/1372
f 1938/2026/1377 1954/2027/45 1969/2054/45 1953/1990/1375
f 1970/2026/1390 1985/1990/1374 1984/1989/1373 1983/2051/1391 1982/2049/1392 1981/2047/1393 1980/2045/1394 1979/2043/1395 1978/2041/1396 1977/2039/1397 1976/2037/1398 1975/2035/1399 1974/2033/1400 1973/2031/1401 1972/2029/1402 1971/2025/1403
f 1945/2039/1383 1977/2039/1397 1978/2041/1396 1946/2041/1384
f 1938/2026/1377 1970/2026/1390 1971/2025/1403 1939/2025/1376
f 1953/1990/1375 1985/1990/1374 1970/2026/1390 1938/2026/1377
f 1946/2041/1384 1978/2041/1396 1979/2043/1395 1947/2043/1385
f 1939/2025/1376 1971/2025/1403 1972/2029/1402 1940/2029/1378
f 1947/2043/1385 1979/2043/1395 1980/2045/1394 1948/2045/1386
f 1940/2029/1378 1972/2029/1402 1973/2031/1401 1941/2031/1379
f 1948/2045/1386 1980/2045/1394 1981/2047/1393 1949/2047/1387
f 1941/2031/1379 1973/2031/1401 1974/2033/1400 1942/2033/1485
f 1949/2047/1387 1981/2047/1393 1982/2049/1392 1950/2049/1388
f 1942/2033/1485 1974/2033/1400 1975/2035/1399 1943/2035/1381
f 1950/2049/1388 1982/2049/1392 1983/2051/1391 1951/2051/1389
f 1943/2035/1381 1975/2035/1399 1976/2037/1398 1944/2037/1382
f 1951/2051/1389 1983/2051/1391 1984/1989/1373 1952/1989/1372
f 1944/2037/1382 1976/2037/1398 1977/2039/1397 1945/2039/1383
f 2000/1989/1328 2001/1990/1329 2049/1990/1330 2048/1989/1331
f 2033/1991/1332 2017/1992/1332 2002/1993/67 2018/1994/67
f 2032/1995/1333 2016/1996/1333 2017/1992/1332 2033/1991/1332
f 2031/1997/1334 2015/1998/1334 2016/1996/1333 2032/1995/1333
f 2030/1999/29 2014/2000/29 2015/1998/1334 2031/1997/1334
f 2029/2001/1335 2013/2002/1335 2014/2000/29 2030/1999/29
f 2028/2003/1336 2012/2004/1336 2013/2002/1335 2029/2001/1335
f 2027/2005/1337 2011/2006/1337 2012/2004/1336 2028/2003/1336
f 2026/2007/58 2010/2008/58 2011/2006/1337 2027/2005/1337
f 2025/2009/1338 2009/2010/1338 2010/2008/58 2026/2007/58
f 2024/2011/1339 2008/2012/1339 2009/2010/1338 2025/2009/1338
f 2023/2013/1340 2007/2014/1340 2008/2012/1339 2024/2011/1339
f 2022/2015/1007 2006/2016/1007 2007/2014/1340 2023/2013/1340
f 2021/2017/1341 2005/2018/1341 2006/2016/1007 2022/2015/1007
f 2020/2019/1342 2004/2020/1342 2005/2018/1341 2021/2017/1341
f 2019/2021/1343 2003/2022/1343 2004/2020/1342 2020/2019/1342
f 2018/2023/67 2002/2024/67 2003/2022/1343 2019/2021/1343
f 1987/2025/1344 1986/2026/1345 2018/2027/42 2019/2028/42
f 1988/2029/1346 1987/2025/1344 2019/2028/42 2020/2030/42
f 1989/2031/1347 1988/2029/1346 2020/2030/42 2021/2032/42
f 1990/2033/1348 1989/2031/1347 2021/2032/42 2022/2034/42
f 1991/2035/1349 1990/2033/1348 2022/2034/42 2023/2036/42
f 1992/2037/1350 1991/2035/1349 2023/2036/42 2024/2038/42
f 1993/2039/1351 1992/2037/1350 2024/2038/42 2025/2040/42
f 1994/2041/1352 1993/2039/1351 2025/2040/42 2026/2042/42
f 1995/2043/1353 1994/2041/1352 2026/2042/42 2027/2044/42
f 1996/2045/1354 1995/2043/1353 2027/2044/42 2028/2046/42
f 1997/2047/1355 1996/2045/1354 2028/2046/42 2029/2048/42
f 1998/2049/1484 1997/2047/1355 2029/2048/42 2030/2050/42
f 1999/2051/1357 1998/2049/1484 2030/2050/42 2031/2052/42
f 2000/1989/1328 1999/2051/1357 2031/2052/42 2032/2053/42
f 2001/1990/1329 2000/1989/1328 2032/2053/42 2033/2054/42
f 1986/2026/1345 2001/1990/1329 2033/2054/42 2018/2027/42
f 2034/2026/1358 2035/2025/1359 2036/2029/1360 2037/2031/1361 2038/2033/1362 2039/2035/1363 2040/2037/1364 2041/2039/1365 2042/2041/1366 2043/2043/1367 2044/2045/1368 2045/2047/1369 2046/2049/1370 2047/2051/1371 2048/1989/1331 2049/1990/1330
f 1993/2039/1351 1994/2041/1352 2042/2041/1366 2041/2039/1365
f 1986/2026/1345 1987/2025/1344 2035/2025/1359 2034/2026/1358
f 2001/1990/1329 1986/2026/1345 2034/2026/1358 2049/1990/1330
f 1994/2041/1352 1995/2043/1353 2043/2043/1367 2042/2041/1366
f 1987/2025/1344 1988/2029/1346 2036/2029/1360 2035/2025/1359
f 1995/2043/1353 1996/2045/1354 2044/2045/1368 2043/2043/1367
f 1988/2029/1346 1989/2031/1347 2037/2031/1361 2036/2029/1360
f 1996/2045/1354 1997/2047/1355 2045/2047/1369 2044/2045/1368
f 1989/2031/1347 1990/2033/1348 2038/2033/1362 2037/2031/1361
f 1997/2047/1355 1998/2049/1484 2046/2049/1370 2045/2047/1369
f 1990/2033/1348 1991/2035/1349 2039/2035/1363 2038/2033/1362
f 1998/2049/1484 1999/2051/1357 2047/2051/1371 2046/2049/1370
f 1991/2035/1349 1992/2037/1350 2040/2037/1364 2039/2035/1363
f 1999/2051/1357 2000/1989/1328 2048/1989/1331 2047/2051/1371
f 1992/2037/1350 1993/2039/1351 2041/2039/1365 2040/2037/1364
f 2064/1989/1372 2096/1989/1373 2097/1990/1374 2065/1990/1375
f 2081/1991/1332 2066/1994/67 2002/1993/67 2017/1992/1332
f 2080/1995/1333 2081/1991/1332 2017/1992/1332 2016/1996/1333
f 2079/1997/1334 2080/1995/1333 2016/1996/1333 2015/1998/1334
f 2078/1999/29 2079/1997/1334 2015/1998/1334 2014/2000/29
f 2077/2001/1335 2078/1999/29 2014/2000/29 2013/2002/1335
f 2076/2003/1336 2077/2001/1335 2013/2002/1335 2012/2004/1336
f 2075/2005/1337 2076/2003/1336 2012/2004/1336 2011/2006/1337
f 2074/2007/58 2075/2005/1337 2011/2006/1337 2010/2008/58
f 2073/2009/1338 2074/2007/58 2010/2008/58 2009/2010/1338
f 2072/2011/1339 2073/2009/1338 2009/2010/1338 2008/2012/1339
f 2071/2013/1340 2072/2011/1339 2008/2012/1339 2007/2014/1340
f 2070/2015/1007 2071/2013/1340 2007/2014/1340 2006/2016/1007
f 2069/2017/1341 2070/2015/1007 2006/2016/1007 2005/2018/1341
f 2068/2019/1342 2069/2017/1341 2005/2018/1341 2004/2020/1342
f 2067/2021/1343 2068/2019/1342 2004/2020/1342 2003/2022/1343
f 2066/2023/67 2067/2021/1343 2003/2022/1343 2002/2024/67
f 2051/2025/1376 2067/2028/45 2066/2027/45 2050/2026/1377
f 2052/2029/1378 2068/2030/45 2067/2028/45 2051/2025/1376
f 2053/2031/1379 2069/2032/45 2068/2030/45 2052/2029/1378
f 2054/2033/1380 2070/2034/45 2069/2032/45 2053/2031/1379
f 2055/2035/1381 2071/2036/45 2070/2034/45 2054/2033/1380
f 2056/2037/1382 2072/2038/45 2071/2036/45 2055/2035/1381
f 2057/2039/1383 2073/2040/45 2072/2038/45 2056/2037/1382
f 2058/2041/1384 2074/2042/45 2073/2040/45 2057/2039/1383
f 2059/2043/1385 2075/2044/45 2074/2042/45 2058/2041/1384
f 2060/2045/1386 2076/2046/45 2075/2044/45 2059/2043/1385
f 2061/2047/1387 2077/2048/45 2076/2046/45 2060/2045/1386
f 2062/2049/1388 2078/2050/45 2077/2048/45 2061/2047/1387
f 2063/2051/1389 2079/2052/45 2078/2050/45 2062/2049/1388
f 2064/1989/1372 2080/2053/45 2079/2052/45 2063/2051/1389
f 2065/1990/1375 2081/2054/45 2080/2053/45 2064/1989/1372
f 2050/2026/1377 2066/2027/45 2081/2054/45 2065/1990/1375
f 2082/2026/1390 2097/1990/1374 2096/1989/1373 2095/2051/1391 2094/2049/1392 2093/2047/1393 2092/2045/1394 2091/2043/1395 2090/2041/1396 2089/2039/1397 2088/2037/1398 2087/2035/1399 2086/2033/1400 2085/2031/1401 2084/2029/1402 2083/2025/1403
f 2057/2039/1383 2089/2039/1397 2090/2041/1396 2058/2041/1384
f 2050/2026/1377 2082/2026/1390 2083/2025/1403 2051/2025/1376
f 2065/1990/1375 2097/1990/1374 2082/2026/1390 2050/2026/1377
f 2058/2041/1384 2090/2041/1396 2091/2043/1395 2059/2043/1385
f 2051/2025/1376 2083/2025/1403 2084/2029/1402 2052/2029/1378
f 2059/2043/1385 2091/2043/1395 2092/2045/1394 2060/2045/1386
f 2052/2029/1378 2084/2029/1402 2085/2031/1401 2053/2031/1379
f 2060/2045/1386 2092/2045/1394 2093/2047/1393 2061/2047/1387
f 2053/2031/1379 2085/2031/1401 2086/2033/1400 2054/2033/1380
f 2061/2047/1387 2093/2047/1393 2094/2049/1392 2062/2049/1388
f 2054/2033/1380 2086/2033/1400 2087/2035/1399 2055/2035/1381
f 2062/2049/1388 2094/2049/1392 2095/2051/1391 2063/2051/1389
f 2055/2035/1381 2087/2035/1399 2088/2037/1398 2056/2037/1382
f 2063/2051/1389 2095/2051/1391 2096/1989/1373 2064/1989/1372
f 2056/2037/1382 2088/2037/1398 2089/2039/1397 2057/2039/1383
usemtl ClearGlass
f 1082/1518/1068 1083/1519/1068 1085/1520/1069 1084/1521/1069
f 1084/1521/1069 1085/1520/1069 1087/1522/1070 1086/1523/1070
f 1086/1523/1070 1087/1522/1070 1089/1524/1071 1088/1525/1071
f 1088/1525/1071 1089/1524/1071 1091/1526/1072 1090/1527/1072
f 1090/1528/1072 1091/1529/1072 1093/1530/1073 1092/1531/1073
f 1092/1531/1073 1093/1530/1073 1095/1532/1074 1094/1533/1074
f 1094/1533/1074 1095/1532/1074 1097/1534/1075 1096/1535/1075
f 1096/1535/1075 1097/1534/1075 1099/1536/1076 1098/1537/1076
f 1098/1537/1076 1099/1536/1076 1101/1538/1077 1100/1539/1077
f 1100/1539/1077 1101/1538/1077 1103/1540/1078 1102/1541/1078
f 1102/1541/1078 1103/1540/1078 1105/1542/1079 1104/1543/1079
f 1104/1543/1079 1105/1542/1079 1107/1544/1080 1106/1545/1080
f 1106/1546/1080 1107/1547/1080 1109/1548/1081 1108/1549/1081
f 1108/1549/1081 1109/1548/1081 1111/1550/1082 1110/1551/1082
f 1110/1551/1082 1111/1550/1082 1113/1552/1083 1112/1553/1083
f 1112/1553/1083 1113/1552/1083 1115/1554/1084 1114/1555/1084
f 1114/1555/1084 1115/1554/1084 1117/1556/1085 1116/1557/1085
f 1116/1557/1085 1117/1556/1085 1119/1558/1086 1118/1559/1086
f 1118/1559/1086 1119/1558/1086 1121/1560/1087 1120/1561/1087
f 1120/1561/1087 1121/1560/1087 1123/1562/1088 1122/1563/1088
f 1122/1564/1088 1123/1565/1088 1125/1566/1089 1124/1567/1089
f 1124/1567/1089 1125/1566/1089 1127/1568/1090 1126/1569/1090
f 1126/1569/1090 1127/1568/1090 1129/1570/1091 1128/1571/1091
f 1128/1571/1091 1129/1570/1091 1131/1572/1092 1130/1573/1092
f 1130/1573/1092 1131/1572/1092 1133/1574/1093 1132/1575/1093
f 1132/1575/1093 1133/1574/1093 1135/1576/1094 1134/1577/1094
f 1134/1577/1094 1135/1576/1094 1137/1578/1095 1136/1579/1095
f 1136/1579/1095 1137/1578/1095 1139/1580/1096 1138/1581/1096
f 1138/1582/1096 1139/1583/1096 1141/1584/1097 1140/1585/1097
f 1140/1585/1097 1141/1584/1097 1143/1586/1098 1142/1587/1098
f 1085/1588/29 1083/1589/29 1145/1590/29 1143/1591/29 1141/1592/29 1139/1593/29 1137/1594/29 1135/1595/29 1133/1596/29 1131/1597/29 1129/1598/29 1127/1599/29 1125/1600/29 1123/1601/29 1121/1602/29 1119/1603/29 1117/1604/29 1115/1605/29 1113/1606/29 1111/1607/29 1109/1608/29 1107/1609/29 1105/1610/29 1103/1611/29 1101/1612/29 1099/1613/29 1097/1614/29 1095/1615/29 1093/1616/29 1091/1617/29 1089/1618/29 1087/1619/29
f 1142/1587/1098 1143/1586/1098 1145/1620/1099 1144/1621/1099
f 1144/1621/1099 1145/1620/1099 1083/1519/1068 1082/1518/1068
